listing_id,tower_number,transaction_date,unit_category,unit_number,floor_area_sqft,sale_price,listing_status,client_ref,transaction_date_parsed,sale_price_num,price_per_sqft
1012,1,01-01-2024,Apartment,12,1160.36,"$300,385.62",Sold,C0027,01-01-2024,300385.62,258.8727809
1015,1,01-01-2024,Apartment,15,782.25,"$208,930.81",Sold,C0097,01-01-2024,208930.81,267.0895622
1021,1,01-01-2024,Apartment,21,756.21,"$218,585.92",Sold,C0113,01-01-2024,218585.92,289.0545219
1030,1,01-01-2024,Apartment,30,743.09,"$246,172.68",Sold,C0141,01-01-2024,246172.68,331.2824557
2016,2,01-01-2024,Apartment,16,701.66,"$212,265.67",Sold,C0146,01-01-2024,212265.67,302.5192686
2018,2,01-01-2024,Apartment,18,927.83,"$275,394.25",Sold,C0023,01-01-2024,275394.25,296.8154188
2029,2,01-01-2024,Apartment,29,1109.25,"$310,223.29",Sold,C0040,01-01-2024,310223.29,279.6694073
3006,3,01-01-2024,Apartment,6,1132.06,"$356,506.37",Sold,C0007,01-01-2024,356506.37,314.918264
3026,3,01-01-2024,Apartment,26,670.89,"$212,520.83",Sold,C0082,01-01-2024,212520.83,316.7744787
3031,3,01-01-2024,Apartment,31,1596.35,"$407,214.29",Sold,C0038,01-01-2024,407214.29,255.0908573
3035,3,01-01-2024,Apartment,35,781.07,"$269,278.57",Sold,C0107,01-01-2024,269278.57,344.7560014
4039,4,01-01-2024,Apartment,39,785.48,"$216,826.00",Available,,01-01-2024,216826,276.0426745
5015,5,01-01-2024,Apartment,15,798.5,"$237,680.88",Available,,01-01-2024,237680.88,297.659211
5033,5,01-01-2024,Apartment,33,798.28,"$240,539.35",Sold,C0049,01-01-2024,240539.35,301.3220299
5046,5,01-01-2024,Apartment,46,798.28,"$230,216.22",Sold,C0161,01-01-2024,230216.22,288.3903142
10005,1,01-01-2024,Apartment,1,748.06,"$222,435.93",Sold,C0396,01-01-2024,222435.93,297.3503863
10012,1,01-01-2024,Apartment,2,715.67,"$199,315.51",Sold,C1809,01-01-2024,199315.51,278.5019772
10021,1,01-01-2024,Apartment,3,788.73,"$285,972.38",Sold,C1508,01-01-2024,285972.38,362.5732253
10032,1,01-01-2024,Apartment,4,633.61,"$179,987.43",Sold,C1572,01-01-2024,179987.43,284.0665867
10035,1,01-01-2024,Apartment,4,633.61,"$166,623.12",Available,,01-01-2024,166623.12,262.9742586
10052,1,01-01-2024,Apartment,6,740.75,"$233,361.41",Available,,01-01-2024,233361.41,315.0339656
10105,1,01-01-2024,Office,13,719.47,"$211,336.04",Sold,C0628,01-01-2024,211336.04,293.738502
10108,1,01-01-2024,Apartment,14,1181.69,"$347,613.48",Sold,C0674,01-01-2024,347613.48,294.1663888
10155,1,01-01-2024,Apartment,20,1146.24,"$336,600.53",Sold,C0909,01-01-2024,336600.53,293.6562413
10168,1,01-01-2024,Apartment,21,1957.16,"$487,767.54",Sold,C0732,01-01-2024,487767.54,249.2221075
10179,1,01-01-2024,Office,22,740.83,"$232,423.05",Sold,C1956,01-01-2024,232423.05,313.7333126
10184,1,01-01-2024,Apartment,23,1201.5,"$322,459.21",Sold,C0760,01-01-2024,322459.21,268.3805327
10186,1,01-01-2024,Office,23,1201.5,"$399,122.68",Available,,01-01-2024,399122.68,332.1869996
10199,1,01-01-2024,Apartment,24,1146.11,"$328,475.64",Sold,C0661,01-01-2024,328475.64,286.6004485
10208,1,01-01-2024,Office,24,1146.11,"$347,062.19",Sold,C1813,01-01-2024,347062.19,302.8175219
10220,1,01-01-2024,Apartment,25,1154.92,"$372,242.47",Sold,C0431,01-01-2024,372242.47,322.3101773
10222,1,01-01-2024,Apartment,25,1154.92,"$384,462.57",Sold,C0054,01-01-2024,384462.57,332.8910834
10264,1,01-01-2024,Apartment,29,757.2,"$237,620.45",Sold,C1363,01-01-2024,237620.45,313.8146461
10284,1,01-01-2024,Apartment,30,753.29,"$261,991.10",Available,,01-01-2024,261991.1,347.7958024
10297,1,01-01-2024,Apartment,31,619.78,"$231,461.08",Sold,C1547,01-01-2024,231461.08,373.4568395
10333,1,01-01-2024,Apartment,35,1168.59,"$339,117.71",Sold,C0442,01-01-2024,339117.71,290.1939175
10335,1,01-01-2024,Apartment,36,613.59,"$165,522.54",Available,,01-01-2024,165522.54,269.7608175
20016,2,01-01-2024,Apartment,2,788.72,"$251,478.61",Sold,C1969,01-01-2024,251478.61,318.8439624
20040,2,01-01-2024,Apartment,4,1281.85,"$392,174.20",Available,,01-01-2024,392174.2,305.9439092
20061,2,01-01-2024,Apartment,8,715.54,"$188,979.30",Sold,C0429,01-01-2024,188979.3,264.1072477
20064,2,01-01-2024,Apartment,8,715.54,"$212,960.69",Sold,C1841,01-01-2024,212960.69,297.6223412
20067,2,01-01-2024,Apartment,8,715.54,"$184,000.39",Sold,C0116,01-01-2024,184000.39,257.1489924
20076,2,01-01-2024,Apartment,9,584.19,"$194,033.05",Sold,C1634,01-01-2024,194033.05,332.1403139
20079,2,01-01-2024,Apartment,9,584.19,"$184,956.85",Sold,C1632,01-01-2024,184956.85,316.6039302
20086,2,01-01-2024,Office,10,788.79,"$274,454.31",Available,,01-01-2024,274454.31,347.943445
20087,2,01-01-2024,Office,10,788.79,"$227,511.01",Sold,C1189,01-01-2024,227511.01,288.4303934
20100,2,01-01-2024,Apartment,11,1625.05,"$523,288.27",Sold,C0962,01-01-2024,523288.27,322.0136427
20102,2,01-01-2024,Apartment,11,1625.05,"$507,842.87",Sold,C0040,01-01-2024,507842.87,312.5090736
20143,2,01-01-2024,Apartment,17,1397.4,"$418,864.27",Sold,C0102,01-01-2024,418864.27,299.7454344
20174,2,01-01-2024,Apartment,20,727.55,"$223,964.08",Sold,C1168,01-01-2024,223964.08,307.8332486
20225,2,01-01-2024,Apartment,25,943.48,"$313,123.78",Sold,C1924,01-01-2024,313123.78,331.8817357
20231,2,01-01-2024,Apartment,26,1577.79,"$465,488.76",Sold,C1908,01-01-2024,465488.76,295.0258019
20232,2,01-01-2024,Apartment,26,1577.79,"$483,760.31",Sold,C0502,01-01-2024,483760.31,306.6062721
20234,2,01-01-2024,Apartment,26,1577.79,"$496,217.67",Sold,C1860,01-01-2024,496217.67,314.5017208
20250,2,01-01-2024,Apartment,28,650.67,"$201,554.99",Sold,C0533,01-01-2024,201554.99,309.7653035
20256,2,01-01-2024,Apartment,29,1107.33,"$362,974.97",Sold,C0791,01-01-2024,362974.97,327.7929524
20282,2,01-01-2024,Apartment,33,931.4,"$340,373.72",Sold,C0738,01-01-2024,340373.72,365.4431179
20286,2,01-01-2024,Apartment,33,931.4,"$344,306.60",Sold,C0173,01-01-2024,344306.6,369.6656646
20367,2,01-01-2024,Apartment,43,1118.94,"$337,252.59",Available,,01-01-2024,337252.59,301.4036409
20368,2,01-01-2024,Apartment,43,1118.94,"$311,723.42",Sold,C1310,01-01-2024,311723.42,278.5881459
20384,2,01-01-2024,Apartment,46,697.74,"$191,398.42",Sold,C1996,01-01-2024,191398.42,274.31195
20392,2,01-01-2024,Apartment,46,697.74,"$221,686.72",Available,,01-01-2024,221686.72,317.7210995
20421,2,01-01-2024,Apartment,47,708.32,"$199,377.29",Sold,C1839,01-01-2024,199377.29,281.4791196
20428,2,01-01-2024,Apartment,49,1617.9,"$485,657.59",Sold,C0427,01-01-2024,485657.59,300.1777551
20433,2,01-01-2024,Office,50,1604.8,"$535,383.27",Available,,01-01-2024,535383.27,333.6137026
20484,2,01-01-2024,Apartment,56,722.22,"$197,039.82",Sold,C0046,01-01-2024,197039.82,272.8252056
30016,3,01-01-2024,Apartment,1,689.75,"$231,937.37",Sold,C0374,01-01-2024,231937.37,336.2629503
30057,3,01-01-2024,Apartment,6,668.89,"$203,633.01",Sold,C0570,01-01-2024,203633.01,304.4342269
30066,3,01-01-2024,Apartment,7,744.01,"$163,682.20",Available,,01-01-2024,163682.2,220
30088,3,01-01-2024,Apartment,9,1125.84,"$314,372.82",Sold,C1977,01-01-2024,314372.82,279.2340119
30091,3,01-01-2024,Apartment,9,1125.84,"$361,782.84",Sold,C0182,01-01-2024,361782.84,321.3448092
30119,3,01-01-2024,Apartment,10,784.09,"$245,282.25",Sold,C1570,01-01-2024,245282.25,312.8241018
30190,3,01-01-2024,Apartment,20,802.97,"$227,392.48",Sold,C0532,01-01-2024,227392.48,283.1892599
30203,3,01-01-2024,Apartment,21,1122.15,"$375,891.04",Sold,C1932,01-01-2024,375891.04,334.9739696
30214,3,01-01-2024,Apartment,24,776.04,"$237,580.39",Sold,C0866,01-01-2024,237580.39,306.1445157
30223,3,01-01-2024,Apartment,25,765.56,"$208,271.84",Sold,C1802,01-01-2024,208271.84,272.0516223
30238,3,01-01-2024,Apartment,27,1117.14,"$331,813.63",Sold,C0006,01-01-2024,331813.63,297.020633
30257,3,01-01-2024,Apartment,28,679.93,"$199,964.39",Available,,01-01-2024,199964.39,294.095554
30298,3,01-01-2024,Apartment,36,733.45,"$255,632.56",Available,,01-01-2024,255632.56,348.5344059
30344,3,01-01-2024,Office,42,1343.96,"$384,762.61",Sold,C1567,01-01-2024,384762.61,286.2902244
30382,3,01-01-2024,Apartment,47,691.09,"$194,477.80",Sold,C0529,01-01-2024,194477.8,281.407342
30388,3,01-01-2024,Apartment,47,691.09,"$223,528.63",Sold,C1639,01-01-2024,223528.63,323.4435891
30415,3,01-01-2024,Apartment,49,1174.48,"$337,065.29",Sold,C0778,01-01-2024,337065.29,286.9910854
30427,3,01-01-2024,Apartment,49,1174.48,"$376,083.68",Sold,C1001,01-01-2024,376083.68,320.2129283
30439,3,01-01-2024,Apartment,51,693.85,"$221,020.03",Sold,C1698,01-01-2024,221020.03,318.5415147
30471,3,01-01-2024,Apartment,56,1179.42,"$375,142.73",Sold,C1312,01-01-2024,375142.73,318.0739092
30474,3,01-01-2024,Apartment,56,1179.42,"$353,361.50",Sold,C0437,01-01-2024,353361.5,299.6061624
30488,3,01-01-2024,Office,57,1607.94,"$532,909.35",Sold,C1012,01-01-2024,532909.35,331.4236539
30505,3,01-01-2024,Apartment,58,1588.14,"$442,306.09",Sold,C1652,01-01-2024,442306.09,278.50573
30506,3,01-01-2024,Apartment,58,1588.14,"$495,478.74",Sold,C1788,01-01-2024,495478.74,311.9868148
30508,3,01-01-2024,Apartment,59,1353.02,"$353,529.48",Sold,C1379,01-01-2024,353529.48,261.2891753
30511,3,01-01-2024,Apartment,59,1353.02,"$443,089.55",Sold,C1262,01-01-2024,443089.55,327.4818924
40008,4,01-01-2024,Apartment,1,1615.98,"$470,821.82",Sold,C1267,01-01-2024,470821.82,291.353742
40030,4,01-01-2024,Apartment,3,1630.82,"$495,465.48",Sold,C0699,01-01-2024,495465.48,303.8137133
40052,4,01-01-2024,Apartment,5,786.98,"$242,144.72",Sold,C0391,01-01-2024,242144.72,307.6885308
40092,4,01-01-2024,Office,12,789.38,"$253,171.59",Sold,C1972,01-01-2024,253171.59,320.722073
40102,4,01-01-2024,Apartment,13,809.06,"$241,164.92",Sold,C0979,01-01-2024,241164.92,298.0803896
40126,4,01-01-2024,Apartment,15,760.39,"$202,489.60",Sold,C1314,01-01-2024,202489.6,266.2970318
40142,4,01-01-2024,Apartment,17,780.68,"$242,054.22",Available,,01-01-2024,242054.22,310.0556182
40154,4,01-01-2024,Apartment,18,1294.91,"$330,997.32",Sold,C0195,01-01-2024,330997.32,255.6141508
40173,4,01-01-2024,Office,21,801.66,"$256,392.52",Sold,C0912,01-01-2024,256392.52,319.827009
40186,4,01-01-2024,Apartment,23,1110.99,"$363,974.20",Sold,C1488,01-01-2024,363974.2,327.6124898
40255,4,01-01-2024,Apartment,30,1307.35,"$399,943.02",Sold,C1304,01-01-2024,399943.02,305.9188588
40286,4,01-01-2024,Apartment,33,734.73,"$207,033.36",Sold,C1064,01-01-2024,207033.36,281.7815524
40347,4,01-01-2024,Apartment,41,779.87,"$198,773.78",Available,,01-01-2024,198773.78,254.8806596
40376,4,01-01-2024,Apartment,45,1160.48,"$373,889.70",Sold,C0490,01-01-2024,373889.7,322.1853888
40408,4,01-01-2024,Office,46,800.23,"$248,776.66",Sold,C1127,01-01-2024,248776.66,310.8814466
40410,4,01-01-2024,Apartment,47,805.88,"$216,571.38",Sold,C0036,01-01-2024,216571.38,268.7389934
40437,4,01-01-2024,Apartment,51,802.11,"$217,380.34",Sold,C0552,01-01-2024,217380.34,271.0106345
40439,4,01-01-2024,Office,51,802.11,"$232,641.21",Available,,01-01-2024,232641.21,290.0365411
50017,5,01-01-2024,Apartment,4,799.1,"$259,367.12",Sold,C1746,01-01-2024,259367.12,324.5740458
50023,5,01-01-2024,Apartment,4,799.1,"$266,288.33",Sold,C0454,01-01-2024,266288.33,333.2353022
50028,5,01-01-2024,Apartment,6,775.85,"$208,908.94",Available,,01-01-2024,208908.94,269.2646001
50064,5,01-01-2024,Apartment,9,793.56,"$227,070.24",Available,,01-01-2024,227070.24,286.141237
50076,5,01-01-2024,Apartment,10,629.27,"$194,958.35",Sold,C1749,01-01-2024,194958.35,309.8166924
50114,5,01-01-2024,Apartment,14,624.96,"$211,361.79",Sold,C1677,01-01-2024,211361.79,338.2005088
50154,5,01-01-2024,Apartment,20,804.84,"$231,233.66",Available,,01-01-2024,231233.66,287.3038865
50173,5,01-01-2024,Apartment,23,1006.65,"$269,137.96",Sold,C0642,01-01-2024,269137.96,267.3600159
50203,5,01-01-2024,Apartment,27,1278.6,"$366,303.84",Sold,C1862,01-01-2024,366303.84,286.4882215
50204,5,01-01-2024,Apartment,27,1278.6,"$396,653.03",Sold,C0250,01-01-2024,396653.03,310.2244877
50219,5,01-01-2024,Apartment,29,786.28,"$246,088.40",Available,,01-01-2024,246088.4,312.978074
50247,5,01-01-2024,Apartment,32,1051.39,"$340,611.95",Sold,C1967,01-01-2024,340611.95,323.9634674
50249,5,01-01-2024,Apartment,33,1787.13,"$503,642.95",Sold,C1588,01-01-2024,503642.95,281.8166278
50250,5,01-01-2024,Apartment,33,1787.13,"$499,753.60",Sold,C0227,01-01-2024,499753.6,279.6403172
50272,5,01-01-2024,Apartment,36,627.56,"$184,648.29",Available,,01-01-2024,184648.29,294.2320894
50293,5,01-01-2024,Apartment,39,591.14,"$165,812.56",Available,,01-01-2024,165812.56,280.4962615
50314,5,01-01-2024,Apartment,41,630.83,"$168,855.20",Sold,C0999,01-01-2024,168855.2,267.6714804
50330,5,01-01-2024,Apartment,42,791.2,"$212,618.56",Sold,C0290,01-01-2024,212618.56,268.7292214
50357,5,01-01-2024,Apartment,44,806.03,"$237,203.75",Available,,01-01-2024,237203.75,294.286503
50358,5,01-01-2024,Apartment,44,806.03,"$261,814.63",Sold,C0919,01-01-2024,261814.63,324.8199571
50370,5,01-01-2024,Apartment,45,608.89,"$192,992.54",Sold,C0780,01-01-2024,192992.54,316.9579727
60019,6,01-01-2024,Office,1,1720.95,"$580,829.46",Available,,01-01-2024,580829.46,337.5051338
60028,6,01-01-2024,Apartment,3,605.21,"$185,007.22",Sold,C1928,01-01-2024,185007.22,305.6909502
60039,6,01-01-2024,Apartment,4,1925.28,"$514,067.14",Sold,C1274,01-01-2024,514067.14,267.0090273
60054,6,01-01-2024,Apartment,5,1617.43,"$447,068.49",Sold,C0613,01-01-2024,447068.49,276.4067008
60058,6,01-01-2024,Apartment,5,1617.43,"$466,754.91",Available,,01-01-2024,466754.91,288.5781208
60080,6,01-01-2024,Apartment,7,1075.42,"$342,584.50",Available,,01-01-2024,342584.5,318.5587956
60088,6,01-01-2024,Apartment,7,1075.42,"$315,829.36",Sold,C1975,01-01-2024,315829.36,293.6800134
60131,6,01-01-2024,Apartment,10,942.08,"$255,614.83",Sold,C1695,01-01-2024,255614.83,271.3302798
60141,6,01-01-2024,Apartment,12,1678.17,"$455,861.82",Sold,C1710,01-01-2024,455861.82,271.6422174
60164,6,01-01-2024,Apartment,14,1890,"$494,576.31",Sold,C1470,01-01-2024,494576.31,261.6805873
60174,6,01-01-2024,Apartment,15,1392.45,"$407,106.37",Sold,C0715,01-01-2024,407106.37,292.3669575
60204,6,01-01-2024,Apartment,19,1542.71,"$451,237.67",Sold,C0159,01-01-2024,451237.67,292.4967557
60243,6,01-01-2024,Apartment,24,1159.75,"$343,592.86",Sold,C1452,01-01-2024,343592.86,296.2645915
60288,6,01-01-2024,Apartment,32,793.11,"$276,441.24",Sold,C1381,01-01-2024,276441.24,348.5534667
60416,6,01-01-2024,Apartment,50,1579.99,"$530,260.93",Available,,01-01-2024,530260.93,335.6103077
60469,6,01-01-2024,Apartment,55,562.37,"$166,043.13",Available,,01-01-2024,166043.13,295.2560236
70003,7,01-01-2024,Apartment,1,759.04,"$227,804.43",Sold,C1572,01-01-2024,227804.43,300.1217722
70062,7,01-01-2024,Apartment,10,1495.37,"$432,295.29",Sold,C1616,01-01-2024,432295.29,289.0891819
70079,7,01-01-2024,Apartment,12,804.65,"$250,417.22",Available,,01-01-2024,250417.22,311.2126018
70104,7,01-01-2024,Apartment,14,714.65,"$214,564.09",Sold,C0282,01-01-2024,214564.09,300.2366053
70138,7,01-01-2024,Apartment,16,1239.87,"$421,526.61",Sold,C0501,01-01-2024,421526.61,339.9764572
70157,7,01-01-2024,Apartment,19,751.07,"$223,691.45",Sold,C0200,01-01-2024,223691.45,297.830362
70217,7,01-01-2024,Apartment,24,852.99,"$260,906.28",Sold,C1459,01-01-2024,260906.28,305.8726128
70229,7,01-01-2024,Apartment,25,573.8,"$163,464.75",Sold,C0294,01-01-2024,163464.75,284.8810561
70231,7,01-01-2024,Apartment,25,573.8,"$159,778.30",Available,,01-01-2024,159778.3,278.4564308
70241,7,01-01-2024,Apartment,27,768.05,"$238,610.14",Available,,01-01-2024,238610.14,310.6700605
70249,7,01-01-2024,Office,28,694.55,"$222,809.93",Sold,C0950,01-01-2024,222809.93,320.797538
70277,7,01-01-2024,Apartment,32,1910.67,"$625,903.82",Sold,C1122,01-01-2024,625903.82,327.5834236
70361,7,01-01-2024,Apartment,42,702.08,"$190,215.58",Sold,C0179,01-01-2024,190215.58,270.9314893
70364,7,01-01-2024,Apartment,42,702.08,"$230,011.45",Available,,01-01-2024,230011.45,327.6143032
70498,7,01-01-2024,Apartment,58,1629.83,"$450,994.89",Sold,C0962,01-01-2024,450994.89,276.7128412
80028,8,01-01-2024,Apartment,4,1934.75,"$592,274.66",Sold,C0580,01-01-2024,592274.66,306.1246466
80047,8,01-01-2024,Apartment,5,887.23,"$252,418.74",Sold,C1761,01-01-2024,252418.74,284.5020344
80059,8,01-01-2024,Apartment,6,1370.17,"$382,048.18",Sold,C1168,01-01-2024,382048.18,278.832685
80089,8,01-01-2024,Apartment,9,1869.81,"$589,033.68",Sold,C0974,01-01-2024,589033.68,315.0232804
80099,8,01-01-2024,Apartment,12,1430.46,"$365,031.27",Available,,01-01-2024,365031.27,255.184535
80111,8,01-01-2024,Apartment,14,685.93,"$227,037.75",Sold,C1891,01-01-2024,227037.75,330.992594
80124,8,01-01-2024,Apartment,14,685.93,"$182,975.25",Sold,C1764,01-01-2024,182975.25,266.7549896
80147,8,01-01-2024,Office,18,1328.53,"$413,926.08",Sold,C1973,01-01-2024,413926.08,311.56698
80156,8,01-01-2024,Office,20,774.16,"$195,608.73",Sold,C1925,01-01-2024,195608.73,252.6722254
80173,8,01-01-2024,Apartment,23,1114.67,"$355,617.53",Available,,01-01-2024,355617.53,319.0339114
80179,8,01-01-2024,Apartment,25,1833.58,"$521,184.68",Sold,C0173,01-01-2024,521184.68,284.2443089
80188,8,01-01-2024,Apartment,26,1625.38,"$453,762.41",Sold,C0813,01-01-2024,453762.41,279.1731226
80271,8,01-01-2024,Apartment,33,1809.87,"$495,423.92",Available,,01-01-2024,495423.92,273.7345334
80282,8,01-01-2024,Apartment,33,1809.87,"$499,781.62",Sold,C1515,01-01-2024,499781.62,276.1422754
80303,8,01-01-2024,Apartment,35,529.26,"$151,756.68",Available,,01-01-2024,151756.68,286.7337037
80307,8,01-01-2024,Apartment,36,673.86,"$212,527.02",Sold,C1235,01-01-2024,212527.02,315.3874989
80312,8,01-01-2024,Apartment,36,673.86,"$204,867.41",Sold,C0848,01-01-2024,204867.41,304.0207313
80327,8,01-01-2024,Apartment,37,890.65,"$276,605.41",Sold,C0942,01-01-2024,276605.41,310.5657778
80339,8,01-01-2024,Apartment,37,890.65,"$195,943.00",Sold,C1940,01-01-2024,195943,220
80378,8,01-01-2024,Office,45,1185.72,"$342,306.80",Available,,01-01-2024,342306.8,288.6910906
80379,8,01-01-2024,Apartment,45,1185.72,"$364,629.72",Sold,C1844,01-01-2024,364629.72,307.517559
80396,8,01-01-2024,Apartment,46,1175.51,"$296,772.64",Sold,C0863,01-01-2024,296772.64,252.4628799
80402,8,01-01-2024,Apartment,46,1175.51,"$283,442.68",Sold,C1556,01-01-2024,283442.68,241.1231551
80418,8,01-01-2024,Apartment,48,480.99,"$140,920.90",Sold,C0071,01-01-2024,140920.9,292.9809352
80450,8,01-01-2024,Apartment,53,1891.72,"$543,193.60",Sold,C0806,01-01-2024,543193.6,287.1427061
80456,8,01-01-2024,Apartment,54,1699.02,"$543,500.27",Sold,C1880,01-01-2024,543500.27,319.8904486
80457,8,01-01-2024,Apartment,54,1699.02,"$503,618.69",Sold,C0998,01-01-2024,503618.69,296.417164
80462,8,01-01-2024,Apartment,55,1300.05,"$369,856.38",Available,,01-01-2024,369856.38,284.4939656
80465,8,01-01-2024,Apartment,55,1300.05,"$484,614.30",Sold,C1834,01-01-2024,484614.3,372.7658936
80468,8,01-01-2024,Apartment,55,1300.05,"$434,169.98",Sold,C0436,01-01-2024,434169.98,333.9640629
80469,8,01-01-2024,Office,55,1300.05,"$488,331.39",Sold,C0141,01-01-2024,488331.39,375.6250837
80476,8,01-01-2024,Apartment,56,1874.7,"$526,682.25",Sold,C0570,01-01-2024,526682.25,280.9421507
80484,8,01-01-2024,Apartment,56,1874.7,"$726,903.51",Sold,C1673,01-01-2024,726903.51,387.743911
80491,8,01-01-2024,Apartment,57,1949.35,"$609,563.43",Available,,01-01-2024,609563.43,312.7008644
90042,9,01-01-2024,Apartment,8,1315.55,"$455,857.85",Available,,01-01-2024,455857.85,346.5150317
90065,9,01-01-2024,Apartment,11,559.6,"$184,748.10",Available,,01-01-2024,184748.1,330.143138
90068,9,01-01-2024,Apartment,12,952.38,"$306,226.35",Sold,C0272,01-01-2024,306226.35,321.537989
90094,9,01-01-2024,Office,16,924.6,"$238,207.62",Sold,C1485,01-01-2024,238207.62,257.6331603
90129,9,01-01-2024,Apartment,20,1664.76,"$467,860.91",Sold,C0866,01-01-2024,467860.91,281.0380535
90145,9,01-01-2024,Apartment,22,1115.88,"$352,235.90",Sold,C0694,01-01-2024,352235.9,315.657508
90157,9,01-01-2024,Apartment,24,914.61,"$261,048.14",Sold,C0191,01-01-2024,261048.14,285.4201682
90166,9,01-01-2024,Apartment,26,1038.39,"$309,260.78",Sold,C0466,01-01-2024,309260.78,297.827194
90172,9,01-01-2024,Apartment,26,1038.39,"$289,396.65",Available,,01-01-2024,289396.65,278.6974547
90178,9,01-01-2024,Apartment,27,1207.33,"$381,557.37",Available,,01-01-2024,381557.37,316.0340338
90184,9,01-01-2024,Office,27,1207.33,"$380,937.24",Sold,C0084,01-01-2024,380937.24,315.5203962
90186,9,01-01-2024,Apartment,27,1207.33,"$355,852.39",Sold,C0201,01-01-2024,355852.39,294.7432682
90195,9,01-01-2024,Apartment,29,1426.22,"$426,817.45",Available,,01-01-2024,426817.45,299.2648049
90198,9,01-01-2024,Apartment,29,1426.22,"$353,758.33",Sold,C1814,01-01-2024,353758.33,248.0391034
90226,9,01-01-2024,Apartment,33,973.52,"$286,269.59",Sold,C0109,01-01-2024,286269.59,294.0561981
90240,9,01-01-2024,Apartment,34,1577.36,"$411,333.06",Sold,C1361,01-01-2024,411333.06,260.7731019
90260,9,01-01-2024,Apartment,34,1577.36,"$455,434.65",Available,,01-01-2024,455434.65,288.7322171
90276,9,01-01-2024,Apartment,35,1376.88,"$366,792.19",Sold,C0767,01-01-2024,366792.19,266.3937235
90359,9,01-01-2024,Apartment,42,605.78,"$197,381.31",Sold,C1884,01-01-2024,197381.31,325.8300208
90376,9,01-01-2024,Apartment,44,1351.57,"$364,019.33",Available,,01-01-2024,364019.33,269.3307265
90396,9,01-01-2024,Apartment,47,1262.78,"$383,070.84",Sold,C1268,01-01-2024,383070.84,303.3551688
90427,9,01-01-2024,Apartment,53,599.72,"$178,627.91",Sold,C0276,01-01-2024,178627.91,297.852181
90428,9,01-01-2024,Apartment,54,1693.18,"$500,160.52",Sold,C1245,01-01-2024,500160.52,295.3971344
90430,9,01-01-2024,Apartment,54,1693.18,"$555,003.81",Sold,C1267,01-01-2024,555003.81,327.7878371
90440,9,01-01-2024,Apartment,56,1516.4,"$453,127.52",Sold,C1070,01-01-2024,453127.52,298.8179372
90444,9,01-01-2024,Apartment,56,1516.4,"$429,681.10",Available,,01-01-2024,429681.1,283.3560406
90488,9,01-01-2024,Apartment,58,838.34,"$195,149.33",Available,,01-01-2024,195149.33,232.7806499
90501,9,01-01-2024,Apartment,58,838.34,"$236,365.70",Sold,C1345,01-01-2024,236365.7,281.944915
90511,9,01-01-2024,Apartment,58,838.34,"$191,641.45",Sold,C1952,01-01-2024,191641.45,228.5963332
100053,10,01-01-2024,Apartment,5,1741.96,"$500,277.62",Sold,C0822,01-01-2024,500277.62,287.1923695
100077,10,01-01-2024,Apartment,9,1849.4,"$539,103.37",Sold,C0224,01-01-2024,539103.37,291.5017681
100086,10,01-01-2024,Apartment,11,1675.44,"$521,136.09",Sold,C1068,01-01-2024,521136.09,311.0443167
100110,10,01-01-2024,Apartment,14,1318.01,"$344,813.48",Sold,C1458,01-01-2024,344813.48,261.6167404
100139,10,01-01-2024,Apartment,18,1244.03,"$349,877.50",Sold,C0876,01-01-2024,349877.5,281.2452272
100145,10,01-01-2024,Apartment,19,948.04,"$337,939.26",Available,,01-01-2024,337939.26,356.4609721
100154,10,01-01-2024,Apartment,19,948.04,"$246,873.77",Available,,01-01-2024,246873.77,260.4043817
100170,10,01-01-2024,Apartment,22,1116.68,"$330,051.37",Available,,01-01-2024,330051.37,295.5648619
100217,10,01-01-2024,Apartment,27,777.35,"$225,796.07",Sold,C0206,01-01-2024,225796.07,290.4689908
100230,10,01-01-2024,Apartment,28,1606.58,"$532,017.08",Sold,C0878,01-01-2024,532017.08,331.1488255
100231,10,01-01-2024,Apartment,28,1606.58,"$425,307.32",Available,,01-01-2024,425307.32,264.7283795
100260,10,01-01-2024,Office,31,1499,"$449,151.55",Sold,C0568,01-01-2024,449151.55,299.6341227
100311,10,01-01-2024,Apartment,37,1177.85,"$413,750.47",Sold,C1776,01-01-2024,413750.47,351.2760284
100318,10,01-01-2024,Apartment,38,476.64,"$159,970.07",Sold,C0938,01-01-2024,159970.07,335.6203214
100319,10,01-01-2024,Apartment,38,476.64,"$143,209.81",Sold,C1301,01-01-2024,143209.81,300.4569696
100320,10,01-01-2024,Apartment,38,476.64,"$156,338.43",Sold,C0797,01-01-2024,156338.43,328.00107
100327,10,01-01-2024,Apartment,39,1188.51,"$335,208.16",Available,,01-01-2024,335208.16,282.0406728
100330,10,01-01-2024,Apartment,39,1188.51,"$365,737.57",Available,,01-01-2024,365737.57,307.727802
100340,10,01-01-2024,Apartment,41,1750.64,"$555,908.57",Available,,01-01-2024,555908.57,317.5459089
100355,10,01-01-2024,Apartment,43,1093.67,"$366,202.32",Sold,C0520,01-01-2024,366202.32,334.8380407
100366,10,01-01-2024,Apartment,43,1093.67,"$338,104.13",Sold,C0869,01-01-2024,338104.13,309.1463879
100374,10,01-01-2024,Apartment,43,1093.67,"$307,958.64",Sold,C1984,01-01-2024,307958.64,281.5827809
100375,10,01-01-2024,Apartment,44,1224.71,"$332,253.48",Sold,C0772,01-01-2024,332253.48,271.2915547
100392,10,01-01-2024,Apartment,45,1119.1,"$284,280.68",Sold,C1530,01-01-2024,284280.68,254.0261639
100406,10,01-01-2024,Office,47,1047.27,"$289,433.18",Available,,01-01-2024,289433.18,276.3692076
110009,11,01-01-2024,Apartment,1,1902.88,"$623,754.36",Sold,C0274,01-01-2024,623754.36,327.7949004
110049,11,01-01-2024,Apartment,6,1724.08,"$576,648.23",Available,,01-01-2024,576648.23,334.4672115
110054,11,01-01-2024,Apartment,6,1724.08,"$501,939.76",Sold,C0594,01-01-2024,501939.76,291.1348429
110061,11,01-01-2024,Apartment,7,1734.79,"$512,135.16",Sold,C0642,01-01-2024,512135.16,295.2144986
110100,11,01-01-2024,Apartment,11,1581.88,"$508,552.39",Sold,C1878,01-01-2024,508552.39,321.4860735
110130,11,01-01-2024,Apartment,14,524.68,"$136,179.62",Sold,C0207,01-01-2024,136179.62,259.547953
110173,11,01-01-2024,Apartment,18,1562.55,"$470,855.22",Available,,01-01-2024,470855.22,301.337698
110200,11,01-01-2024,Apartment,23,1098.83,"$324,271.22",Sold,C0769,01-01-2024,324271.22,295.1059036
110205,11,01-01-2024,Apartment,24,1481.82,"$460,231.54",Sold,C0985,01-01-2024,460231.54,310.5853208
110226,11,01-01-2024,Apartment,27,1638.1,"$432,388.36",Sold,C1224,01-01-2024,432388.36,263.9572431
110233,11,01-01-2024,Office,29,993.51,"$312,573.06",Sold,C0471,01-01-2024,312573.06,314.6149108
110246,11,01-01-2024,Apartment,29,993.51,"$340,093.67",Sold,C1521,01-01-2024,340093.67,342.3152963
110255,11,01-01-2024,Apartment,30,642.72,"$178,243.97",Sold,C0604,01-01-2024,178243.97,277.327561
110290,11,01-01-2024,Apartment,35,540.82,"$143,000.82",Sold,C0149,01-01-2024,143000.82,264.4148145
110299,11,01-01-2024,Office,37,1368.16,"$451,844.69",Sold,C1297,01-01-2024,451844.69,330.2571995
110332,11,01-01-2024,Apartment,40,638.97,"$167,129.85",Sold,C1222,01-01-2024,167129.85,261.5613409
110338,11,01-01-2024,Apartment,42,808.59,"$275,616.80",Available,,01-01-2024,275616.8,340.861005
110351,11,01-01-2024,Apartment,42,808.59,"$234,472.30",Available,,01-01-2024,234472.3,289.9767497
110371,11,01-01-2024,Apartment,44,434.38,"$108,921.54",Sold,C0993,01-01-2024,108921.54,250.7517381
110380,11,01-01-2024,Apartment,44,434.38,"$144,762.45",Sold,C1167,01-01-2024,144762.45,333.2622358
110402,11,01-01-2024,Apartment,48,661.7,"$189,978.51",Available,,01-01-2024,189978.51,287.10671
110440,11,01-01-2024,Apartment,52,1397.58,"$458,054.04",Sold,C0448,01-01-2024,458054.04,327.747993
110447,11,01-01-2024,Apartment,52,1397.58,"$362,828.72",Sold,C0212,01-01-2024,362828.72,259.6121295
110452,11,01-01-2024,Apartment,52,1397.58,"$418,331.00",Sold,C0320,01-01-2024,418331,299.3252622
110478,11,01-01-2024,Apartment,56,724.8,"$221,884.06",Sold,C0180,01-01-2024,221884.06,306.1314294
110494,11,01-01-2024,Apartment,58,1159.31,"$317,901.09",Sold,C1385,01-01-2024,317901.09,274.2157749
110514,11,01-01-2024,Office,61,1299.46,"$407,363.80",Sold,C0056,01-01-2024,407363.8,313.4869869
110518,11,01-01-2024,Office,61,1299.46,"$349,404.33",Sold,C0534,01-01-2024,349404.33,268.8842519
110525,11,01-01-2024,Office,62,1938.82,"$656,172.49",Available,,01-01-2024,656172.49,338.439097
110551,11,01-01-2024,Apartment,64,1916.26,"$593,841.38",Available,,01-01-2024,593841.38,309.8960371
110558,11,01-01-2024,Apartment,65,1427.09,"$500,988.76",Sold,C0861,01-01-2024,500988.76,351.0561773
120015,12,01-01-2024,Apartment,2,1285.87,"$370,422.47",Available,,01-01-2024,370422.47,288.0714769
120034,12,01-01-2024,Apartment,3,1469.27,"$546,898.19",Available,,01-01-2024,546898.19,372.2244312
120056,12,01-01-2024,Apartment,6,1347.8,"$420,572.80",Available,,01-01-2024,420572.8,312.0439234
120071,12,01-01-2024,Apartment,8,1803.36,"$500,097.39",Available,,01-01-2024,500097.39,277.3142301
120094,12,01-01-2024,Office,12,959.05,"$288,890.05",Sold,C0858,01-01-2024,288890.05,301.2252229
120120,12,01-01-2024,Apartment,14,1369.96,"$445,754.21",Sold,C1076,01-01-2024,445754.21,325.3775366
120197,12,01-01-2024,Apartment,22,892.67,"$269,005.90",Sold,C0728,01-01-2024,269005.9,301.3497709
120237,12,01-01-2024,Apartment,25,1540.51,"$480,266.48",Sold,C0078,01-01-2024,480266.48,311.7581061
120271,12,01-01-2024,Apartment,29,688.73,"$165,789.68",Sold,C0615,01-01-2024,165789.68,240.7179591
120315,12,01-01-2024,Office,34,1817.64,"$630,134.29",Available,,01-01-2024,630134.29,346.6771693
120320,12,01-01-2024,Apartment,35,1690.62,"$489,195.22",Available,,01-01-2024,489195.22,289.358472
120326,12,01-01-2024,Apartment,35,1690.62,"$371,936.40",Sold,C0145,01-01-2024,371936.4,220
120331,12,01-01-2024,Apartment,35,1690.62,"$530,746.82",Available,,01-01-2024,530746.82,313.9362009
120351,12,01-01-2024,Apartment,38,1157.23,"$343,865.15",Sold,C0264,01-01-2024,343865.15,297.145036
120373,12,01-01-2024,Apartment,39,1653.93,"$596,471.37",Sold,C0203,01-01-2024,596471.37,360.6388239
120383,12,01-01-2024,Office,43,1893.23,"$595,281.62",Sold,C0909,01-01-2024,595281.62,314.4264669
120384,12,01-01-2024,Apartment,44,635.36,"$222,895.04",Sold,C1101,01-01-2024,222895.04,350.8169227
130031,13,01-01-2024,Apartment,2,1651.02,"$520,934.42",Sold,C1813,01-01-2024,520934.42,315.5227799
130033,13,01-01-2024,Apartment,2,1651.02,"$506,031.70",Sold,C1487,01-01-2024,506031.7,306.4964083
130039,13,01-01-2024,Apartment,3,979.64,"$277,095.12",Sold,C0696,01-01-2024,277095.12,282.854028
130046,13,01-01-2024,Apartment,4,1629.74,"$508,492.43",Sold,C1220,01-01-2024,508492.43,312.0083142
130114,13,01-01-2024,Apartment,14,777.75,"$202,719.39",Sold,C0225,01-01-2024,202719.39,260.6485246
130129,13,01-01-2024,Apartment,15,458.29,"$148,440.79",Sold,C1368,01-01-2024,148440.79,323.901438
130145,13,01-01-2024,Apartment,17,1278.95,"$377,532.64",Available,,01-01-2024,377532.64,295.1895227
130153,13,01-01-2024,Apartment,17,1278.95,"$355,143.03",Sold,C1529,01-01-2024,355143.03,277.6832793
130175,13,01-01-2024,Apartment,20,516.72,"$136,913.45",Sold,C1364,01-01-2024,136913.45,264.9664228
130184,13,01-01-2024,Apartment,20,516.72,"$174,535.33",Available,,01-01-2024,174535.33,337.775449
130199,13,01-01-2024,Apartment,22,1811.36,"$536,988.38",Sold,C1659,01-01-2024,536988.38,296.4559116
130251,13,01-01-2024,Apartment,29,568.7,"$150,790.34",Sold,C0280,01-01-2024,150790.34,265.1491823
130293,13,01-01-2024,Apartment,33,1445.84,"$443,358.25",Sold,C0062,01-01-2024,443358.25,306.6440616
130326,13,01-01-2024,Apartment,37,1555.67,"$500,885.96",Sold,C0782,01-01-2024,500885.96,321.974429
130327,13,01-01-2024,Apartment,37,1555.67,"$546,737.23",Available,,01-01-2024,546737.23,351.448077
130333,13,01-01-2024,Apartment,37,1555.67,"$458,458.71",Sold,C1580,01-01-2024,458458.71,294.7017748
130359,13,01-01-2024,Office,40,571.5,"$209,522.60",Available,,01-01-2024,209522.6,366.6187227
130365,13,01-01-2024,Apartment,40,571.5,"$197,250.40",Sold,C1239,01-01-2024,197250.4,345.1450569
130385,13,01-01-2024,Apartment,43,1875.83,"$599,817.91",Sold,C1263,01-01-2024,599817.91,319.7613376
130445,13,01-01-2024,Apartment,49,572.01,"$163,367.50",Sold,C0726,01-01-2024,163367.5,285.6025244
130454,13,01-01-2024,Apartment,51,1253.03,"$394,529.19",Available,,01-01-2024,394529.19,314.860131
130461,13,01-01-2024,Apartment,53,968.77,"$263,567.44",Sold,C1720,01-01-2024,263567.44,272.0639987
130503,13,01-01-2024,Apartment,58,1115.72,"$332,388.13",Available,,01-01-2024,332388.13,297.9135715
130514,13,01-01-2024,Apartment,59,1434.04,"$484,604.41",Sold,C0316,01-01-2024,484604.41,337.9294929
130579,13,01-01-2024,Apartment,67,524.97,"$187,112.07",Available,,01-01-2024,187112.07,356.42431
130590,13,01-01-2024,Apartment,68,1590.69,"$429,908.37",Sold,C1728,01-01-2024,429908.37,270.2653377
130597,13,01-01-2024,Apartment,70,750.41,"$229,357.30",Sold,C0562,01-01-2024,229357.3,305.6426487
130598,13,01-01-2024,Apartment,70,750.41,"$226,404.55",Sold,C0859,01-01-2024,226404.55,301.7077997
130605,13,01-01-2024,Apartment,70,750.41,"$214,317.33",Available,,01-01-2024,214317.33,285.6003118
140010,14,01-01-2024,Apartment,2,922.7,"$288,742.14",Sold,C1902,01-01-2024,288742.14,312.9317655
140020,14,01-01-2024,Apartment,4,1797.81,"$562,346.60",Available,,01-01-2024,562346.6,312.7953454
140038,14,01-01-2024,Apartment,6,1733.36,"$470,883.03",Sold,C0605,01-01-2024,470883.03,271.6591072
140039,14,01-01-2024,Office,6,1733.36,"$605,216.52",Sold,C1631,01-01-2024,605216.52,349.1580053
140047,14,01-01-2024,Apartment,8,618.89,"$201,483.41",Sold,C0232,01-01-2024,201483.41,325.5560924
140065,14,01-01-2024,Apartment,9,803.5,"$230,797.14",Available,,01-01-2024,230797.14,287.2397511
140097,14,01-01-2024,Apartment,12,459.44,"$152,649.29",Sold,C1473,01-01-2024,152649.29,332.2507618
140110,14,01-01-2024,Apartment,12,459.44,"$146,928.09",Sold,C0283,01-01-2024,146928.09,319.7982109
140115,14,01-01-2024,Apartment,13,442.74,"$134,160.06",Sold,C1766,01-01-2024,134160.06,303.0222252
140129,14,01-01-2024,Apartment,14,1628.68,"$417,246.26",Sold,C0364,01-01-2024,417246.26,256.1867647
140135,14,01-01-2024,Office,15,784.04,"$217,519.47",Sold,C1844,01-01-2024,217519.47,277.4341488
140138,14,01-01-2024,Apartment,15,784.04,"$268,602.42",Sold,C0495,01-01-2024,268602.42,342.5876486
140147,14,01-01-2024,Office,16,915.37,"$282,820.55",Sold,C0140,01-01-2024,282820.55,308.9685592
140173,14,01-01-2024,Apartment,18,500.17,"$135,280.40",Sold,C0131,01-01-2024,135280.4,270.4688406
140178,14,01-01-2024,Office,18,500.17,"$174,301.38",Sold,C0374,01-01-2024,174301.38,348.4842753
140195,14,01-01-2024,Apartment,22,1148.66,"$332,434.49",Sold,C1880,01-01-2024,332434.49,289.4106959
140212,14,01-01-2024,Apartment,23,1610.37,"$479,775.72",Sold,C0436,01-01-2024,479775.72,297.9288735
140239,14,01-01-2024,Apartment,27,1866.49,"$605,282.42",Sold,C0182,01-01-2024,605282.42,324.2891309
140261,14,01-01-2024,Apartment,29,1618.34,"$478,344.13",Sold,C1981,01-01-2024,478344.13,295.5770295
140278,14,01-01-2024,Apartment,33,1894.96,"$566,261.62",Sold,C1095,01-01-2024,566261.62,298.8251045
140349,14,01-01-2024,Office,42,1350.7,"$373,273.49",Available,,01-01-2024,373273.49,276.355586
140359,14,01-01-2024,Apartment,43,520.49,"$159,253.52",Sold,C1868,01-01-2024,159253.52,305.9684528
140388,14,01-01-2024,Apartment,47,917.53,"$291,377.40",Sold,C0191,01-01-2024,291377.4,317.567164
140397,14,01-01-2024,Apartment,48,1941.78,"$551,576.91",Available,,01-01-2024,551576.91,284.0573649
140420,14,01-01-2024,Apartment,51,1346.3,"$336,483.03",Sold,C1413,01-01-2024,336483.03,249.9316868
140445,14,01-01-2024,Apartment,52,571.74,"$155,288.67",Available,,01-01-2024,155288.67,271.6071466
140460,14,01-01-2024,Apartment,55,1415.9,"$438,730.04",Available,,01-01-2024,438730.04,309.8594816
150002,15,01-01-2024,Office,1,1596.51,"$481,918.59",Sold,C1780,01-01-2024,481918.59,301.8575455
150020,15,01-01-2024,Apartment,2,1522.89,"$451,659.51",Sold,C1412,01-01-2024,451659.51,296.5805212
150039,15,01-01-2024,Apartment,6,938.57,"$251,588.73",Sold,C1793,01-01-2024,251588.73,268.0553715
150044,15,01-01-2024,Apartment,6,938.57,"$299,245.20",Sold,C0002,01-01-2024,299245.2,318.8309876
150046,15,01-01-2024,Apartment,7,1113.85,"$352,782.33",Available,,01-01-2024,352782.33,316.7233739
150054,15,01-01-2024,Apartment,9,565.48,"$192,609.64",Sold,C0103,01-01-2024,192609.64,340.6126477
150135,15,01-01-2024,Apartment,17,562.64,"$150,397.94",Sold,C0897,01-01-2024,150397.94,267.3075857
150214,15,01-01-2024,Apartment,24,924.36,"$295,445.16",Available,,01-01-2024,295445.16,319.6213164
150278,15,01-01-2024,Apartment,34,1304.22,"$429,339.15",Available,,01-01-2024,429339.15,329.1922758
150311,15,01-01-2024,Apartment,35,745.49,"$251,330.42",Sold,C1346,01-01-2024,251330.42,337.134529
150322,15,01-01-2024,Apartment,38,585.57,"$171,414.44",Available,,01-01-2024,171414.44,292.7309118
150365,15,01-01-2024,Apartment,44,1713.09,"$506,373.41",Sold,C0907,01-01-2024,506373.41,295.5906637
150377,15,01-01-2024,Apartment,48,1403.33,"$491,342.08",Sold,C1311,01-01-2024,491342.08,350.1258293
150396,15,01-01-2024,Apartment,50,1841.5,"$466,293.15",Sold,C0882,01-01-2024,466293.15,253.213766
150411,15,01-01-2024,Apartment,52,829.2,"$274,212.09",Sold,C0114,01-01-2024,274212.09,330.694754
150446,15,01-01-2024,Apartment,55,892.75,"$273,200.87",Sold,C1029,01-01-2024,273200.87,306.021697
150454,15,01-01-2024,Apartment,55,892.75,"$260,820.76",Available,,01-01-2024,260820.76,292.1543097
150482,15,01-01-2024,Apartment,57,429.34,"$146,531.33",Sold,C1615,01-01-2024,146531.33,341.2943821
150487,15,01-01-2024,Apartment,58,1750.89,"$502,145.17",Sold,C0895,01-01-2024,502145.17,286.7942418
150499,15,01-01-2024,Apartment,59,1286.47,"$377,298.62",Available,,01-01-2024,377298.62,293.2820975
150510,15,01-01-2024,Apartment,60,1033.2,"$265,735.20",Available,,01-01-2024,265735.2,257.1962834
160032,16,01-01-2024,Office,5,749.15,"$244,913.49",Sold,C1636,01-01-2024,244913.49,326.9218314
160045,16,01-01-2024,Apartment,6,1062.34,"$340,711.24",Sold,C0903,01-01-2024,340711.24,320.7176987
160055,16,01-01-2024,Apartment,7,941.57,"$281,344.37",Sold,C1545,01-01-2024,281344.37,298.8034559
160056,16,01-01-2024,Apartment,7,941.57,"$267,559.14",Sold,C1734,01-01-2024,267559.14,284.1627707
160092,16,01-01-2024,Apartment,10,1608.56,"$402,014.83",Sold,C0092,01-01-2024,402014.83,249.9221851
160113,16,01-01-2024,Apartment,12,549.98,"$164,788.04",Available,,01-01-2024,164788.04,299.6255137
160152,16,01-01-2024,Apartment,19,1163.06,"$362,023.29",Sold,C1675,01-01-2024,362023.29,311.2679397
160169,16,01-01-2024,Apartment,21,837.95,"$278,052.48",Available,,01-01-2024,278052.48,331.8246673
160179,16,01-01-2024,Apartment,22,1575.06,"$506,852.64",Sold,C0575,01-01-2024,506852.64,321.798941
160182,16,01-01-2024,Apartment,22,1575.06,"$494,969.30",Sold,C0535,01-01-2024,494969.3,314.2542506
160224,16,01-01-2024,Office,27,1164.55,"$395,005.44",Sold,C1409,01-01-2024,395005.44,339.1914817
160240,16,01-01-2024,Apartment,28,1440.71,"$434,559.42",Sold,C0867,01-01-2024,434559.42,301.6286553
160245,16,01-01-2024,Apartment,28,1440.71,"$468,372.55",Sold,C1747,01-01-2024,468372.55,325.0984237
160258,16,01-01-2024,Apartment,30,1024.75,"$324,503.53",Sold,C1464,01-01-2024,324503.53,316.6660454
160273,16,01-01-2024,Office,33,881.17,"$314,026.20",Sold,C0935,01-01-2024,314026.2,356.3741389
160279,16,01-01-2024,Apartment,33,881.17,"$260,142.62",Sold,C1449,01-01-2024,260142.62,295.2240998
160297,16,01-01-2024,Office,35,629.97,"$191,185.49",Available,,01-01-2024,191185.49,303.4834833
160383,16,01-01-2024,Apartment,44,1695.03,"$489,696.05",Available,,01-01-2024,489696.05,288.9011109
170043,17,01-01-2024,Apartment,5,1829.38,"$527,700.01",Sold,C0252,01-01-2024,527700.01,288.4583903
170054,17,01-01-2024,Apartment,7,1300.91,"$350,173.43",Sold,C0181,01-01-2024,350173.43,269.1757539
170141,17,01-01-2024,Office,16,1693,"$441,387.41",Sold,C1176,01-01-2024,441387.41,260.7131778
170154,17,01-01-2024,Apartment,16,1693,"$502,269.25",Sold,C1709,01-01-2024,502269.25,296.6740992
170160,17,01-01-2024,Apartment,17,1827.25,"$443,019.30",Sold,C1264,01-01-2024,443019.3,242.4513887
170202,17,01-01-2024,Apartment,23,1025.52,"$282,702.48",Available,,01-01-2024,282702.48,275.6674468
170208,17,01-01-2024,Apartment,23,1025.52,"$337,329.51",Sold,C0220,01-01-2024,337329.51,328.9350866
170232,17,01-01-2024,Office,27,677.24,"$202,422.00",Sold,C1093,01-01-2024,202422,298.8925639
170248,17,01-01-2024,Apartment,28,1201.04,"$366,605.62",Sold,C1586,01-01-2024,366605.62,305.2401419
170260,17,01-01-2024,Office,31,1806.06,"$569,841.56",Sold,C0320,01-01-2024,569841.56,315.5164059
170265,17,01-01-2024,Apartment,32,954.54,"$259,309.56",Sold,C1757,01-01-2024,259309.56,271.6591866
170293,17,01-01-2024,Apartment,35,1667.01,"$458,755.73",Sold,C0889,01-01-2024,458755.73,275.1967475
170306,17,01-01-2024,Apartment,38,721.83,"$225,181.51",Sold,C0548,01-01-2024,225181.51,311.9592009
170321,17,01-01-2024,Apartment,39,1341.67,"$421,709.56",Sold,C1968,01-01-2024,421709.56,314.3169036
170324,17,01-01-2024,Apartment,39,1341.67,"$423,674.34",Available,,01-01-2024,423674.34,315.7813322
170343,17,01-01-2024,Apartment,42,691.03,"$184,522.13",Available,,01-01-2024,184522.13,267.0247746
170360,17,01-01-2024,Apartment,46,1582.61,"$485,985.10",Available,,01-01-2024,485985.1,307.0782442
170377,17,01-01-2024,Apartment,47,1106.83,"$351,467.32",Available,,01-01-2024,351467.32,317.5440854
170387,17,01-01-2024,Apartment,48,1833.96,"$516,604.40",Sold,C1499,01-01-2024,516604.4,281.6879321
170396,17,01-01-2024,Apartment,48,1833.96,"$496,119.12",Available,,01-01-2024,496119.12,270.5179611
170400,17,01-01-2024,Office,48,1833.96,"$489,522.49",Available,,01-01-2024,489522.49,266.9210288
170415,17,01-01-2024,Apartment,48,1833.96,"$550,183.44",Available,,01-01-2024,550183.44,299.9975136
180039,18,01-01-2024,Apartment,4,1096.58,"$339,363.31",Available,,01-01-2024,339363.31,309.4742837
180062,18,01-01-2024,Apartment,7,505.94,"$158,877.31",Available,,01-01-2024,158877.31,314.0240147
180074,18,01-01-2024,Apartment,9,894.92,"$259,035.41",Available,,01-01-2024,259035.41,289.4509118
180086,18,01-01-2024,Apartment,12,1692.5,"$496,160.88",Sold,C1559,01-01-2024,496160.88,293.1526617
180092,18,01-01-2024,Office,12,1692.5,"$439,842.21",Sold,C1630,01-01-2024,439842.21,259.877229
180100,18,01-01-2024,Office,14,1742.3,"$537,075.78",Sold,C0644,01-01-2024,537075.78,308.2567755
180104,18,01-01-2024,Apartment,14,1742.3,"$486,547.76",Available,,01-01-2024,486547.76,279.2560179
180115,18,01-01-2024,Apartment,15,1728.6,"$539,864.09",Sold,C1982,01-01-2024,539864.09,312.3129064
180140,18,01-01-2024,Apartment,18,1127.95,"$407,937.44",Available,,01-01-2024,407937.44,361.6626978
180153,18,01-01-2024,Apartment,20,1631.48,"$528,510.90",Sold,C0686,01-01-2024,528510.9,323.9456812
180157,18,01-01-2024,Apartment,21,1790.69,"$537,494.24",Available,,01-01-2024,537494.24,300.1604074
180161,18,01-01-2024,Office,21,1790.69,"$575,175.80",Sold,C0560,01-01-2024,575175.8,321.2034467
180165,18,01-01-2024,Apartment,22,1108.09,"$352,780.59",Sold,C1435,01-01-2024,352780.59,318.3681741
180185,18,01-01-2024,Apartment,25,911.94,"$234,310.70",Sold,C1508,01-01-2024,234310.7,256.9365309
180192,18,01-01-2024,Apartment,25,911.94,"$284,149.74",Sold,C0615,01-01-2024,284149.74,311.5881966
180201,18,01-01-2024,Apartment,26,1147.71,"$338,232.19",Sold,C0401,01-01-2024,338232.19,294.7017888
180262,18,01-01-2024,Apartment,30,1795.66,"$482,951.02",Sold,C1351,01-01-2024,482951.02,268.9546017
180313,18,01-01-2024,Apartment,36,1089.77,"$333,059.43",Available,,01-01-2024,333059.43,305.6235995
180323,18,01-01-2024,Apartment,38,1219.8,"$342,597.24",Sold,C0172,01-01-2024,342597.24,280.863453
180348,18,01-01-2024,Office,40,990.46,"$258,292.30",Sold,C1900,01-01-2024,258292.3,260.7801426
180352,18,01-01-2024,Apartment,40,990.46,"$286,888.50",Sold,C1039,01-01-2024,286888.5,289.651778
180378,18,01-01-2024,Apartment,42,1045.42,"$272,247.83",Sold,C0588,01-01-2024,272247.83,260.419573
180381,18,01-01-2024,Apartment,42,1045.42,"$303,555.82",Available,,01-01-2024,303555.82,290.3673356
180395,18,01-01-2024,Apartment,45,1627.52,"$488,081.56",Sold,C0325,01-01-2024,488081.56,299.8928185
180398,18,01-01-2024,Office,45,1627.52,"$490,429.65",Sold,C0032,01-01-2024,490429.65,301.3355596
180402,18,01-01-2024,Apartment,45,1627.52,"$368,888.52",Sold,C1446,01-01-2024,368888.52,226.6568276
180406,18,01-01-2024,Apartment,45,1627.52,"$518,136.39",Sold,C0445,01-01-2024,518136.39,318.359461
180414,18,01-01-2024,Apartment,47,520.85,"$168,344.73",Sold,C0294,01-01-2024,168344.73,323.2115388
180428,18,01-01-2024,Apartment,48,564.59,"$146,766.78",Sold,C1113,01-01-2024,146766.78,259.9528507
180453,18,01-01-2024,Apartment,51,1527.31,"$416,655.75",Sold,C0173,01-01-2024,416655.75,272.8036548
180484,18,01-01-2024,Apartment,54,1756.12,"$544,990.20",Sold,C1247,01-01-2024,544990.2,310.3376762
180491,18,01-01-2024,Apartment,54,1756.12,"$585,515.42",Sold,C1161,01-01-2024,585515.42,333.4142428
180498,18,01-01-2024,Apartment,55,930.04,"$300,267.48",Available,,01-01-2024,300267.48,322.8543719
180524,18,01-01-2024,Apartment,58,955.23,"$277,619.99",Sold,C0493,01-01-2024,277619.99,290.6315652
180536,18,01-01-2024,Apartment,61,1019.7,"$278,150.04",Sold,C0585,01-01-2024,278150.04,272.776346
180545,18,01-01-2024,Apartment,62,1330.41,"$481,595.93",Available,,01-01-2024,481595.93,361.9906119
180558,18,01-01-2024,Apartment,65,996.32,"$302,341.10",Sold,C1706,01-01-2024,302341.1,303.4578248
180560,18,01-01-2024,Apartment,66,1631.24,"$548,635.70",Sold,C1100,01-01-2024,548635.7,336.3304603
180572,18,01-01-2024,Office,66,1631.24,"$522,844.12",Sold,C1109,01-01-2024,522844.12,320.5194331
190065,19,01-01-2024,Apartment,10,747.71,"$235,714.90",Sold,C0782,01-01-2024,235714.9,315.2490939
190080,19,01-01-2024,Apartment,12,1163.99,"$351,508.85",Sold,C1046,01-01-2024,351508.85,301.9861425
190083,19,01-01-2024,Apartment,13,766.61,"$253,393.14",Sold,C1498,01-01-2024,253393.14,330.5372223
190112,19,01-01-2024,Apartment,16,1711.98,"$393,988.35",Sold,C0807,01-01-2024,393988.35,230.1360705
190132,19,01-01-2024,Apartment,18,1599.44,"$465,791.79",Sold,C0289,01-01-2024,465791.79,291.2217964
190139,19,01-01-2024,Apartment,18,1599.44,"$351,876.80",Available,,01-01-2024,351876.8,220
190195,19,01-01-2024,Apartment,24,620.51,"$163,296.22",Sold,C1283,01-01-2024,163296.22,263.164526
190198,19,01-01-2024,Apartment,24,620.51,"$188,692.55",Sold,C0299,01-01-2024,188692.55,304.0926818
190209,19,01-01-2024,Apartment,25,996.38,"$335,632.91",Sold,C1275,01-01-2024,335632.91,336.8523154
190213,19,01-01-2024,Apartment,26,668.24,"$194,986.69",Sold,C0865,01-01-2024,194986.69,291.7914073
190228,19,01-01-2024,Apartment,26,668.24,"$224,209.55",Sold,C0690,01-01-2024,224209.55,335.5224919
190229,19,01-01-2024,Apartment,27,1691.96,"$598,112.26",Sold,C0255,01-01-2024,598112.26,353.5026005
190260,19,01-01-2024,Office,30,673.27,"$193,435.91",Available,,01-01-2024,193435.91,287.3080785
190278,19,01-01-2024,Apartment,32,1048.61,"$291,311.69",Sold,C0399,01-01-2024,291311.69,277.8074689
190293,19,01-01-2024,Apartment,35,1099.62,"$285,903.69",Sold,C1779,01-01-2024,285903.69,260.0022644
190320,19,01-01-2024,Apartment,39,1237.04,"$350,962.27",Sold,C0851,01-01-2024,350962.27,283.7113351
190327,19,01-01-2024,Apartment,39,1237.04,"$326,382.27",Sold,C0859,01-01-2024,326382.27,263.8413228
190356,19,01-01-2024,Apartment,42,1137.59,"$315,841.36",Sold,C1715,01-01-2024,315841.36,277.6407669
190386,19,01-01-2024,Apartment,43,1697.72,"$481,623.94",Sold,C1515,01-01-2024,481623.94,283.6886766
190396,19,01-01-2024,Apartment,44,982.8,"$330,860.72",Sold,C0025,01-01-2024,330860.72,336.6511193
190400,19,01-01-2024,Apartment,46,1926.19,"$539,693.29",Sold,C1234,01-01-2024,539693.29,280.1869442
190411,19,01-01-2024,Apartment,46,1926.19,"$479,620.30",Sold,C0400,01-01-2024,479620.3,248.9994756
200005,20,01-01-2024,Apartment,1,1898.39,"$563,544.96",Sold,C0427,01-01-2024,563544.96,296.8541554
200039,20,01-01-2024,Apartment,3,1645.93,"$564,487.75",Sold,C1843,01-01-2024,564487.75,342.9597553
200064,20,01-01-2024,Apartment,8,1268.45,"$329,467.14",Sold,C0863,01-01-2024,329467.14,259.7399503
200106,20,01-01-2024,Apartment,14,837.37,"$280,575.86",Available,,01-01-2024,280575.86,335.0679628
200113,20,01-01-2024,Apartment,15,1805.12,"$534,868.97",Sold,C1509,01-01-2024,534868.97,296.3066001
200146,20,01-01-2024,Office,18,1868.01,"$639,415.77",Sold,C1934,01-01-2024,639415.77,342.2978303
200156,20,01-01-2024,Apartment,18,1868.01,"$633,040.56",Sold,C0612,01-01-2024,633040.56,338.8849953
200175,20,01-01-2024,Apartment,19,759.72,"$205,245.22",Available,,01-01-2024,205245.22,270.1590323
200222,20,01-01-2024,Apartment,27,993.62,"$280,418.97",Available,,01-01-2024,280418.97,282.2195306
200258,20,01-01-2024,Apartment,30,1703.94,"$448,863.27",Available,,01-01-2024,448863.27,263.4266876
200282,20,01-01-2024,Apartment,31,1414.44,"$454,693.74",Sold,C1172,01-01-2024,454693.74,321.4655553
200283,20,01-01-2024,Office,31,1414.44,"$419,691.92",Sold,C0419,01-01-2024,419691.92,296.7194932
200296,20,01-01-2024,Apartment,33,630.53,"$171,217.68",Available,,01-01-2024,171217.68,271.5456521
200331,20,01-01-2024,Apartment,36,1484.99,"$481,326.38",Sold,C0766,01-01-2024,481326.38,324.1276911
200342,20,01-01-2024,Apartment,37,632.35,"$177,452.66",Sold,C0751,01-01-2024,177452.66,280.6241164
200369,20,01-01-2024,Apartment,40,428.03,"$134,931.87",Available,,01-01-2024,134931.87,315.2392823
200382,20,01-01-2024,Apartment,42,811.56,"$224,917.93",Sold,C1869,01-01-2024,224917.93,277.1427005
200385,20,01-01-2024,Apartment,42,811.56,"$292,923.09",Available,,01-01-2024,292923.09,360.938304
200387,20,01-01-2024,Apartment,42,811.56,"$182,390.99",Sold,C1129,01-01-2024,182390.99,224.7412268
200391,20,01-01-2024,Apartment,43,1697.49,"$572,810.16",Sold,C0693,01-01-2024,572810.16,337.4453811
200406,20,01-01-2024,Office,46,1227.49,"$377,643.05",Sold,C1361,01-01-2024,377643.05,307.6546856
200453,20,01-01-2024,Apartment,51,1062.33,"$286,231.25",Sold,C0123,01-01-2024,286231.25,269.4372276
200462,20,01-01-2024,Apartment,51,1062.33,"$283,430.39",Sold,C1639,01-01-2024,283430.39,266.8007022
200468,20,01-01-2024,Apartment,52,1634.67,"$454,584.32",Available,,01-01-2024,454584.32,278.0893514
990004,1,01-01-2024,Apartment,19,798.5,"$244,624.87",Available,,01-01-2024,244624.87,306.3555041
990012,3,01-01-2024,Apartment,49,1273.88,"$427,236.10",Available,,01-01-2024,427236.1,335.3817471
1019,1,02-01-2024,Apartment,19,827.87,"$239,341.58",Sold,C0005,01-02-2024,239341.58,289.1052702
1023,1,02-01-2024,Apartment,23,782.25,"$261,579.89",Sold,C0134,01-02-2024,261579.89,334.3942346
1027,1,02-01-2024,Apartment,27,827.87,"$276,759.18",Sold,C0089,01-02-2024,276759.18,334.3027045
1045,1,02-01-2024,Apartment,45,756.21,"$248,525.12",Sold,C0002,01-02-2024,248525.12,328.6456408
2034,2,02-01-2024,Apartment,34,785.48,"$252,927.84",Sold,C0157,01-02-2024,252927.84,322.0041758
2053,2,02-01-2024,Apartment,53,784.19,"$275,812.49",Available,,01-02-2024,275812.49,351.716408
3001,3,02-01-2024,Apartment,1,579.75,"$171,262.65",Sold,C0024,01-02-2024,171262.65,295.407762
3007,3,02-01-2024,Apartment,7,720.7,"$231,552.33",Sold,C0076,01-02-2024,231552.33,321.2880949
3020,3,02-01-2024,Apartment,20,781.07,"$258,572.48",Sold,C0017,01-02-2024,258572.48,331.0490481
3025,3,02-01-2024,Apartment,25,923.21,"$296,483.14",Sold,C0044,01-02-2024,296483.14,321.1437701
3032,3,02-01-2024,Apartment,32,923.21,"$242,740.66",Sold,C0079,01-02-2024,242740.66,262.9311424
4011,4,02-01-2024,Apartment,11,794.52,"$201,518.89",Sold,C0004,01-02-2024,201518.89,253.6360192
4022,4,02-01-2024,Apartment,22,794.52,"$263,790.81",Sold,C0123,01-02-2024,263790.81,332.0128002
5004,5,02-01-2024,Apartment,4,798.5,"$250,415.38",Available,,01-02-2024,250415.38,313.6072386
5007,5,02-01-2024,Apartment,7,618.16,"$211,406.87",Available,,01-02-2024,211406.87,341.9937718
5016,5,02-01-2024,Apartment,16,798.5,"$278,575.87",Sold,C0052,01-02-2024,278575.87,348.8739762
5040,5,02-01-2024,Apartment,40,798.28,"$228,410.05",Sold,C0069,01-02-2024,228410.05,286.1277371
10001,1,02-01-2024,Apartment,1,748.06,"$231,594.74",Available,,01-02-2024,231594.74,309.5938026
10007,1,02-01-2024,Apartment,2,715.67,"$229,028.48",Available,,01-02-2024,229028.48,320.0196739
10031,1,02-01-2024,Apartment,4,633.61,"$207,447.24",Sold,C0192,01-02-2024,207447.24,327.4052493
10036,1,02-01-2024,Apartment,4,633.61,"$223,287.36",Sold,C0615,01-02-2024,223287.36,352.4050441
10058,1,02-01-2024,Apartment,7,758.88,"$211,877.66",Sold,C0171,01-02-2024,211877.66,279.1978442
10066,1,02-01-2024,Apartment,8,763.88,"$250,556.69",Sold,C0138,01-02-2024,250556.69,328.0053019
10073,1,02-01-2024,Apartment,9,777.56,"$207,500.42",Available,,01-02-2024,207500.42,266.8609754
10087,1,02-01-2024,Apartment,12,621.14,"$163,621.66",Available,,01-02-2024,163621.66,263.4215475
10092,1,02-01-2024,Apartment,13,719.47,"$194,530.88",Available,,01-02-2024,194530.88,270.3808081
10148,1,02-01-2024,Apartment,19,773.17,"$221,601.42",Available,,01-02-2024,221601.42,286.6140952
10159,1,02-01-2024,Apartment,20,1146.24,"$360,664.73",Sold,C0753,01-02-2024,360664.73,314.6502739
10189,1,02-01-2024,Office,23,1201.5,"$368,692.59",Available,,01-02-2024,368692.59,306.8602497
10192,1,02-01-2024,Apartment,23,1201.5,"$340,382.71",Available,,01-02-2024,340382.71,283.2981357
10207,1,02-01-2024,Apartment,24,1146.11,"$383,398.48",Available,,01-02-2024,383398.48,334.5215381
10214,1,02-01-2024,Apartment,24,1146.11,"$398,853.42",Sold,C0961,01-02-2024,398853.42,348.0062298
10224,1,02-01-2024,Apartment,26,828.98,"$239,287.16",Sold,C1220,01-02-2024,239287.16,288.6525127
10232,1,02-01-2024,Apartment,26,828.98,"$228,918.45",Sold,C0325,01-02-2024,228918.45,276.14472
10273,1,02-01-2024,Apartment,30,753.29,"$190,139.44",Available,,01-02-2024,190139.44,252.412006
10285,1,02-01-2024,Apartment,30,753.29,"$220,767.06",Sold,C1824,01-02-2024,220767.06,293.0704775
10298,1,02-01-2024,Apartment,31,619.78,"$187,245.99",Available,,01-02-2024,187245.99,302.116864
10308,1,02-01-2024,Apartment,32,800.77,"$242,998.88",Sold,C1635,01-02-2024,242998.88,303.4565231
10343,1,02-01-2024,Apartment,36,613.59,"$175,243.75",Sold,C1507,01-02-2024,175243.75,285.6039864
10353,1,02-01-2024,Apartment,38,1355.85,"$415,465.29",Sold,C1671,01-02-2024,415465.29,306.4242283
10359,1,02-01-2024,Apartment,39,742.93,"$225,611.33",Sold,C0480,01-02-2024,225611.33,303.6777758
10382,1,02-01-2024,Apartment,44,779.24,"$256,541.20",Sold,C0585,01-02-2024,256541.2,329.2197526
10385,1,02-01-2024,Apartment,45,767.46,"$216,966.30",Available,,01-02-2024,216966.3,282.7069815
10395,1,02-01-2024,Apartment,46,1153.16,"$314,519.35",Sold,C0198,01-02-2024,314519.35,272.7456294
10398,1,02-01-2024,Apartment,46,1153.16,"$432,586.78",Available,,01-02-2024,432586.78,375.1316209
10408,1,02-01-2024,Apartment,47,771.08,"$216,275.25",Sold,C1699,01-02-2024,216275.25,280.4835426
10412,1,02-01-2024,Apartment,48,1170.93,"$412,010.00",Sold,C0571,01-02-2024,412010,351.8656111
10418,1,02-01-2024,Apartment,48,1170.93,"$299,618.30",Sold,C0906,01-02-2024,299618.3,255.8806248
20010,2,02-01-2024,Apartment,2,788.72,"$261,773.41",Available,,01-02-2024,261773.41,331.8965032
20034,2,02-01-2024,Apartment,4,1281.85,"$442,491.43",Sold,C1517,01-02-2024,442491.43,345.1975114
20036,2,02-01-2024,Apartment,4,1281.85,"$395,263.42",Available,,01-02-2024,395263.42,308.3538792
20046,2,02-01-2024,Apartment,5,933.95,"$240,226.27",Sold,C1871,01-02-2024,240226.27,257.2153434
20099,2,02-01-2024,Apartment,11,1625.05,"$415,188.09",Sold,C0151,01-02-2024,415188.09,255.4925018
20132,2,02-01-2024,Apartment,15,1603.33,"$490,688.71",Sold,C0990,01-02-2024,490688.71,306.0434907
20148,2,02-01-2024,Apartment,17,1397.4,"$424,589.45",Sold,C1792,01-02-2024,424589.45,303.8424574
20159,2,02-01-2024,Office,18,784.76,"$246,731.07",Available,,01-02-2024,246731.07,314.4032188
20167,2,02-01-2024,Office,19,795.52,"$272,400.92",Sold,C1414,01-02-2024,272400.92,342.4186947
20168,2,02-01-2024,Apartment,19,795.52,"$203,418.93",Sold,C1831,01-02-2024,203418.93,255.7056139
20179,2,02-01-2024,Apartment,20,727.55,"$229,804.98",Available,,01-02-2024,229804.98,315.8614253
20187,2,02-01-2024,Apartment,21,921.38,"$242,967.26",Available,,01-02-2024,242967.26,263.6992989
20238,2,02-01-2024,Apartment,26,1577.79,"$471,446.09",Sold,C0823,01-02-2024,471446.09,298.8015452
20265,2,02-01-2024,Apartment,31,629.92,"$186,157.43",Sold,C1676,01-02-2024,186157.43,295.5255112
20292,2,02-01-2024,Apartment,34,800.26,"$246,812.55",Sold,C1853,01-02-2024,246812.55,308.4154525
20318,2,02-01-2024,Apartment,37,780.46,"$246,714.08",Sold,C0859,01-02-2024,246714.08,316.1136765
20328,2,02-01-2024,Apartment,39,788.77,"$222,138.43",Available,,01-02-2024,222138.43,281.6263676
20336,2,02-01-2024,Office,41,654.93,"$247,881.98",Sold,C1177,01-02-2024,247881.98,378.4862199
20374,2,02-01-2024,Office,45,782.2,"$246,500.19",Sold,C1035,01-02-2024,246500.19,315.1370366
20386,2,02-01-2024,Apartment,46,697.74,"$181,636.85",Sold,C1864,01-02-2024,181636.85,260.3216814
20407,2,02-01-2024,Apartment,47,708.32,"$175,899.44",Available,,01-02-2024,175899.44,248.3332957
20422,2,02-01-2024,Apartment,48,788.44,"$259,070.50",Sold,C1500,01-02-2024,259070.5,328.5861955
20429,2,02-01-2024,Apartment,49,1617.9,"$535,928.28",Sold,C1940,01-02-2024,535928.28,331.2493232
20464,2,02-01-2024,Apartment,55,579.26,"$193,601.25",Available,,01-02-2024,193601.25,334.2216794
20472,2,02-01-2024,Office,55,579.26,"$160,912.37",Sold,C0191,01-02-2024,160912.37,277.7895418
30004,3,02-01-2024,Apartment,1,689.75,"$215,437.17",Available,,01-02-2024,215437.17,312.3409496
30009,3,02-01-2024,Apartment,1,689.75,"$241,026.20",Sold,C0971,01-02-2024,241026.2,349.439942
30068,3,02-01-2024,Apartment,7,744.01,"$260,942.91",Available,,01-02-2024,260942.91,350.7250037
30074,3,02-01-2024,Apartment,7,744.01,"$229,899.09",Available,,01-02-2024,229899.09,309
30085,3,02-01-2024,Apartment,8,1152.39,"$395,030.38",Sold,C1798,01-02-2024,395030.38,342.7922665
30089,3,02-01-2024,Apartment,9,1125.84,"$260,798.04",Sold,C1765,01-02-2024,260798.04,231.6475165
30111,3,02-01-2024,Apartment,10,784.09,"$245,109.97",Available,,01-02-2024,245109.97,312.6043822
30176,3,02-01-2024,Apartment,19,1602.22,"$599,096.70",Available,,01-02-2024,599096.7,373.9166282
30206,3,02-01-2024,Apartment,22,1165.89,"$335,996.76",Sold,C0419,01-02-2024,335996.76,288.1890744
30213,3,02-01-2024,Apartment,24,776.04,"$222,919.64",Sold,C0288,01-02-2024,222919.64,287.2527705
30249,3,02-01-2024,Apartment,28,679.93,"$218,529.92",Sold,C0530,01-02-2024,218529.92,321.4006148
30268,3,02-01-2024,Office,29,666,"$202,901.68",Sold,C0147,01-02-2024,202901.68,304.6571772
30287,3,02-01-2024,Apartment,34,768.76,"$266,737.65",Available,,01-02-2024,266737.65,346.9712914
30393,3,02-01-2024,Apartment,48,783.39,"$258,311.50",Sold,C0633,01-02-2024,258311.5,329.7355085
30408,3,02-01-2024,Apartment,49,1174.48,"$406,698.29",Sold,C1644,01-02-2024,406698.29,346.2794513
30410,3,02-01-2024,Apartment,49,1174.48,"$333,111.95",Sold,C0379,01-02-2024,333111.95,283.6250511
30444,3,02-01-2024,Apartment,51,693.85,"$196,234.42",Sold,C0478,01-02-2024,196234.42,282.8196584
30467,3,02-01-2024,Apartment,56,1179.42,"$364,650.23",Sold,C0897,01-02-2024,364650.23,309.1775873
30470,3,02-01-2024,Apartment,56,1179.42,"$342,855.34",Available,,01-02-2024,342855.34,290.6982585
30472,3,02-01-2024,Apartment,56,1179.42,"$341,971.22",Sold,C0273,01-02-2024,341971.22,289.9486358
30484,3,02-01-2024,Apartment,57,1607.94,"$626,247.03",Sold,C0039,01-02-2024,626247.03,389.4716407
30500,3,02-01-2024,Apartment,58,1588.14,"$485,910.88",Sold,C0964,01-02-2024,485910.88,305.9622451
40005,4,02-01-2024,Apartment,1,1615.98,"$421,094.20",Available,,01-02-2024,421094.2,260.5813191
40027,4,02-01-2024,Apartment,3,1630.82,"$449,305.80",Sold,C1935,01-02-2024,449305.8,275.5091304
40053,4,02-01-2024,Office,5,786.98,"$276,785.44",Sold,C1367,01-02-2024,276785.44,351.7058121
40103,4,02-01-2024,Apartment,13,809.06,"$238,462.47",Sold,C0838,01-02-2024,238462.47,294.7401552
40125,4,02-01-2024,Apartment,14,1322.66,"$406,088.42",Sold,C1123,01-02-2024,406088.42,307.0240425
40146,4,02-01-2024,Apartment,18,1294.91,"$330,128.52",Sold,C1819,01-02-2024,330128.52,254.9432161
40159,4,02-01-2024,Apartment,19,1063.07,"$273,344.88",Available,,01-02-2024,273344.88,257.1278279
40170,4,02-01-2024,Apartment,21,801.66,"$234,238.08",Sold,C1053,01-02-2024,234238.08,292.191303
40204,4,02-01-2024,Apartment,26,790.05,"$262,773.49",Sold,C0737,01-02-2024,262773.49,332.60362
40232,4,02-01-2024,Apartment,27,1130.51,"$337,265.88",Sold,C1569,01-02-2024,337265.88,298.3307357
40239,4,02-01-2024,Apartment,29,776.79,"$204,741.22",Sold,C1015,01-02-2024,204741.22,263.5734497
40244,4,02-01-2024,Apartment,29,776.79,"$235,315.07",Sold,C1009,01-02-2024,235315.07,302.9326716
40322,4,02-01-2024,Apartment,39,743.73,"$249,775.93",Available,,01-02-2024,249775.93,335.8422142
40325,4,02-01-2024,Office,39,743.73,"$188,265.35",Sold,C1501,01-02-2024,188265.35,253.1366894
40341,4,02-01-2024,Apartment,40,780.74,"$226,025.07",Sold,C0446,01-02-2024,226025.07,289.5010759
40381,4,02-01-2024,Apartment,45,1160.48,"$385,102.00",Available,,01-02-2024,385102,331.8471667
40396,4,02-01-2024,Apartment,45,1160.48,"$348,106.05",Sold,C1380,01-02-2024,348106.05,299.967298
40400,4,02-01-2024,Apartment,46,800.23,"$217,297.00",Sold,C0546,01-02-2024,217297,271.5431813
40403,4,02-01-2024,Apartment,46,800.23,"$252,741.45",Sold,C0650,01-02-2024,252741.45,315.8360096
40413,4,02-01-2024,Office,48,1621.39,"$432,946.60",Sold,C1789,01-02-2024,432946.6,267.0218763
40419,4,02-01-2024,Office,49,739.7,"$200,232.66",Available,,01-02-2024,200232.66,270.6944167
40423,4,02-01-2024,Office,49,739.7,"$271,334.13",Available,,01-02-2024,271334.13,366.8164526
50016,5,02-01-2024,Apartment,4,799.1,"$224,492.48",Sold,C0440,01-02-2024,224492.48,280.9316481
50041,5,02-01-2024,Apartment,8,782.15,"$250,802.41",Available,,01-02-2024,250802.41,320.6576871
50042,5,02-01-2024,Apartment,8,782.15,"$251,843.70",Sold,C0402,01-02-2024,251843.7,321.9890047
50069,5,02-01-2024,Apartment,10,629.27,"$167,605.40",Sold,C0524,01-02-2024,167605.4,266.348944
50088,5,02-01-2024,Apartment,11,1058.56,"$322,270.39",Available,,01-02-2024,322270.39,304.4422517
50092,5,02-01-2024,Apartment,11,1058.56,"$366,010.60",Sold,C1281,01-02-2024,366010.6,345.7627343
50131,5,02-01-2024,Apartment,17,798.74,"$247,494.01",Sold,C0354,01-02-2024,247494.01,309.855535
50137,5,02-01-2024,Apartment,18,1267.03,"$348,464.51",Sold,C0055,01-02-2024,348464.51,275.0246719
50177,5,02-01-2024,Office,23,1006.65,"$312,643.26",Sold,C0936,01-02-2024,312643.26,310.5779169
50209,5,02-01-2024,Apartment,27,1278.6,"$339,394.02",Available,,01-02-2024,339394.02,265.4419052
50226,5,02-01-2024,Apartment,30,794.93,"$216,358.57",Available,,01-02-2024,216358.57,272.1731096
50275,5,02-01-2024,Apartment,36,627.56,"$192,979.14",Sold,C1542,01-02-2024,192979.14,307.507075
50280,5,02-01-2024,Apartment,36,627.56,"$179,866.96",Sold,C0505,01-02-2024,179866.96,286.6131685
50316,5,02-01-2024,Apartment,41,630.83,"$194,865.61",Available,,01-02-2024,194865.61,308.9035239
50320,5,02-01-2024,Apartment,42,791.2,"$237,927.19",Available,,01-02-2024,237927.19,300.7168731
50345,5,02-01-2024,Apartment,44,806.03,"$260,008.44",Sold,C1224,01-02-2024,260008.44,322.57911
50369,5,02-01-2024,Apartment,45,608.89,"$152,795.03",Available,,01-02-2024,152795.03,250.9402848
50373,5,02-01-2024,Apartment,45,608.89,"$175,491.09",Sold,C0617,01-02-2024,175491.09,288.2147679
50399,5,02-01-2024,Apartment,47,1241.14,"$344,983.80",Sold,C0465,01-02-2024,344983.8,277.9572006
50404,5,02-01-2024,Office,47,1241.14,"$423,673.58",Sold,C1867,01-02-2024,423673.58,341.3584124
50430,5,02-01-2024,Apartment,50,1261.07,"$314,928.35",Sold,C1810,01-02-2024,314928.35,249.7310617
50440,5,02-01-2024,Apartment,52,1755.18,"$578,028.54",Sold,C0309,01-02-2024,578028.54,329.3272143
60004,6,02-01-2024,Apartment,1,1720.95,"$445,409.00",Sold,C1842,01-02-2024,445409,258.8157704
60034,6,02-01-2024,Apartment,3,605.21,"$168,558.20",Sold,C0228,01-02-2024,168558.2,278.5119215
60060,6,02-01-2024,Apartment,5,1617.43,"$436,787.87",Sold,C1141,01-02-2024,436787.87,270.0505555
60075,6,02-01-2024,Apartment,7,1075.42,"$300,722.76",Available,,01-02-2024,300722.76,279.6328504
60085,6,02-01-2024,Apartment,7,1075.42,"$301,361.61",Available,,01-02-2024,301361.61,280.2268974
60108,6,02-01-2024,Apartment,9,1194.12,"$329,559.53",Sold,C0320,01-02-2024,329559.53,275.9852695
60170,6,02-01-2024,Apartment,15,1392.45,"$377,789.49",Sold,C0534,01-02-2024,377789.49,271.3127868
60187,6,02-01-2024,Apartment,17,1502.18,"$409,549.01",Sold,C0885,01-02-2024,409549.01,272.6364417
60196,6,02-01-2024,Apartment,19,1542.71,"$481,017.54",Available,,01-02-2024,481017.54,311.8003643
60216,6,02-01-2024,Apartment,20,1897.17,"$616,363.69",Available,,01-02-2024,616363.69,324.885851
60232,6,02-01-2024,Apartment,22,1656.54,"$518,178.17",Sold,C1273,01-02-2024,518178.17,312.8075205
60247,6,02-01-2024,Apartment,25,1086.43,"$309,997.56",Sold,C0873,01-02-2024,309997.56,285.3359719
60255,6,02-01-2024,Apartment,26,1538.47,"$522,654.07",Sold,C0569,01-02-2024,522654.07,339.723277
60262,6,02-01-2024,Apartment,27,830.65,"$303,119.09",Sold,C0174,01-02-2024,303119.09,364.9179438
60295,6,02-01-2024,Apartment,33,1131,"$344,027.61",Sold,C0864,01-02-2024,344027.61,304.1800265
60333,6,02-01-2024,Apartment,37,1721.96,"$450,279.00",Sold,C0610,01-02-2024,450279,261.4921369
60365,6,02-01-2024,Apartment,41,940.72,"$260,940.86",Sold,C0657,01-02-2024,260940.86,277.3841951
60391,6,02-01-2024,Apartment,46,1870.54,"$625,384.45",Sold,C0670,01-02-2024,625384.45,334.3336416
60412,6,02-01-2024,Office,50,1579.99,"$503,351.90",Sold,C0125,01-02-2024,503351.9,318.5791682
60414,6,02-01-2024,Apartment,50,1579.99,"$443,496.60",Sold,C1098,01-02-2024,443496.6,280.6958272
60418,6,02-01-2024,Apartment,51,1476.63,"$488,398.75",Sold,C1574,01-02-2024,488398.75,330.7522873
60436,6,02-01-2024,Apartment,51,1476.63,"$387,086.20",Sold,C1332,01-02-2024,387086.2,262.1416333
70009,7,02-01-2024,Apartment,2,1478.43,"$498,858.03",Sold,C0835,01-02-2024,498858.03,337.4241797
70018,7,02-01-2024,Apartment,3,888.5,"$220,771.71",Sold,C1207,01-02-2024,220771.71,248.4768824
70038,7,02-01-2024,Apartment,6,1232.31,"$364,484.54",Sold,C0590,01-02-2024,364484.54,295.7734174
70052,7,02-01-2024,Office,9,926.11,"$247,542.10",Sold,C1188,01-02-2024,247542.1,267.2923303
70073,7,02-01-2024,Office,11,834.5,"$238,056.63",Sold,C0765,01-02-2024,238056.63,285.26858
70081,7,02-01-2024,Apartment,12,804.65,"$234,661.19",Available,,01-02-2024,234661.19,291.6313801
70102,7,02-01-2024,Apartment,13,604.6,"$173,890.35",Sold,C1825,01-02-2024,173890.35,287.612223
70107,7,02-01-2024,Apartment,14,714.65,"$199,934.81",Sold,C1888,01-02-2024,199934.81,279.7660533
70129,7,02-01-2024,Office,15,602.92,"$171,413.40",Available,,01-02-2024,171413.4,284.3053805
70149,7,02-01-2024,Office,18,703.28,"$202,165.96",Sold,C1117,01-02-2024,202165.96,287.4615516
70205,7,02-01-2024,Office,23,1222.69,"$423,809.45",Sold,C1649,01-02-2024,423809.45,346.6205252
70221,7,02-01-2024,Apartment,24,852.99,"$230,863.47",Available,,01-02-2024,230863.47,270.6520241
70244,7,02-01-2024,Apartment,27,768.05,"$231,142.92",Available,,01-02-2024,231142.92,300.9477508
70255,7,02-01-2024,Apartment,28,694.55,"$212,583.80",Sold,C1756,01-02-2024,212583.8,306.0741487
70279,7,02-01-2024,Apartment,33,1266.64,"$372,583.37",Available,,01-02-2024,372583.37,294.1509584
70303,7,02-01-2024,Apartment,36,1748.75,"$539,246.07",Sold,C0589,01-02-2024,539246.07,308.3608692
70330,7,02-01-2024,Apartment,39,1298.32,"$432,044.48",Sold,C0746,01-02-2024,432044.48,332.7719514
70360,7,02-01-2024,Apartment,42,702.08,"$201,870.11",Available,,01-02-2024,201870.11,287.5314921
70367,7,02-01-2024,Apartment,43,498.61,"$134,300.91",Sold,C1169,01-02-2024,134300.91,269.3506147
70382,7,02-01-2024,Office,43,498.61,"$177,534.71",Sold,C1953,01-02-2024,177534.71,356.0592648
70407,7,02-01-2024,Apartment,48,533.35,"$172,251.51",Sold,C0368,01-02-2024,172251.51,322.9614887
70408,7,02-01-2024,Apartment,48,533.35,"$155,737.30",Sold,C0932,01-02-2024,155737.3,291.9983126
70419,7,02-01-2024,Apartment,49,1383.05,"$427,566.10",Sold,C0235,01-02-2024,427566.1,309.147247
70441,7,02-01-2024,Apartment,52,1281.14,"$405,665.29",Sold,C1906,01-02-2024,405665.29,316.6439968
70508,7,02-01-2024,Apartment,58,1629.83,"$503,113.61",Sold,C1811,01-02-2024,503113.61,308.6908512
70514,7,02-01-2024,Apartment,59,765.3,"$200,421.60",Sold,C1883,01-02-2024,200421.6,261.8863191
80067,8,02-01-2024,Office,7,1352.74,"$449,983.92",Sold,C1318,01-02-2024,449983.92,332.6462735
80083,8,02-01-2024,Apartment,9,1869.81,"$582,311.86",Sold,C0311,01-02-2024,582311.86,311.428359
80154,8,02-01-2024,Apartment,20,774.16,"$209,735.82",Sold,C0217,01-02-2024,209735.82,270.9205074
80162,8,02-01-2024,Apartment,21,1501.64,"$468,640.92",Sold,C0339,01-02-2024,468640.92,312.0860659
80165,8,02-01-2024,Apartment,21,1501.64,"$486,911.94",Available,,01-02-2024,486911.94,324.2534429
80201,8,02-01-2024,Office,28,1431.61,"$495,114.94",Available,,01-02-2024,495114.94,345.844846
80254,8,02-01-2024,Apartment,31,1253.18,"$405,445.85",Sold,C1991,01-02-2024,405445.85,323.5336105
80257,8,02-01-2024,Apartment,31,1253.18,"$425,894.16",Sold,C0268,01-02-2024,425894.16,339.8507477
80264,8,02-01-2024,Apartment,32,1410.88,"$413,926.67",Sold,C1631,01-02-2024,413926.67,293.3819106
80274,8,02-01-2024,Apartment,33,1809.87,"$619,858.51",Available,,01-02-2024,619858.51,342.4878638
80288,8,02-01-2024,Apartment,33,1809.87,"$586,005.80",Available,,01-02-2024,586005.8,323.7833657
80314,8,02-01-2024,Office,37,890.65,"$231,540.88",Available,,01-02-2024,231540.88,259.9684276
80351,8,02-01-2024,Apartment,41,610.26,"$183,933.28",Sold,C1847,01-02-2024,183933.28,301.401501
80368,8,02-01-2024,Office,44,1862.29,"$528,253.73",Sold,C1843,01-02-2024,528253.73,283.6581467
80389,8,02-01-2024,Apartment,46,1175.51,"$379,271.26",Available,,01-02-2024,379271.26,322.6440098
80394,8,02-01-2024,Apartment,46,1175.51,"$362,475.15",Sold,C0140,01-02-2024,362475.15,308.3556499
80495,8,02-01-2024,Apartment,57,1949.35,"$661,652.26",Sold,C1475,01-02-2024,661652.26,339.4219919
80498,8,02-01-2024,Apartment,58,1448.59,"$461,206.00",Sold,C1798,01-02-2024,461206,318.3827032
80500,8,02-01-2024,Apartment,58,1448.59,"$403,486.07",Sold,C0771,01-02-2024,403486.07,278.5371085
90017,9,02-01-2024,Apartment,4,1139.87,"$334,770.85",Available,,01-02-2024,334770.85,293.6921316
90054,9,02-01-2024,Apartment,9,1391.22,"$446,754.19",Sold,C1641,01-02-2024,446754.19,321.1240422
90059,9,02-01-2024,Apartment,10,1172.34,"$314,905.23",Sold,C1175,01-02-2024,314905.23,268.6125441
90067,9,02-01-2024,Office,12,952.38,"$282,067.46",Available,,01-02-2024,282067.46,296.1711292
90070,9,02-01-2024,Apartment,12,952.38,"$286,978.17",Sold,C0143,01-02-2024,286978.17,301.3273798
90071,9,02-01-2024,Apartment,12,952.38,"$329,573.31",Sold,C1157,01-02-2024,329573.31,346.0523216
90093,9,02-01-2024,Apartment,16,924.6,"$259,062.01",Available,,01-02-2024,259062.01,280.1882003
90096,9,02-01-2024,Apartment,16,924.6,"$241,264.21",Sold,C1426,01-02-2024,241264.21,260.9390115
90108,9,02-01-2024,Office,17,1481.32,"$454,264.31",Sold,C1741,01-02-2024,454264.31,306.6618354
90170,9,02-01-2024,Apartment,26,1038.39,"$297,132.68",Sold,C0243,01-02-2024,297132.68,286.1474783
90173,9,02-01-2024,Apartment,26,1038.39,"$278,732.11",Sold,C0147,01-02-2024,278732.11,268.4271902
90190,9,02-01-2024,Apartment,28,1931.82,"$560,165.35",Sold,C1463,01-02-2024,560165.35,289.967673
90205,9,02-01-2024,Office,30,1250.17,"$401,575.56",Sold,C1083,01-02-2024,401575.56,321.2167625
90212,9,02-01-2024,Apartment,31,1052.27,"$285,509.27",Sold,C0818,01-02-2024,285509.27,271.3270073
90238,9,02-01-2024,Apartment,34,1577.36,"$487,674.60",Sold,C0637,01-02-2024,487674.6,309.1714003
90251,9,02-01-2024,Apartment,34,1577.36,"$404,127.79",Sold,C0872,01-02-2024,404127.79,256.2051719
90262,9,02-01-2024,Apartment,34,1577.36,"$401,074.47",Available,,01-02-2024,401074.47,254.2694566
90264,9,02-01-2024,Office,34,1577.36,"$573,336.74",Sold,C1412,01-02-2024,573336.74,363.4786859
90324,9,02-01-2024,Apartment,39,1839.34,"$564,258.40",Available,,01-02-2024,564258.4,306.7722118
90360,9,02-01-2024,Office,43,1908.91,"$551,266.41",Sold,C1386,01-02-2024,551266.41,288.7859616
90364,9,02-01-2024,Office,43,1908.91,"$578,538.26",Sold,C0997,01-02-2024,578538.26,303.0725702
90365,9,02-01-2024,Apartment,43,1908.91,"$579,686.70",Sold,C1732,01-02-2024,579686.7,303.674191
90447,9,02-01-2024,Apartment,56,1516.4,"$432,303.16",Available,,01-02-2024,432303.16,285.0851754
90463,9,02-01-2024,Apartment,57,1198.57,"$353,174.47",Sold,C0622,01-02-2024,353174.47,294.6631986
90483,9,02-01-2024,Apartment,58,838.34,"$278,010.89",Sold,C0349,01-02-2024,278010.89,331.6206909
90494,9,02-01-2024,Apartment,58,838.34,"$242,090.36",Sold,C0190,01-02-2024,242090.36,288.7734809
90530,9,02-01-2024,Apartment,62,1263.44,"$419,687.28",Sold,C1038,01-02-2024,419687.28,332.1782435
90537,9,02-01-2024,Apartment,62,1263.44,"$387,129.95",Sold,C0979,01-02-2024,387129.95,306.4094456
100016,10,02-01-2024,Apartment,4,1765.37,"$534,131.64",Sold,C0257,01-02-2024,534131.64,302.5607323
100040,10,02-01-2024,Apartment,5,1741.96,"$591,831.53",Sold,C1948,01-02-2024,591831.53,339.7503559
100045,10,02-01-2024,Apartment,5,1741.96,"$560,195.06",Sold,C0024,01-02-2024,560195.06,321.5889343
100050,10,02-01-2024,Apartment,5,1741.96,"$586,817.19",Available,,01-02-2024,586817.19,336.8717938
100092,10,02-01-2024,Apartment,11,1675.44,"$509,478.53",Sold,C0730,01-02-2024,509478.53,304.0864072
100100,10,02-01-2024,Apartment,12,852.74,"$249,297.36",Sold,C1442,01-02-2024,249297.36,292.3486174
100104,10,02-01-2024,Apartment,14,1318.01,"$335,251.84",Sold,C1072,01-02-2024,335251.84,254.3621369
100113,10,02-01-2024,Apartment,15,1948.32,"$603,778.82",Sold,C0485,01-02-2024,603778.82,309.8971524
100138,10,02-01-2024,Apartment,18,1244.03,"$407,871.00",Available,,01-02-2024,407871,327.8626721
100162,10,02-01-2024,Office,20,1264.43,"$472,251.60",Sold,C1455,01-02-2024,472251.6,373.4897147
100174,10,02-01-2024,Apartment,23,912.32,"$241,562.75",Sold,C1672,01-02-2024,241562.75,264.7785317
100178,10,02-01-2024,Apartment,24,708.64,"$251,362.44",Available,,01-02-2024,251362.44,354.7110522
100216,10,02-01-2024,Office,27,777.35,"$200,393.81",Available,,01-02-2024,200393.81,257.7909693
100225,10,02-01-2024,Apartment,28,1606.58,"$554,352.77",Sold,C1137,01-02-2024,554352.77,345.0514571
100240,10,02-01-2024,Apartment,29,486.78,"$150,872.25",Available,,01-02-2024,150872.25,309.939295
100250,10,02-01-2024,Apartment,30,1559.4,"$395,419.06",Sold,C0839,01-02-2024,395419.06,253.5712838
100277,10,02-01-2024,Apartment,32,1661.46,"$494,550.09",Sold,C1545,01-02-2024,494550.09,297.6599437
100287,10,02-01-2024,Apartment,33,1010.7,"$309,658.36",Sold,C1127,01-02-2024,309658.36,306.380093
100289,10,02-01-2024,Apartment,34,1435.44,"$451,060.97",Sold,C1396,01-02-2024,451060.97,314.2318523
100305,10,02-01-2024,Apartment,36,1920.65,"$547,817.26",Sold,C0439,01-02-2024,547817.26,285.2249291
100386,10,02-01-2024,Office,44,1224.71,"$449,002.59",Sold,C0678,01-02-2024,449002.59,366.6195181
100399,10,02-01-2024,Apartment,46,1525.34,"$440,318.57",Sold,C0357,01-02-2024,440318.57,288.6691295
100403,10,02-01-2024,Apartment,47,1047.27,"$299,414.37",Sold,C1954,01-02-2024,299414.37,285.8998826
100414,10,02-01-2024,Office,50,1138.32,"$378,281.56",Available,,01-02-2024,378281.56,332.3156582
100423,10,02-01-2024,Apartment,50,1138.32,"$298,598.28",Sold,C0629,01-02-2024,298598.28,262.3148851
110035,11,02-01-2024,Office,4,1414.25,"$438,900.24",Sold,C1468,01-02-2024,438900.24,310.3413399
110070,11,02-01-2024,Apartment,8,1001.41,"$274,171.11",Available,,01-02-2024,274171.11,273.785073
110077,11,02-01-2024,Apartment,9,904.49,"$228,258.16",Available,,01-02-2024,228258.16,252.3611759
110091,11,02-01-2024,Apartment,10,1519.64,"$449,749.30",Sold,C0296,01-02-2024,449749.3,295.9577926
110105,11,02-01-2024,Apartment,12,1754.75,"$572,512.32",Available,,01-02-2024,572512.32,326.2643226
110110,11,02-01-2024,Apartment,13,474.93,"$145,190.73",Sold,C0127,01-02-2024,145190.73,305.7097467
110111,11,02-01-2024,Apartment,13,474.93,"$155,082.84",Sold,C0988,01-02-2024,155082.84,326.5383109
110151,11,02-01-2024,Apartment,15,1385.68,"$401,057.84",Available,,01-02-2024,401057.84,289.4303447
110162,11,02-01-2024,Apartment,17,1946.06,"$568,732.24",Sold,C0017,01-02-2024,568732.24,292.2480499
110170,11,02-01-2024,Apartment,18,1562.55,"$464,407.30",Available,,01-02-2024,464407.3,297.2111612
110183,11,02-01-2024,Apartment,20,570.62,"$137,803.15",Sold,C1341,01-02-2024,137803.15,241.4972311
110186,11,02-01-2024,Apartment,20,570.62,"$146,420.07",Sold,C0977,01-02-2024,146420.07,256.598209
110198,11,02-01-2024,Apartment,23,1098.83,"$316,820.96",Sold,C0900,01-02-2024,316820.96,288.3257283
110231,11,02-01-2024,Apartment,28,868.85,"$252,018.84",Available,,01-02-2024,252018.84,290.0602405
110252,11,02-01-2024,Apartment,30,642.72,"$195,607.16",Sold,C1467,01-02-2024,195607.16,304.3427309
110256,11,02-01-2024,Apartment,30,642.72,"$220,468.16",Sold,C1998,01-02-2024,220468.16,343.0236495
110268,11,02-01-2024,Apartment,32,1285.87,"$405,581.66",Available,,01-02-2024,405581.66,315.4142021
110277,11,02-01-2024,Apartment,34,680.07,"$160,844.99",Sold,C1939,01-02-2024,160844.99,236.5124031
110278,11,02-01-2024,Apartment,34,680.07,"$210,801.14",Sold,C1617,01-02-2024,210801.14,309.9697678
110318,11,02-01-2024,Apartment,38,788.47,"$266,440.10",Available,,01-02-2024,266440.1,337.9204028
110319,11,02-01-2024,Apartment,38,788.47,"$239,301.80",Available,,01-02-2024,239301.8,303.5014649
110323,11,02-01-2024,Apartment,38,788.47,"$213,928.44",Sold,C1153,01-02-2024,213928.44,271.3209634
110328,11,02-01-2024,Apartment,39,1816.63,"$527,323.78",Sold,C1690,01-02-2024,527323.78,290.2758294
110340,11,02-01-2024,Office,42,808.59,"$279,490.72",Sold,C1264,01-02-2024,279490.72,345.6519621
110362,11,02-01-2024,Apartment,43,810.65,"$272,425.15",Sold,C1666,01-02-2024,272425.15,336.0576698
110377,11,02-01-2024,Apartment,44,434.38,"$135,325.56",Available,,01-02-2024,135325.56,311.5372715
110382,11,02-01-2024,Apartment,44,434.38,"$121,290.66",Available,,01-02-2024,121290.66,279.2270823
110393,11,02-01-2024,Apartment,46,1798.85,"$539,324.57",Sold,C0918,01-02-2024,539324.57,299.8163104
110399,11,02-01-2024,Apartment,47,1456.74,"$432,160.10",Available,,01-02-2024,432160.1,296.6624792
110401,11,02-01-2024,Apartment,47,1456.74,"$526,240.58",Available,,01-02-2024,526240.58,361.2453698
110430,11,02-01-2024,Apartment,51,1318.98,"$398,457.32",Available,,01-02-2024,398457.32,302.0950431
110434,11,02-01-2024,Apartment,52,1397.58,"$352,401.08",Sold,C1791,01-02-2024,352401.08,252.150918
110503,11,02-01-2024,Apartment,60,1295.04,"$423,474.91",Sold,C1551,01-02-2024,423474.91,326.9975522
110521,11,02-01-2024,Apartment,61,1299.46,"$381,636.61",Sold,C0607,01-02-2024,381636.61,293.6886168
120003,12,02-01-2024,Apartment,1,839.95,"$217,050.04",Sold,C0291,01-02-2024,217050.04,258.4082862
120016,12,02-01-2024,Apartment,2,1285.87,"$402,461.19",Sold,C1922,01-02-2024,402461.19,312.9874637
120055,12,02-01-2024,Apartment,5,495.04,"$130,153.08",Sold,C0333,01-02-2024,130153.08,262.9142696
120075,12,02-01-2024,Apartment,9,857.88,"$255,383.06",Sold,C1856,01-02-2024,255383.06,297.6908892
120162,12,02-01-2024,Apartment,18,1702.66,"$527,049.84",Sold,C1559,01-02-2024,527049.84,309.5449708
120231,12,02-01-2024,Office,24,1306.75,"$423,036.11",Sold,C0817,01-02-2024,423036.11,323.7314789
120244,12,02-01-2024,Apartment,26,557.9,"$198,532.55",Sold,C1201,01-02-2024,198532.55,355.856874
120268,12,02-01-2024,Apartment,28,1563.65,"$435,197.19",Available,,01-02-2024,435197.19,278.3213571
120308,12,02-01-2024,Office,34,1817.64,"$588,363.08",Available,,01-02-2024,588363.08,323.6961555
120385,12,02-01-2024,Apartment,44,635.36,"$164,217.44",Sold,C0688,01-02-2024,164217.44,258.4636112
120394,12,02-01-2024,Apartment,46,1736.02,"$458,985.23",Sold,C0154,01-02-2024,458985.23,264.3893676
120405,12,02-01-2024,Apartment,47,1528.05,"$383,671.53",Sold,C1640,01-02-2024,383671.53,251.0857171
130021,13,02-01-2024,Apartment,2,1651.02,"$522,366.74",Sold,C1694,01-02-2024,522366.74,316.3903163
130116,13,02-01-2024,Apartment,14,777.75,"$252,155.48",Sold,C0173,01-02-2024,252155.48,324.2114818
130123,13,02-01-2024,Office,15,458.29,"$143,990.03",Available,,01-02-2024,143990.03,314.1897707
130135,13,02-01-2024,Apartment,15,458.29,"$144,083.93",Available,,01-02-2024,144083.93,314.3946628
130155,13,02-01-2024,Apartment,18,1820.34,"$594,617.02",Available,,01-02-2024,594617.02,326.6516255
130221,13,02-01-2024,Apartment,25,633.86,"$185,804.91",Available,,01-02-2024,185804.91,293.1324109
130252,13,02-01-2024,Apartment,29,568.7,"$186,326.20",Sold,C1102,01-02-2024,186326.2,327.6353086
130253,13,02-01-2024,Apartment,30,1777.51,"$531,809.36",Available,,01-02-2024,531809.36,299.1878302
130296,13,02-01-2024,Apartment,33,1445.84,"$417,694.59",Available,,01-02-2024,417694.59,288.8940616
130323,13,02-01-2024,Apartment,36,1061.26,"$295,619.47",Sold,C1832,01-02-2024,295619.47,278.5551797
130324,13,02-01-2024,Apartment,37,1555.67,"$443,868.07",Available,,01-02-2024,443868.07,285.3227677
130354,13,02-01-2024,Apartment,39,1054.77,"$280,107.39",Sold,C1808,01-02-2024,280107.39,265.5625302
130373,13,02-01-2024,Apartment,41,1168.7,"$339,690.34",Sold,C0253,01-02-2024,339690.34,290.6565757
130374,13,02-01-2024,Apartment,41,1168.7,"$351,530.20",Available,,01-02-2024,351530.2,300.7873706
130443,13,02-01-2024,Office,49,572.01,"$196,398.29",Sold,C1481,01-02-2024,196398.29,343.3476513
130447,13,02-01-2024,Office,50,1469.09,"$520,703.06",Sold,C1392,01-02-2024,520703.06,354.4391834
130470,13,02-01-2024,Apartment,53,968.77,"$267,056.16",Sold,C1275,01-02-2024,267056.16,275.6651837
130489,13,02-01-2024,Apartment,56,606.9,"$204,268.81",Sold,C1162,01-02-2024,204268.81,336.5773768
130492,13,02-01-2024,Apartment,57,1717.49,"$573,220.30",Available,,01-02-2024,573220.3,333.7546652
130507,13,02-01-2024,Apartment,59,1434.04,"$373,228.01",Available,,01-02-2024,373228.01,260.263319
130531,13,02-01-2024,Apartment,60,1401.81,"$433,286.92",Sold,C1836,01-02-2024,433286.92,309.0910466
130550,13,02-01-2024,Apartment,63,1623.8,"$503,380.47",Sold,C0415,01-02-2024,503380.47,310.0015211
130553,13,02-01-2024,Apartment,64,792.66,"$258,606.95",Available,,01-02-2024,258606.95,326.2520501
130566,13,02-01-2024,Apartment,66,1283.8,"$370,346.72",Sold,C1295,01-02-2024,370346.72,288.476959
130602,13,02-01-2024,Apartment,70,750.41,"$207,425.57",Available,,01-02-2024,207425.57,276.4163191
130606,13,02-01-2024,Apartment,70,750.41,"$209,844.72",Available,,01-02-2024,209844.72,279.6400901
140040,14,02-01-2024,Apartment,7,641.37,"$188,463.78",Sold,C1020,01-02-2024,188463.78,293.8456429
140063,14,02-01-2024,Apartment,8,618.89,"$173,044.31",Available,,01-02-2024,173044.31,279.6043077
140094,14,02-01-2024,Apartment,12,459.44,"$141,454.76",Available,,01-02-2024,141454.76,307.8851645
140104,14,02-01-2024,Apartment,12,459.44,"$138,008.71",Sold,C0970,01-02-2024,138008.71,300.3846204
140145,14,02-01-2024,Apartment,15,784.04,"$245,553.02",Sold,C1691,01-02-2024,245553.02,313.1894036
140149,14,02-01-2024,Apartment,16,915.37,"$331,782.88",Sold,C0863,01-02-2024,331782.88,362.4576729
140153,14,02-01-2024,Apartment,16,915.37,"$227,003.78",Available,,01-02-2024,227003.78,247.9912822
140160,14,02-01-2024,Office,17,686.6,"$258,061.02",Sold,C0031,01-02-2024,258061.02,375.85351
140168,14,02-01-2024,Apartment,17,686.6,"$206,669.27",Sold,C1362,01-02-2024,206669.27,301.0038887
140188,14,02-01-2024,Apartment,21,1560.87,"$505,990.58",Available,,01-02-2024,505990.58,324.1721476
140225,14,02-01-2024,Apartment,24,1205.25,"$366,849.92",Sold,C1200,01-02-2024,366849.92,304.376619
140244,14,02-01-2024,Apartment,28,486.35,"$171,063.35",Sold,C1471,01-02-2024,171063.35,351.7288989
140262,14,02-01-2024,Apartment,29,1618.34,"$490,221.54",Available,,01-02-2024,490221.54,302.9162846
140265,14,02-01-2024,Apartment,29,1618.34,"$425,122.86",Sold,C1570,01-02-2024,425122.86,262.6906954
140282,14,02-01-2024,Apartment,33,1894.96,"$604,547.34",Sold,C0874,01-02-2024,604547.34,319.0290771
140288,14,02-01-2024,Apartment,33,1894.96,"$599,891.42",Sold,C0409,01-02-2024,599891.42,316.5720754
140304,14,02-01-2024,Apartment,35,1152.84,"$349,385.29",Sold,C1550,01-02-2024,349385.29,303.0648572
140306,14,02-01-2024,Apartment,35,1152.84,"$350,392.89",Available,,01-02-2024,350392.89,303.9388727
140316,14,02-01-2024,Apartment,37,1469.73,"$406,638.17",Available,,01-02-2024,406638.17,276.6754234
140345,14,02-01-2024,Apartment,41,543.61,"$149,919.38",Sold,C0405,01-02-2024,149919.38,275.784809
140357,14,02-01-2024,Apartment,43,520.49,"$158,596.58",Sold,C1028,01-02-2024,158596.58,304.706296
140422,14,02-01-2024,Apartment,51,1346.3,"$500,190.62",Sold,C0727,01-02-2024,500190.62,371.5298373
140450,14,02-01-2024,Apartment,53,1493.72,"$491,592.98",Sold,C1402,01-02-2024,491592.98,329.1065126
150006,15,02-01-2024,Apartment,1,1596.51,"$537,350.96",Sold,C1567,01-02-2024,537350.96,336.5785119
150016,15,02-01-2024,Apartment,2,1522.89,"$564,438.29",Sold,C0199,01-02-2024,564438.29,370.6362836
150051,15,02-01-2024,Office,8,1056.46,"$368,058.42",Sold,C1576,01-02-2024,368058.42,348.3884104
150092,15,02-01-2024,Apartment,14,1832.17,"$574,884.08",Sold,C1001,01-02-2024,574884.08,313.7722373
150112,15,02-01-2024,Apartment,16,1692.61,"$404,581.32",Sold,C0478,01-02-2024,404581.32,239.0280809
150137,15,02-01-2024,Apartment,17,562.64,"$184,006.79",Available,,01-02-2024,184006.79,327.0417852
150138,15,02-01-2024,Apartment,17,562.64,"$161,202.01",Available,,01-02-2024,161202.01,286.5100419
150144,15,02-01-2024,Apartment,17,562.64,"$145,618.18",Sold,C0437,01-02-2024,145618.18,258.8123489
150159,15,02-01-2024,Apartment,21,1271.25,"$367,447.17",Available,,01-02-2024,367447.17,289.0439882
150187,15,02-01-2024,Apartment,23,1279.23,"$446,463.88",Sold,C1245,01-02-2024,446463.88,349.0098575
150216,15,02-01-2024,Apartment,24,924.36,"$270,962.44",Sold,C1704,01-02-2024,270962.44,293.1351854
150248,15,02-01-2024,Apartment,30,1523.22,"$397,859.23",Available,,01-02-2024,397859.23,261.19617
150254,15,02-01-2024,Office,30,1523.22,"$574,838.10",Sold,C1438,01-02-2024,574838.1,377.3835034
150265,15,02-01-2024,Apartment,31,1901.65,"$473,479.09",Sold,C0461,01-02-2024,473479.09,248.9832987
150274,15,02-01-2024,Apartment,32,1338.63,"$436,593.99",Sold,C1150,01-02-2024,436593.99,326.1498622
150281,15,02-01-2024,Apartment,34,1304.22,"$396,890.26",Sold,C1562,01-02-2024,396890.26,304.3123553
150301,15,02-01-2024,Apartment,35,745.49,"$236,366.58",Sold,C0979,01-02-2024,236366.58,317.0620397
150303,15,02-01-2024,Apartment,35,745.49,"$200,227.78",Sold,C1321,01-02-2024,200227.78,268.5854673
150321,15,02-01-2024,Apartment,37,763.09,"$254,595.83",Sold,C1123,01-02-2024,254595.83,333.6380112
150393,15,02-01-2024,Office,50,1841.5,"$579,649.56",Sold,C0019,01-02-2024,579649.56,314.7703285
150398,15,02-01-2024,Apartment,50,1841.5,"$629,261.99",Sold,C0730,01-02-2024,629261.99,341.7116427
150406,15,02-01-2024,Apartment,51,1689.08,"$410,092.17",Sold,C0930,01-02-2024,410092.17,242.7902586
150413,15,02-01-2024,Office,52,829.2,"$275,828.72",Sold,C0831,01-02-2024,275828.72,332.6443801
150449,15,02-01-2024,Apartment,55,892.75,"$261,235.71",Available,,01-02-2024,261235.71,292.6191095
150471,15,02-01-2024,Apartment,57,429.34,"$139,826.60",Sold,C1680,01-02-2024,139826.6,325.6780174
150496,15,02-01-2024,Apartment,58,1750.89,"$578,952.08",Sold,C1688,01-02-2024,578952.08,330.661595
150516,15,02-01-2024,Office,60,1033.2,"$383,627.20",Sold,C0499,01-02-2024,383627.2,371.3000387
160080,16,02-01-2024,Apartment,9,1524.04,"$414,540.90",Available,,01-02-2024,414540.9,272.0013254
160086,16,02-01-2024,Apartment,10,1608.56,"$536,362.57",Sold,C0146,01-02-2024,536362.57,333.4426879
160088,16,02-01-2024,Apartment,10,1608.56,"$461,116.22",Sold,C0439,01-02-2024,461116.22,286.6639852
160094,16,02-01-2024,Apartment,10,1608.56,"$439,467.59",Sold,C1776,01-02-2024,439467.59,273.2055938
160104,16,02-01-2024,Apartment,11,1288.42,"$413,006.80",Sold,C1933,01-02-2024,413006.8,320.5529253
160109,16,02-01-2024,Apartment,11,1288.42,"$399,439.17",Sold,C1762,01-02-2024,399439.17,310.0224849
160127,16,02-01-2024,Apartment,14,660.84,"$191,795.51",Sold,C0454,01-02-2024,191795.51,290.2298741
160164,16,02-01-2024,Apartment,21,837.95,"$266,754.60",Sold,C1138,01-02-2024,266754.6,318.3419058
160173,16,02-01-2024,Apartment,21,837.95,"$255,581.66",Sold,C0965,01-02-2024,255581.66,305.0082463
160183,16,02-01-2024,Apartment,22,1575.06,"$443,913.41",Sold,C0468,01-02-2024,443913.41,281.8390474
160198,16,02-01-2024,Office,25,853.37,"$252,105.14",Sold,C1946,01-02-2024,252105.14,295.423017
160218,16,02-01-2024,Apartment,27,1164.55,"$377,256.14",Sold,C1112,01-02-2024,377256.14,323.9501438
160222,16,02-01-2024,Apartment,27,1164.55,"$344,197.65",Available,,01-02-2024,344197.65,295.5627925
160229,16,02-01-2024,Apartment,28,1440.71,"$357,442.82",Sold,C1216,01-02-2024,357442.82,248.1018526
160252,16,02-01-2024,Apartment,29,489.49,"$141,541.69",Sold,C0266,01-02-2024,141541.69,289.1615559
160256,16,02-01-2024,Apartment,29,489.49,"$140,776.38",Sold,C1233,01-02-2024,140776.38,287.5980715
160292,16,02-01-2024,Apartment,35,629.97,"$193,715.82",Sold,C0137,01-02-2024,193715.82,307.5000714
160294,16,02-01-2024,Apartment,35,629.97,"$165,950.58",Sold,C0577,01-02-2024,165950.58,263.4261632
160341,16,02-01-2024,Apartment,41,1001.72,"$290,115.22",Sold,C0259,01-02-2024,290115.22,289.6170786
160376,16,02-01-2024,Apartment,43,1185.4,"$384,995.65",Sold,C1874,01-02-2024,384995.65,324.7812131
170023,17,02-01-2024,Apartment,2,1738.5,"$446,275.90",Sold,C0984,01-02-2024,446275.9,256.7016969
170030,17,02-01-2024,Office,2,1738.5,"$497,904.58",Available,,01-02-2024,497904.58,286.3989531
170042,17,02-01-2024,Apartment,5,1829.38,"$596,863.29",Sold,C0199,01-02-2024,596863.29,326.2653413
170055,17,02-01-2024,Apartment,7,1300.91,"$448,573.99",Sold,C1892,01-02-2024,448573.99,344.8155445
170057,17,02-01-2024,Apartment,7,1300.91,"$347,722.15",Sold,C1018,01-02-2024,347722.15,267.2914729
170072,17,02-01-2024,Apartment,9,1505.53,"$476,639.92",Available,,01-02-2024,476639.92,316.5927746
170092,17,02-01-2024,Apartment,11,596.22,"$195,941.56",Available,,01-02-2024,195941.56,328.6396968
170101,17,02-01-2024,Apartment,12,451.91,"$124,905.01",Sold,C0557,01-02-2024,124905.01,276.3935518
170129,17,02-01-2024,Apartment,15,1365.73,"$401,356.84",Sold,C1118,01-02-2024,401356.84,293.8771499
170138,17,02-01-2024,Apartment,16,1693,"$462,143.05",Sold,C0279,01-02-2024,462143.05,272.9728588
170164,17,02-01-2024,Apartment,17,1827.25,"$495,320.72",Sold,C1872,01-02-2024,495320.72,271.0744124
170186,17,02-01-2024,Office,20,792.27,"$306,527.75",Sold,C0228,01-02-2024,306527.75,386.8980903
170247,17,02-01-2024,Apartment,28,1201.04,"$355,954.45",Sold,C0248,01-02-2024,355954.45,296.3718527
170254,17,02-01-2024,Office,29,594.46,"$181,678.15",Sold,C1005,01-02-2024,181678.15,305.6187969
170255,17,02-01-2024,Apartment,30,1200.23,"$325,438.37",Available,,01-02-2024,325438.37,271.1466719
170288,17,02-01-2024,Apartment,35,1667.01,"$479,534.09",Available,,01-02-2024,479534.09,287.6611958
170292,17,02-01-2024,Apartment,35,1667.01,"$518,973.54",Sold,C0317,01-02-2024,518973.54,311.3199921
170320,17,02-01-2024,Apartment,39,1341.67,"$367,529.08",Sold,C1114,01-02-2024,367529.08,273.9340374
170329,17,02-01-2024,Apartment,41,1422.93,"$433,490.47",Sold,C0196,01-02-2024,433490.47,304.6463775
170359,17,02-01-2024,Apartment,46,1582.61,"$503,584.00",Sold,C0705,01-02-2024,503584,318.1984191
170390,17,02-01-2024,Apartment,48,1833.96,"$486,678.57",Sold,C1014,01-02-2024,486678.57,265.3703298
170428,17,02-01-2024,Apartment,49,1283.67,"$386,354.65",Sold,C0174,01-02-2024,386354.65,300.9766139
180035,18,02-01-2024,Apartment,4,1096.58,"$325,420.36",Sold,C0152,01-02-2024,325420.36,296.7593427
180048,18,02-01-2024,Apartment,5,883.32,"$248,479.35",Available,,01-02-2024,248479.35,281.3016234
180069,18,02-01-2024,Apartment,9,894.92,"$279,700.41",Sold,C1553,01-02-2024,279700.41,312.5423613
180093,18,02-01-2024,Apartment,12,1692.5,"$593,053.61",Sold,C0657,01-02-2024,593053.61,350.4009513
180096,18,02-01-2024,Apartment,13,537.4,"$150,684.73",Sold,C0064,01-02-2024,150684.73,280.3958504
180101,18,02-01-2024,Apartment,14,1742.3,"$508,866.01",Available,,01-02-2024,508866.01,292.0656661
180107,18,02-01-2024,Apartment,14,1742.3,"$553,861.15",Sold,C1544,01-02-2024,553861.15,317.8908053
180175,18,02-01-2024,Apartment,23,1659.02,"$567,272.16",Sold,C0230,01-02-2024,567272.16,341.9320804
180186,18,02-01-2024,Apartment,25,911.94,"$241,281.34",Sold,C1782,01-02-2024,241281.34,264.5802794
180189,18,02-01-2024,Office,25,911.94,"$270,290.23",Sold,C0192,01-02-2024,270290.23,296.3903656
180196,18,02-01-2024,Apartment,25,911.94,"$331,203.98",Available,,01-02-2024,331203.98,363.1861526
180207,18,02-01-2024,Apartment,26,1147.71,"$373,730.03",Sold,C0441,01-02-2024,373730.03,325.6310653
180231,18,02-01-2024,Apartment,29,578.36,"$164,194.34",Sold,C0656,01-02-2024,164194.34,283.8964313
180243,18,02-01-2024,Office,30,1795.66,"$578,903.83",Available,,01-02-2024,578903.83,322.3905583
180250,18,02-01-2024,Apartment,30,1795.66,"$577,066.55",Available,,01-02-2024,577066.55,321.3673802
180257,18,02-01-2024,Apartment,30,1795.66,"$584,942.34",Sold,C0674,01-02-2024,584942.34,325.7533943
180368,18,02-01-2024,Apartment,41,852.83,"$280,416.46",Sold,C1461,01-02-2024,280416.46,328.8069838
180376,18,02-01-2024,Office,42,1045.42,"$261,647.78",Available,,01-02-2024,261647.78,250.2800597
180379,18,02-01-2024,Apartment,42,1045.42,"$302,608.38",Sold,C0961,01-02-2024,302608.38,289.4610587
180440,18,02-01-2024,Apartment,49,1457.92,"$478,633.51",Sold,C0242,01-02-2024,478633.51,328.2988847
180446,18,02-01-2024,Apartment,50,854.74,"$258,314.70",Sold,C0681,01-02-2024,258314.7,302.2143576
180520,18,02-01-2024,Apartment,58,955.23,"$262,721.00",Sold,C1669,01-02-2024,262721,275.0342849
180523,18,02-01-2024,Apartment,58,955.23,"$292,435.58",Sold,C1476,01-02-2024,292435.58,306.1415366
180525,18,02-01-2024,Apartment,58,955.23,"$257,922.89",Available,,01-02-2024,257922.89,270.0112957
180529,18,02-01-2024,Apartment,60,1488.67,"$467,587.82",Sold,C1722,01-02-2024,467587.82,314.0976979
180538,18,02-01-2024,Apartment,61,1019.7,"$276,712.17",Sold,C1518,01-02-2024,276712.17,271.3662548
180547,18,02-01-2024,Apartment,62,1330.41,"$397,198.34",Available,,01-02-2024,397198.34,298.5533332
180549,18,02-01-2024,Apartment,63,1855.14,"$639,093.49",Sold,C0219,01-02-2024,639093.49,344.4987925
180555,18,02-01-2024,Office,64,893.66,"$281,995.90",Sold,C1618,01-02-2024,281995.9,315.5516639
180561,18,02-01-2024,Apartment,66,1631.24,"$462,495.17",Available,,01-02-2024,462495.17,283.5236814
190008,19,02-01-2024,Apartment,3,1468.68,"$531,728.48",Available,,01-02-2024,531728.48,362.0451562
190054,19,02-01-2024,Apartment,8,974.77,"$309,910.82",Sold,C0343,01-02-2024,309910.82,317.9322507
190069,19,02-01-2024,Apartment,10,747.71,"$206,570.93",Available,,01-02-2024,206570.93,276.2714555
190090,19,02-01-2024,Apartment,13,766.61,"$238,904.76",Sold,C0155,01-02-2024,238904.76,311.6379385
190091,19,02-01-2024,Apartment,13,766.61,"$238,204.01",Sold,C1182,01-02-2024,238204.01,310.7238492
190105,19,02-01-2024,Apartment,14,630.47,"$177,004.80",Sold,C0253,01-02-2024,177004.8,280.7505512
190108,19,02-01-2024,Apartment,15,538.06,"$175,560.33",Sold,C1929,01-02-2024,175560.33,326.2839274
190113,19,02-01-2024,Apartment,16,1711.98,"$463,890.78",Available,,01-02-2024,463890.78,270.9674062
190125,19,02-01-2024,Apartment,17,574.75,"$151,955.73",Sold,C0710,01-02-2024,151955.73,264.3857851
190144,19,02-01-2024,Apartment,19,1697.73,"$459,889.21",Available,,01-02-2024,459889.21,270.8847756
190158,19,02-01-2024,Apartment,20,1772.03,"$530,253.96",Available,,01-02-2024,530253.96,299.2353177
190182,19,02-01-2024,Apartment,22,935.25,"$236,887.92",Available,,01-02-2024,236887.92,253.28834
190203,19,02-01-2024,Apartment,25,996.38,"$336,027.12",Sold,C1736,01-02-2024,336027.12,337.2479576
190214,19,02-01-2024,Apartment,26,668.24,"$212,529.40",Available,,01-02-2024,212529.4,318.0435173
190254,19,02-01-2024,Apartment,29,1657.84,"$440,219.48",Sold,C0469,01-02-2024,440219.48,265.5379771
190257,19,02-01-2024,Apartment,29,1657.84,"$483,936.27",Sold,C1760,01-02-2024,483936.27,291.9077052
190330,19,02-01-2024,Apartment,39,1237.04,"$308,610.09",Sold,C0881,01-02-2024,308610.09,249.4746249
190354,19,02-01-2024,Office,41,1657.19,"$528,026.75",Sold,C0208,01-02-2024,528026.75,318.6277675
190368,19,02-01-2024,Apartment,42,1137.59,"$391,167.45",Available,,01-02-2024,391167.45,343.8562663
190370,19,02-01-2024,Apartment,42,1137.59,"$276,356.31",Sold,C1565,01-02-2024,276356.31,242.9313813
190380,19,02-01-2024,Apartment,43,1697.72,"$539,440.64",Sold,C0338,01-02-2024,539440.64,317.7441745
190398,19,02-01-2024,Apartment,46,1926.19,"$579,694.24",Available,,01-02-2024,579694.24,300.9538208
190415,19,02-01-2024,Apartment,47,1126.37,"$399,681.67",Available,,01-02-2024,399681.67,354.8404787
190432,19,02-01-2024,Apartment,50,1227.01,"$363,010.65",Sold,C1500,01-02-2024,363010.65,295.8497893
200013,20,02-01-2024,Office,1,1898.39,"$634,424.32",Sold,C0175,01-02-2024,634424.32,334.1907195
200044,20,02-01-2024,Apartment,5,802.5,"$237,460.12",Available,,01-02-2024,237460.12,295.9004611
200067,20,02-01-2024,Apartment,8,1268.45,"$362,803.25",Sold,C0914,01-02-2024,362803.25,286.0209311
200068,20,02-01-2024,Apartment,8,1268.45,"$410,418.36",Sold,C1556,01-02-2024,410418.36,323.5589578
200070,20,02-01-2024,Apartment,8,1268.45,"$336,141.69",Available,,01-02-2024,336141.69,265.0019236
200092,20,02-01-2024,Apartment,13,1587.57,"$480,775.40",Sold,C0890,01-02-2024,480775.4,302.8372922
200111,20,02-01-2024,Apartment,15,1805.12,"$589,254.84",Available,,01-02-2024,589254.84,326.435273
200179,20,02-01-2024,Apartment,19,759.72,"$290,649.55",Sold,C1011,01-02-2024,290649.55,382.5745669
200189,20,02-01-2024,Apartment,20,1110.23,"$305,301.94",Sold,C1570,01-02-2024,305301.94,274.9898129
200216,20,02-01-2024,Apartment,26,1941.62,"$704,808.48",Sold,C1062,01-02-2024,704808.48,363.0002163
200227,20,02-01-2024,Apartment,28,463.13,"$119,668.45",Sold,C1193,01-02-2024,119668.45,258.3906247
200228,20,02-01-2024,Apartment,29,1844.16,"$577,676.30",Sold,C1410,01-02-2024,577676.3,313.2463018
200233,20,02-01-2024,Apartment,29,1844.16,"$561,035.94",Sold,C1740,01-02-2024,561035.94,304.2230284
200234,20,02-01-2024,Office,29,1844.16,"$582,397.59",Sold,C1524,01-02-2024,582397.59,315.8064322
200245,20,02-01-2024,Apartment,30,1703.94,"$513,840.39",Sold,C0981,01-02-2024,513840.39,301.560143
200278,20,02-01-2024,Apartment,31,1414.44,"$464,582.73",Sold,C1693,01-02-2024,464582.73,328.4570077
200281,20,02-01-2024,Apartment,31,1414.44,"$379,009.70",Sold,C1044,01-02-2024,379009.7,267.9574248
200297,20,02-01-2024,Apartment,33,630.53,"$148,065.52",Sold,C1071,01-02-2024,148065.52,234.827082
200301,20,02-01-2024,Apartment,33,630.53,"$194,243.69",Sold,C1979,01-02-2024,194243.69,308.0641524
200311,20,02-01-2024,Apartment,34,858.93,"$304,644.38",Sold,C1721,01-02-2024,304644.38,354.6789377
200343,20,02-01-2024,Apartment,37,632.35,"$196,134.77",Sold,C0583,01-02-2024,196134.77,310.1680557
200351,20,02-01-2024,Apartment,38,1499.47,"$421,726.61",Available,,01-02-2024,421726.61,281.2504485
200354,20,02-01-2024,Apartment,38,1499.47,"$512,763.16",Sold,C0727,01-02-2024,512763.16,341.9629336
200357,20,02-01-2024,Apartment,38,1499.47,"$465,555.50",Sold,C0948,01-02-2024,465555.5,310.4800363
200366,20,02-01-2024,Apartment,40,428.03,"$143,176.47",Sold,C1166,01-02-2024,143176.47,334.5010163
200371,20,02-01-2024,Apartment,40,428.03,"$125,080.47",Sold,C1083,01-02-2024,125080.47,292.2236058
200380,20,02-01-2024,Apartment,41,541.22,"$156,812.31",Sold,C1768,01-02-2024,156812.31,289.7385721
200384,20,02-01-2024,Apartment,42,811.56,"$233,649.53",Sold,C0007,01-02-2024,233649.53,287.9017325
200386,20,02-01-2024,Apartment,42,811.56,"$259,226.88",Sold,C1512,01-02-2024,259226.88,319.4180098
200420,20,02-01-2024,Apartment,48,860.8,"$242,873.08",Available,,01-02-2024,242873.08,282.1480948
200423,20,02-01-2024,Apartment,48,860.8,"$275,715.45",Sold,C0852,01-02-2024,275715.45,320.3014057
200476,20,02-01-2024,Apartment,54,589.61,"$176,827.38",Available,,01-02-2024,176827.38,299.9056665
990002,1,02-01-2024,Office,3,713.71,"$217,787.71",Available,,01-02-2024,217787.71,305.1487439
1014,1,03-01-2024,Apartment,14,743.09,"$206,445.42",Sold,C0005,01-03-2024,206445.42,277.8202102
2002,2,03-01-2024,Apartment,2,587.28,"$209,280.91",Sold,C0071,01-03-2024,209280.91,356.3562696
2008,2,03-01-2024,Apartment,8,701.66,"$204,286.67",Sold,C0084,01-03-2024,204286.67,291.1476641
2050,2,03-01-2024,Apartment,50,957.53,"$297,008.97",Sold,C0126,01-03-2024,297008.97,310.1824173
2056,2,03-01-2024,Apartment,56,1400.95,"$460,001.26",Sold,C0115,01-03-2024,460001.26,328.34952
3042,3,03-01-2024,Apartment,42,781.07,"$213,942.56",Sold,C0117,01-03-2024,213942.56,273.9095856
3055,3,03-01-2024,Apartment,55,1222.34,"$380,809.52",Sold,C0095,01-03-2024,380809.52,311.5414042
4005,4,03-01-2024,Apartment,5,1121.95,"$344,530.89",Sold,C0060,01-03-2024,344530.89,307.082214
4012,4,03-01-2024,Apartment,12,1121.95,"$290,031.26",Sold,C0008,01-03-2024,290031.26,258.506404
4015,4,03-01-2024,Apartment,15,789.25,"$228,937.90",Available,,01-03-2024,228937.9,290.0701932
4016,4,03-01-2024,Apartment,16,794.52,"$244,820.67",Sold,C0159,01-03-2024,244820.67,308.136573
5005,5,03-01-2024,Apartment,5,798.5,"$219,252.89",Available,,01-03-2024,219252.89,274.5809518
5051,5,03-01-2024,Apartment,51,790.54,"$249,591.99",Sold,C0031,01-03-2024,249591.99,315.7234169
10002,1,03-01-2024,Apartment,1,748.06,"$207,185.26",Sold,C1201,01-03-2024,207185.26,276.9634254
10008,1,03-01-2024,Apartment,2,715.67,"$206,865.62",Available,,01-03-2024,206865.62,289.0516858
10020,1,03-01-2024,Apartment,3,788.73,"$241,066.59",Sold,C1816,01-03-2024,241066.59,305.6389259
10023,1,03-01-2024,Apartment,3,788.73,"$218,169.81",Available,,01-03-2024,218169.81,276.6089917
10056,1,03-01-2024,Apartment,7,758.88,"$255,508.22",Available,,01-03-2024,255508.22,336.6912028
10070,1,03-01-2024,Apartment,8,763.88,"$244,367.92",Sold,C0398,01-03-2024,244367.92,319.9035451
10084,1,03-01-2024,Apartment,11,1429.46,"$428,135.82",Available,,01-03-2024,428135.82,299.5087795
10129,1,03-01-2024,Office,15,765,"$246,104.84",Sold,C0614,01-03-2024,246104.84,321.7056732
10145,1,03-01-2024,Office,18,716.85,"$191,842.01",Sold,C1711,01-03-2024,191842.01,267.6180651
10152,1,03-01-2024,Office,19,773.17,"$210,138.18",Available,,01-03-2024,210138.18,271.7878086
10193,1,03-01-2024,Apartment,23,1201.5,"$363,926.58",Sold,C1403,01-03-2024,363926.58,302.8935331
10248,1,03-01-2024,Office,29,757.2,"$296,499.93",Available,,01-03-2024,296499.93,391.5741284
10262,1,03-01-2024,Apartment,29,757.2,"$232,300.88",Sold,C1815,01-03-2024,232300.88,306.7893291
10280,1,03-01-2024,Apartment,30,753.29,"$227,882.99",Sold,C0383,01-03-2024,227882.99,302.5169457
10314,1,03-01-2024,Office,34,1469.14,"$389,720.64",Sold,C0589,01-03-2024,389720.64,265.2712744
10344,1,03-01-2024,Apartment,37,758.3,"$250,392.67",Sold,C1682,01-03-2024,250392.67,330.2026507
10384,1,03-01-2024,Apartment,44,779.24,"$205,819.02",Sold,C1518,01-03-2024,205819.02,264.1278938
20005,2,03-01-2024,Apartment,1,706.3,"$225,864.51",Sold,C0554,01-03-2024,225864.51,319.7855161
20025,2,03-01-2024,Apartment,3,645.84,"$197,536.00",Sold,C0050,01-03-2024,197536,305.8590363
20039,2,03-01-2024,Apartment,4,1281.85,"$368,876.36",Sold,C1826,01-03-2024,368876.36,287.7687405
20058,2,03-01-2024,Apartment,7,733.14,"$234,998.10",Sold,C1057,01-03-2024,234998.1,320.5364596
20130,2,03-01-2024,Apartment,15,1603.33,"$457,348.20",Sold,C0902,01-03-2024,457348.2,285.2489506
20146,2,03-01-2024,Apartment,17,1397.4,"$437,131.04",Available,,01-03-2024,437131.04,312.8174037
20149,2,03-01-2024,Apartment,17,1397.4,"$444,157.13",Sold,C0580,01-03-2024,444157.13,317.8453771
20156,2,03-01-2024,Apartment,18,784.76,"$270,820.00",Sold,C0893,01-03-2024,270820,345.0991386
20178,2,03-01-2024,Apartment,20,727.55,"$242,793.08",Available,,01-03-2024,242793.08,333.7132568
20184,2,03-01-2024,Apartment,21,921.38,"$231,332.06",Sold,C1318,01-03-2024,231332.06,251.0712844
20188,2,03-01-2024,Apartment,22,653.41,"$217,830.91",Sold,C0010,01-03-2024,217830.91,333.3755376
20191,2,03-01-2024,Apartment,22,653.41,"$195,438.27",Sold,C0422,01-03-2024,195438.27,299.1051101
20221,2,03-01-2024,Apartment,24,785.12,"$258,112.54",Available,,01-03-2024,258112.54,328.7555278
20235,2,03-01-2024,Apartment,26,1577.79,"$480,760.06",Sold,C1339,01-03-2024,480760.06,304.7047199
20247,2,03-01-2024,Apartment,27,1211.51,"$374,385.59",Available,,01-03-2024,374385.59,309.0239371
20276,2,03-01-2024,Apartment,33,931.4,"$306,514.94",Sold,C1583,01-03-2024,306514.94,329.0905519
20291,2,03-01-2024,Apartment,34,800.26,"$257,660.89",Sold,C0887,01-03-2024,257660.89,321.9714718
20312,2,03-01-2024,Apartment,37,780.46,"$204,935.44",Sold,C0331,01-03-2024,204935.44,262.582887
20334,2,03-01-2024,Apartment,41,654.93,"$213,396.12",Sold,C1902,01-03-2024,213396.12,325.8304246
20335,2,03-01-2024,Apartment,41,654.93,"$191,283.55",Sold,C0356,01-03-2024,191283.55,292.0671675
20345,2,03-01-2024,Apartment,41,654.93,"$193,321.50",Available,,01-03-2024,193321.5,295.1788741
20412,2,03-01-2024,Apartment,47,708.32,"$262,911.79",Sold,C0179,01-03-2024,262911.79,371.1765727
20475,2,03-01-2024,Apartment,55,579.26,"$164,554.88",Sold,C1691,01-03-2024,164554.88,284.0777544
30019,3,03-01-2024,Apartment,2,672.64,"$191,316.11",Available,,01-03-2024,191316.11,284.4257106
30021,3,03-01-2024,Apartment,2,672.64,"$231,519.07",Sold,C1799,01-03-2024,231519.07,344.1946212
30031,3,03-01-2024,Office,4,719.96,"$206,964.98",Sold,C0638,01-03-2024,206964.98,287.4673315
30044,3,03-01-2024,Apartment,5,701.19,"$223,214.09",Available,,01-03-2024,223214.09,318.3361001
30072,3,03-01-2024,Apartment,7,744.01,"$233,424.36",Available,,01-03-2024,233424.36,313.7382024
30078,3,03-01-2024,Apartment,7,744.01,"$219,227.88",Available,,01-03-2024,219227.88,294.6571686
30081,3,03-01-2024,Apartment,7,744.01,"$218,746.42",Available,,01-03-2024,218746.42,294.0100536
30084,3,03-01-2024,Apartment,8,1152.39,"$319,956.38",Sold,C0612,01-03-2024,319956.38,277.6459185
30096,3,03-01-2024,Apartment,9,1125.84,"$321,342.19",Sold,C1758,01-03-2024,321342.19,285.4243853
30099,3,03-01-2024,Office,9,1125.84,"$371,216.71",Sold,C0581,01-03-2024,371216.71,329.7242148
30128,3,03-01-2024,Apartment,11,1283.1,"$435,547.39",Sold,C0572,01-03-2024,435547.39,339.4492947
30142,3,03-01-2024,Office,14,788.59,"$296,993.27",Sold,C0409,01-03-2024,296993.27,376.6130309
30149,3,03-01-2024,Apartment,16,1587.26,"$518,272.25",Sold,C0812,01-03-2024,518272.25,326.5200723
30173,3,03-01-2024,Apartment,19,1602.22,"$472,857.10",Available,,01-03-2024,472857.1,295.1261999
30216,3,03-01-2024,Apartment,24,776.04,"$227,449.53",Sold,C0937,01-03-2024,227449.53,293.0899567
30245,3,03-01-2024,Apartment,28,679.93,"$217,963.49",Sold,C1611,01-03-2024,217963.49,320.5675437
30250,3,03-01-2024,Apartment,28,679.93,"$216,148.29",Sold,C0328,01-03-2024,216148.29,317.8978571
30265,3,03-01-2024,Apartment,29,666,"$218,049.70",Sold,C1389,01-03-2024,218049.7,327.401952
30302,3,03-01-2024,Apartment,36,733.45,"$192,882.85",Sold,C0517,01-03-2024,192882.85,262.9802304
30328,3,03-01-2024,Office,40,678.71,"$194,496.60",Available,,01-03-2024,194496.6,286.5680482
30412,3,03-01-2024,Apartment,49,1174.48,"$362,193.44",Sold,C1885,01-03-2024,362193.44,308.3862135
30475,3,03-01-2024,Apartment,56,1179.42,"$392,025.92",Sold,C1342,01-03-2024,392025.92,332.3887334
30491,3,03-01-2024,Apartment,57,1607.94,"$508,433.93",Available,,01-03-2024,508433.93,316.2020536
30509,3,03-01-2024,Apartment,59,1353.02,"$382,435.30",Sold,C0435,01-03-2024,382435.3,282.6531019
40046,4,03-01-2024,Apartment,5,786.98,"$270,996.22",Available,,01-03-2024,270996.22,344.3495642
40051,4,03-01-2024,Apartment,5,786.98,"$188,167.85",Available,,01-03-2024,188167.85,239.1011843
40057,4,03-01-2024,Apartment,5,786.98,"$185,668.22",Sold,C0043,01-03-2024,185668.22,235.9249536
40084,4,03-01-2024,Apartment,11,802.79,"$235,793.94",Available,,01-03-2024,235793.94,293.7180832
40088,4,03-01-2024,Apartment,11,802.79,"$255,309.07",Sold,C1911,01-03-2024,255309.07,318.0272176
40127,4,03-01-2024,Apartment,15,760.39,"$228,311.87",Available,,01-03-2024,228311.87,300.2562764
40160,4,03-01-2024,Apartment,19,1063.07,"$320,367.69",Sold,C0528,01-03-2024,320367.69,301.3608605
40195,4,03-01-2024,Apartment,25,1310.16,"$419,280.43",Sold,C0676,01-03-2024,419280.43,320.0223103
40219,4,03-01-2024,Apartment,26,790.05,"$250,104.08",Sold,C1701,01-03-2024,250104.08,316.5674071
40227,4,03-01-2024,Apartment,26,790.05,"$185,592.46",Sold,C0485,01-03-2024,185592.46,234.9122967
40260,4,03-01-2024,Apartment,31,793.1,"$244,330.47",Sold,C1549,01-03-2024,244330.47,308.0701929
40261,4,03-01-2024,Apartment,31,793.1,"$243,759.15",Available,,01-03-2024,243759.15,307.3498298
40276,4,03-01-2024,Apartment,32,1328.09,"$357,485.43",Available,,01-03-2024,357485.43,269.1725937
40280,4,03-01-2024,Apartment,33,734.73,"$202,634.18",Sold,C1184,01-03-2024,202634.18,275.794074
40285,4,03-01-2024,Apartment,33,734.73,"$258,544.89",Sold,C0411,01-03-2024,258544.89,351.8910212
40303,4,03-01-2024,Office,36,736.77,"$287,413.06",Available,,01-03-2024,287413.06,390.0987554
40324,4,03-01-2024,Apartment,39,743.73,"$244,835.95",Available,,01-03-2024,244835.95,329.2000457
40329,4,03-01-2024,Apartment,39,743.73,"$218,908.24",Available,,01-03-2024,218908.24,294.3383217
40339,4,03-01-2024,Apartment,40,780.74,"$232,130.98",Sold,C1877,01-03-2024,232130.98,297.321746
40340,4,03-01-2024,Apartment,40,780.74,"$245,584.03",Sold,C0878,01-03-2024,245584.03,314.5528985
40360,4,03-01-2024,Apartment,43,1616.99,"$445,861.00",Sold,C1636,01-03-2024,445861,275.7351622
40368,4,03-01-2024,Office,44,799.67,"$258,779.74",Sold,C1126,01-03-2024,258779.74,323.6081634
40370,4,03-01-2024,Office,44,799.67,"$262,882.87",Sold,C0568,01-03-2024,262882.87,328.7391924
40377,4,03-01-2024,Apartment,45,1160.48,"$292,085.01",Sold,C1291,01-03-2024,292085.01,251.6932735
40395,4,03-01-2024,Apartment,45,1160.48,"$374,768.98",Sold,C1450,01-03-2024,374768.98,322.9430753
40401,4,03-01-2024,Apartment,46,800.23,"$224,540.77",Available,,01-03-2024,224540.77,280.5952914
40402,4,03-01-2024,Apartment,46,800.23,"$229,238.37",Available,,01-03-2024,229238.37,286.4656036
40424,4,03-01-2024,Apartment,49,739.7,"$177,310.11",Sold,C1942,01-03-2024,177310.11,239.7054346
40425,4,03-01-2024,Apartment,49,739.7,"$192,833.65",Sold,C0146,01-03-2024,192833.65,260.6916993
40427,4,03-01-2024,Office,49,739.7,"$264,395.14",Sold,C0439,01-03-2024,264395.14,357.4356361
40441,4,03-01-2024,Apartment,51,802.11,"$234,587.05",Sold,C1296,01-03-2024,234587.05,292.4624428
50066,5,03-01-2024,Apartment,9,793.56,"$224,958.55",Sold,C1138,01-03-2024,224958.55,283.4802031
50070,5,03-01-2024,Apartment,10,629.27,"$201,409.80",Sold,C1111,01-03-2024,201409.8,320.0689688
50089,5,03-01-2024,Apartment,11,1058.56,"$351,625.35",Sold,C1213,01-03-2024,351625.35,332.1732826
50118,5,03-01-2024,Apartment,15,1050.95,"$407,054.73",Sold,C0929,01-03-2024,407054.73,387.3207384
50125,5,03-01-2024,Apartment,16,1060.08,"$266,175.15",Sold,C0274,01-03-2024,266175.15,251.0896819
50197,5,03-01-2024,Office,26,1272.4,"$371,144.72",Available,,01-03-2024,371144.72,291.6887142
50217,5,03-01-2024,Office,28,1247.24,"$346,348.71",Available,,01-03-2024,346348.71,277.6921122
50218,5,03-01-2024,Apartment,29,786.28,"$220,273.72",Sold,C0038,01-03-2024,220273.72,280.1466653
50268,5,03-01-2024,Apartment,36,627.56,"$188,574.81",Sold,C1131,01-03-2024,188574.81,300.4888935
50288,5,03-01-2024,Apartment,37,1790.7,"$543,777.59",Sold,C0150,01-03-2024,543777.59,303.6676104
50297,5,03-01-2024,Apartment,39,591.14,"$189,258.23",Available,,01-03-2024,189258.23,320.1580505
50339,5,03-01-2024,Apartment,43,802.72,"$222,121.91",Sold,C0634,01-03-2024,222121.91,276.7115682
50398,5,03-01-2024,Apartment,47,1241.14,"$389,142.71",Sold,C1612,01-03-2024,389142.71,313.5365148
50407,5,03-01-2024,Office,47,1241.14,"$343,513.68",Sold,C0149,01-03-2024,343513.68,276.772709
50432,5,03-01-2024,Apartment,50,1261.07,"$424,910.39",Sold,C1242,01-03-2024,424910.39,336.944333
50436,5,03-01-2024,Apartment,51,1029.59,"$299,112.38",Sold,C0279,01-03-2024,299112.38,290.5160112
60007,6,03-01-2024,Office,1,1720.95,"$526,612.91",Sold,C0366,01-03-2024,526612.91,306.0012842
60017,6,03-01-2024,Apartment,1,1720.95,"$606,381.67",Sold,C1416,01-03-2024,606381.67,352.3528691
60025,6,03-01-2024,Apartment,2,1338.63,"$330,643.23",Available,,01-03-2024,330643.23,247.0012102
60036,6,03-01-2024,Apartment,4,1925.28,"$627,613.85",Sold,C0336,01-03-2024,627613.85,325.9857527
60051,6,03-01-2024,Apartment,4,1925.28,"$616,403.86",Sold,C1770,01-03-2024,616403.86,320.1632282
60087,6,03-01-2024,Office,7,1075.42,"$349,579.55",Sold,C1136,01-03-2024,349579.55,325.0632776
60097,6,03-01-2024,Apartment,7,1075.42,"$342,823.42",Available,,01-03-2024,342823.42,318.78096
60110,6,03-01-2024,Apartment,9,1194.12,"$285,826.45",Sold,C1398,01-03-2024,285826.45,239.3615801
60117,6,03-01-2024,Apartment,10,942.08,"$275,335.38",Available,,01-03-2024,275335.38,292.2632685
60140,6,03-01-2024,Apartment,12,1678.17,"$603,518.77",Sold,C0152,01-03-2024,603518.77,359.6291019
60153,6,03-01-2024,Apartment,12,1678.17,"$526,810.49",Sold,C0497,01-03-2024,526810.49,313.9196208
60154,6,03-01-2024,Office,12,1678.17,"$487,577.71",Sold,C1551,01-03-2024,487577.71,290.5413099
60192,6,03-01-2024,Apartment,19,1542.71,"$432,448.91",Sold,C0091,01-03-2024,432448.91,280.3176942
60211,6,03-01-2024,Office,20,1897.17,"$606,682.76",Available,,01-03-2024,606682.76,319.7830242
60229,6,03-01-2024,Apartment,21,833.23,"$263,803.73",Sold,C0081,01-03-2024,263803.73,316.6037349
60281,6,03-01-2024,Apartment,31,1768.9,"$503,303.34",Sold,C1027,01-03-2024,503303.34,284.5289954
60285,6,03-01-2024,Apartment,31,1768.9,"$512,554.33",Sold,C0716,01-03-2024,512554.33,289.7587936
60297,6,03-01-2024,Office,33,1131,"$327,382.45",Sold,C1486,01-03-2024,327382.45,289.4628205
60302,6,03-01-2024,Office,33,1131,"$317,284.62",Sold,C0717,01-03-2024,317284.62,280.5345889
60343,6,03-01-2024,Apartment,38,698.21,"$219,187.03",Sold,C1896,01-03-2024,219187.03,313.927085
60351,6,03-01-2024,Apartment,39,744.54,"$258,105.88",Sold,C1257,01-03-2024,258105.88,346.6648938
60352,6,03-01-2024,Apartment,39,744.54,"$211,395.87",Available,,01-03-2024,211395.87,283.928157
60377,6,03-01-2024,Apartment,43,1492.81,"$446,977.08",Available,,01-03-2024,446977.08,299.4199396
60382,6,03-01-2024,Apartment,43,1492.81,"$370,550.39",Available,,01-03-2024,370550.39,248.2234109
60405,6,03-01-2024,Apartment,49,1167.52,"$329,620.00",Sold,C0156,01-03-2024,329620,282.3249281
60422,6,03-01-2024,Apartment,51,1476.63,"$496,395.55",Available,,01-03-2024,496395.55,336.167862
60423,6,03-01-2024,Apartment,51,1476.63,"$491,669.54",Sold,C1078,01-03-2024,491669.54,332.9673242
60443,6,03-01-2024,Apartment,53,1170.96,"$376,208.61",Sold,C0686,01-03-2024,376208.61,321.2822043
60451,6,03-01-2024,Apartment,53,1170.96,"$353,358.62",Sold,C1201,01-03-2024,353358.62,301.7683098
60465,6,03-01-2024,Apartment,55,562.37,"$174,861.74",Sold,C0870,01-03-2024,174861.74,310.9371766
70010,7,03-01-2024,Apartment,3,888.5,"$283,696.07",Available,,01-03-2024,283696.07,319.2977715
70045,7,03-01-2024,Apartment,7,1071.02,"$326,619.69",Available,,01-03-2024,326619.69,304.9613359
70064,7,03-01-2024,Apartment,10,1495.37,"$447,358.85",Sold,C1613,01-03-2024,447358.85,299.1626487
70097,7,03-01-2024,Apartment,13,604.6,"$179,048.25",Sold,C1733,01-03-2024,179048.25,296.1433179
70098,7,03-01-2024,Office,13,604.6,"$163,386.52",Sold,C1170,01-03-2024,163386.52,270.2390341
70105,7,03-01-2024,Apartment,14,714.65,"$210,334.70",Sold,C0614,01-03-2024,210334.7,294.3184776
70123,7,03-01-2024,Office,15,602.92,"$195,057.54",Sold,C0909,01-03-2024,195057.54,323.521429
70140,7,03-01-2024,Apartment,17,1586.15,"$495,861.04",Available,,01-03-2024,495861.04,312.6192605
70151,7,03-01-2024,Apartment,18,703.28,"$196,588.07",Sold,C0334,01-03-2024,196588.07,279.5303009
70182,7,03-01-2024,Apartment,21,1528.62,"$475,699.15",Available,,01-03-2024,475699.15,311.195163
70185,7,03-01-2024,Apartment,21,1528.62,"$355,573.01",Sold,C1461,01-03-2024,355573.01,232.6104656
70233,7,03-01-2024,Apartment,26,717,"$205,825.01",Sold,C0785,01-03-2024,205825.01,287.0641702
70243,7,03-01-2024,Apartment,27,768.05,"$230,070.22",Sold,C1815,01-03-2024,230070.22,299.5510969
70256,7,03-01-2024,Apartment,28,694.55,"$207,109.90",Available,,01-03-2024,207109.9,298.1929307
70259,7,03-01-2024,Apartment,28,694.55,"$222,388.39",Available,,01-03-2024,222388.39,320.1906126
70278,7,03-01-2024,Apartment,33,1266.64,"$399,124.74",Available,,01-03-2024,399124.74,315.1051127
70314,7,03-01-2024,Apartment,38,1755.26,"$450,762.70",Sold,C1247,01-03-2024,450762.7,256.8067979
70327,7,03-01-2024,Office,38,1755.26,"$564,037.73",Sold,C1700,01-03-2024,564037.73,321.3414138
70337,7,03-01-2024,Apartment,40,1138.18,"$308,622.38",Sold,C0088,01-03-2024,308622.38,271.1542814
70429,7,03-01-2024,Apartment,50,502.02,"$140,625.05",Available,,01-03-2024,140625.05,280.1184216
70436,7,03-01-2024,Apartment,51,648.27,"$150,856.46",Sold,C0062,01-03-2024,150856.46,232.7062181
70443,7,03-01-2024,Apartment,52,1281.14,"$345,268.92",Sold,C0841,01-03-2024,345268.92,269.5013191
70456,7,03-01-2024,Apartment,54,1940.69,"$585,559.25",Sold,C1152,01-03-2024,585559.25,301.7273496
70497,7,03-01-2024,Apartment,58,1629.83,"$537,546.81",Sold,C0151,01-03-2024,537546.81,329.8177172
70505,7,03-01-2024,Apartment,58,1629.83,"$476,167.41",Sold,C1316,01-03-2024,476167.41,292.1577158
70511,7,03-01-2024,Apartment,59,765.3,"$250,106.90",Sold,C1502,01-03-2024,250106.9,326.8089638
80018,8,03-01-2024,Apartment,2,1097.36,"$325,789.31",Sold,C1013,01-03-2024,325789.31,296.8846231
80023,8,03-01-2024,Office,3,1736.05,"$545,199.56",Available,,01-03-2024,545199.56,314.046001
80026,8,03-01-2024,Apartment,4,1934.75,"$523,161.71",Available,,01-03-2024,523161.71,270.4027445
80057,8,03-01-2024,Apartment,6,1370.17,"$438,095.92",Sold,C0559,01-03-2024,438095.92,319.7383682
80069,8,03-01-2024,Apartment,8,1552.34,"$479,097.62",Sold,C0010,01-03-2024,479097.62,308.629308
80072,8,03-01-2024,Apartment,8,1552.34,"$398,037.98",Sold,C0651,01-03-2024,398037.98,256.411598
80100,8,03-01-2024,Apartment,12,1430.46,"$446,838.60",Sold,C1162,01-03-2024,446838.6,312.3740615
80105,8,03-01-2024,Apartment,13,660.3,"$180,436.90",Sold,C1924,01-03-2024,180436.9,273.265031
80108,8,03-01-2024,Apartment,14,685.93,"$222,752.92",Available,,01-03-2024,222752.92,324.7458487
80109,8,03-01-2024,Apartment,14,685.93,"$238,726.20",Sold,C1032,01-03-2024,238726.2,348.0328897
80130,8,03-01-2024,Apartment,15,534.85,"$154,353.28",Sold,C0341,01-03-2024,154353.28,288.5917173
80158,8,03-01-2024,Apartment,20,774.16,"$240,718.43",Sold,C1359,01-03-2024,240718.43,310.9414462
80164,8,03-01-2024,Apartment,21,1501.64,"$510,510.60",Available,,01-03-2024,510510.6,339.9687009
80171,8,03-01-2024,Apartment,22,1495.57,"$464,608.30",Sold,C0738,01-03-2024,464608.3,310.6563384
80194,8,03-01-2024,Apartment,26,1625.38,"$497,984.45",Sold,C1298,01-03-2024,497984.45,306.3803234
80210,8,03-01-2024,Apartment,28,1431.61,"$418,833.33",Sold,C0851,01-03-2024,418833.33,292.5610536
80285,8,03-01-2024,Apartment,33,1809.87,"$459,972.28",Sold,C1393,01-03-2024,459972.28,254.1465851
80308,8,03-01-2024,Apartment,36,673.86,"$198,802.46",Sold,C0827,01-03-2024,198802.46,295.0204197
80321,8,03-01-2024,Apartment,37,890.65,"$255,348.83",Available,,01-03-2024,255348.83,286.6994105
80333,8,03-01-2024,Apartment,37,890.65,"$270,409.23",Sold,C1500,01-03-2024,270409.23,303.6088587
80346,8,03-01-2024,Apartment,39,1290.89,"$349,511.46",Sold,C0762,01-03-2024,349511.46,270.7523182
80433,8,03-01-2024,Apartment,50,913.15,"$267,101.26",Available,,01-03-2024,267101.26,292.5053496
80486,8,03-01-2024,Apartment,56,1874.7,"$497,024.24",Available,,01-03-2024,497024.24,265.1220142
80496,8,03-01-2024,Apartment,57,1949.35,"$538,507.20",Sold,C0612,01-03-2024,538507.2,276.2496217
90011,9,03-01-2024,Apartment,1,832.35,"$261,588.76",Sold,C0581,01-03-2024,261588.76,314.2773593
90022,9,03-01-2024,Apartment,4,1139.87,"$347,482.45",Available,,01-03-2024,347482.45,304.8439296
90030,9,03-01-2024,Apartment,6,1821.59,"$493,931.35",Sold,C1570,01-03-2024,493931.35,271.1539644
90038,9,03-01-2024,Apartment,7,697.68,"$223,777.94",Sold,C1980,01-03-2024,223777.94,320.7458147
90079,9,03-01-2024,Office,12,952.38,"$320,191.49",Sold,C1524,01-03-2024,320191.49,336.2014007
90088,9,03-01-2024,Apartment,14,1445.3,"$473,439.58",Sold,C1422,01-03-2024,473439.58,327.5718398
90111,9,03-01-2024,Apartment,17,1481.32,"$446,979.46",Sold,C1941,01-03-2024,446979.46,301.7440256
90148,9,03-01-2024,Apartment,23,901.21,"$293,975.04",Sold,C1445,01-03-2024,293975.04,326.2003751
90150,9,03-01-2024,Apartment,23,901.21,"$267,578.12",Sold,C1721,01-03-2024,267578.12,296.9098434
90174,9,03-01-2024,Apartment,26,1038.39,"$321,101.26",Sold,C0298,01-03-2024,321101.26,309.2299232
90182,9,03-01-2024,Apartment,27,1207.33,"$358,447.56",Sold,C0583,01-03-2024,358447.56,296.8927799
90185,9,03-01-2024,Apartment,27,1207.33,"$347,435.71",Sold,C1282,01-03-2024,347435.71,287.7719513
90191,9,03-01-2024,Apartment,28,1931.82,"$592,109.47",Available,,01-03-2024,592109.47,306.5034372
90201,9,03-01-2024,Apartment,29,1426.22,"$414,854.52",Sold,C0026,01-03-2024,414854.52,290.8769475
90211,9,03-01-2024,Apartment,30,1250.17,"$357,647.97",Sold,C1873,01-03-2024,357647.97,286.0794692
90252,9,03-01-2024,Apartment,34,1577.36,"$510,570.33",Available,,01-03-2024,510570.33,323.686622
90259,9,03-01-2024,Apartment,34,1577.36,"$423,148.15",Sold,C0180,01-03-2024,423148.15,268.2635226
90278,9,03-01-2024,Apartment,35,1376.88,"$397,654.23",Sold,C1163,01-03-2024,397654.23,288.8081968
90280,9,03-01-2024,Apartment,35,1376.88,"$356,213.53",Sold,C1793,01-03-2024,356213.53,258.7106574
90288,9,03-01-2024,Apartment,36,1582.79,"$548,231.59",Available,,01-03-2024,548231.59,346.3703903
90344,9,03-01-2024,Apartment,40,1090.32,"$294,967.99",Sold,C1327,01-03-2024,294967.99,270.5334122
90349,9,03-01-2024,Apartment,41,1488.32,"$517,878.00",Available,,01-03-2024,517878,347.9614599
90387,9,03-01-2024,Apartment,46,662.32,"$230,643.48",Sold,C0897,01-03-2024,230643.48,348.2357169
90426,9,03-01-2024,Office,53,599.72,"$208,791.69",Available,,01-03-2024,208791.69,348.1486194
90474,9,03-01-2024,Apartment,58,838.34,"$287,917.80",Sold,C0016,01-03-2024,287917.8,343.4379846
90481,9,03-01-2024,Apartment,58,838.34,"$251,397.07",Available,,01-03-2024,251397.07,299.874836
90532,9,03-01-2024,Apartment,62,1263.44,"$373,157.22",Available,,01-03-2024,373157.22,295.350171
90534,9,03-01-2024,Apartment,62,1263.44,"$425,904.80",Sold,C0744,01-03-2024,425904.8,337.0993478
100008,10,03-01-2024,Apartment,2,1830.46,"$599,456.66",Available,,01-03-2024,599456.66,327.4896256
100037,10,03-01-2024,Apartment,5,1741.96,"$555,912.87",Sold,C0443,01-03-2024,555912.87,319.1306746
100082,10,03-01-2024,Apartment,10,1196.84,"$290,993.55",Sold,C0329,01-03-2024,290993.55,243.1348802
100084,10,03-01-2024,Office,10,1196.84,"$478,630.37",Sold,C0676,01-03-2024,478630.37,399.9117426
100142,10,03-01-2024,Apartment,18,1244.03,"$353,047.58",Sold,C0187,01-03-2024,353047.58,283.7934616
100146,10,03-01-2024,Apartment,19,948.04,"$242,911.97",Available,,01-03-2024,242911.97,256.2254441
100150,10,03-01-2024,Apartment,19,948.04,"$269,363.17",Sold,C0868,01-03-2024,269363.17,284.1263765
100156,10,03-01-2024,Apartment,20,1264.43,"$301,503.93",Available,,01-03-2024,301503.93,238.4504718
100169,10,03-01-2024,Apartment,22,1116.68,"$327,199.09",Available,,01-03-2024,327199.09,293.0106118
100173,10,03-01-2024,Office,23,912.32,"$255,006.99",Sold,C1045,01-03-2024,255006.99,279.5148522
100184,10,03-01-2024,Apartment,25,1487.17,"$392,319.37",Sold,C0928,01-03-2024,392319.37,263.8026386
100202,10,03-01-2024,Apartment,26,1294.85,"$457,406.52",Sold,C1329,01-03-2024,457406.52,353.250585
100208,10,03-01-2024,Office,26,1294.85,"$460,542.58",Available,,01-03-2024,460542.58,355.6725335
100234,10,03-01-2024,Apartment,28,1606.58,"$419,982.23",Sold,C0498,01-03-2024,419982.23,261.4138294
100241,10,03-01-2024,Apartment,29,486.78,"$133,870.43",Available,,01-03-2024,133870.43,275.0121821
100254,10,03-01-2024,Apartment,30,1559.4,"$406,955.39",Sold,C1895,01-03-2024,406955.39,260.9692125
100297,10,03-01-2024,Apartment,35,1675.74,"$426,658.82",Sold,C0777,01-03-2024,426658.82,254.6091995
100322,10,03-01-2024,Apartment,38,476.64,"$128,340.87",Sold,C1091,01-03-2024,128340.87,269.261644
100325,10,03-01-2024,Apartment,39,1188.51,"$342,681.32",Sold,C1762,01-03-2024,342681.32,288.3285122
100339,10,03-01-2024,Office,41,1750.64,"$543,773.78",Sold,C1051,01-03-2024,543773.78,310.6142782
100354,10,03-01-2024,Apartment,42,1757.51,"$578,560.91",Available,,01-03-2024,578560.91,329.1935238
100362,10,03-01-2024,Apartment,43,1093.67,"$344,051.81",Sold,C0945,01-03-2024,344051.81,314.5846645
100367,10,03-01-2024,Apartment,43,1093.67,"$290,190.09",Available,,01-03-2024,290190.09,265.3360612
100379,10,03-01-2024,Apartment,44,1224.71,"$348,889.77",Sold,C1138,01-03-2024,348889.77,284.8754154
100384,10,03-01-2024,Apartment,44,1224.71,"$372,739.71",Sold,C0524,01-03-2024,372739.71,304.3493643
100398,10,03-01-2024,Office,46,1525.34,"$511,655.42",Sold,C0468,01-03-2024,511655.42,335.4369649
110080,11,03-01-2024,Apartment,10,1519.64,"$441,125.61",Available,,01-03-2024,441125.61,290.2829683
110097,11,03-01-2024,Apartment,10,1519.64,"$498,260.56",Sold,C1205,01-03-2024,498260.56,327.8806559
110144,11,03-01-2024,Apartment,15,1385.68,"$444,474.88",Available,,01-03-2024,444474.88,320.7630044
110160,11,03-01-2024,Apartment,17,1946.06,"$509,668.52",Sold,C0784,01-03-2024,509668.52,261.8976393
110169,11,03-01-2024,Apartment,18,1562.55,"$428,394.86",Available,,01-03-2024,428394.86,274.1639372
110235,11,03-01-2024,Apartment,29,993.51,"$296,167.83",Available,,01-03-2024,296167.83,298.1025153
110238,11,03-01-2024,Apartment,29,993.51,"$303,617.21",Sold,C0214,01-03-2024,303617.21,305.6005576
110259,11,03-01-2024,Apartment,31,1232.68,"$348,352.52",Sold,C0660,01-03-2024,348352.52,282.5976896
110264,11,03-01-2024,Apartment,32,1285.87,"$374,418.94",Sold,C0955,01-03-2024,374418.94,291.179466
110265,11,03-01-2024,Apartment,32,1285.87,"$337,234.79",Available,,01-03-2024,337234.79,262.2619627
110267,11,03-01-2024,Apartment,32,1285.87,"$404,760.62",Sold,C1889,01-03-2024,404760.62,314.7756927
110280,11,03-01-2024,Apartment,34,680.07,"$223,039.63",Available,,01-03-2024,223039.63,327.9656947
110335,11,03-01-2024,Apartment,41,1125.56,"$378,675.72",Sold,C1244,01-03-2024,378675.72,336.433171
110379,11,03-01-2024,Apartment,44,434.38,"$130,303.65",Available,,01-03-2024,130303.65,299.9761729
110391,11,03-01-2024,Apartment,46,1798.85,"$530,573.34",Available,,01-03-2024,530573.34,294.9514078
110398,11,03-01-2024,Apartment,47,1456.74,"$490,933.95",Available,,01-03-2024,490933.95,337.0086289
110425,11,03-01-2024,Apartment,50,948.72,"$271,454.23",Available,,01-03-2024,271454.23,286.126813
110441,11,03-01-2024,Apartment,52,1397.58,"$371,257.45",Sold,C0248,01-03-2024,371257.45,265.6430759
110457,11,03-01-2024,Apartment,52,1397.58,"$396,446.03",Sold,C1421,01-03-2024,396446.03,283.6660728
110479,11,03-01-2024,Apartment,56,724.8,"$223,047.20",Sold,C0875,01-03-2024,223047.2,307.7362031
110488,11,03-01-2024,Apartment,57,1008.58,"$311,573.77",Sold,C0241,01-03-2024,311573.77,308.9232089
110502,11,03-01-2024,Office,60,1295.04,"$390,199.46",Sold,C0497,01-03-2024,390199.46,301.3030177
110511,11,03-01-2024,Apartment,61,1299.46,"$416,775.71",Sold,C0345,01-03-2024,416775.71,320.7299263
110513,11,03-01-2024,Apartment,61,1299.46,"$390,999.79",Sold,C1470,01-03-2024,390999.79,300.894056
110519,11,03-01-2024,Apartment,61,1299.46,"$407,851.43",Sold,C1294,01-03-2024,407851.43,313.8622428
110535,11,03-01-2024,Apartment,62,1938.82,"$559,747.82",Sold,C1526,01-03-2024,559747.82,288.7054084
110547,11,03-01-2024,Apartment,64,1916.26,"$670,575.87",Sold,C0705,01-03-2024,670575.87,349.9399194
110560,11,03-01-2024,Office,65,1427.09,"$415,621.37",Sold,C1352,01-03-2024,415621.37,291.2369717
110561,11,03-01-2024,Apartment,65,1427.09,"$434,714.68",Available,,01-03-2024,434714.68,304.616163
120011,12,03-01-2024,Apartment,1,839.95,"$238,111.34",Sold,C1338,01-03-2024,238111.34,283.4827549
120023,12,03-01-2024,Apartment,3,1469.27,"$367,608.78",Sold,C1745,01-03-2024,367608.78,250.1982481
120043,12,03-01-2024,Apartment,4,1559.34,"$455,532.20",Sold,C0591,01-03-2024,455532.2,292.1314146
120047,12,03-01-2024,Apartment,4,1559.34,"$550,180.20",Sold,C0122,01-03-2024,550180.2,352.8288891
120048,12,03-01-2024,Apartment,5,495.04,"$175,885.99",Sold,C0174,01-03-2024,175885.99,355.2965215
120083,12,03-01-2024,Apartment,10,1642.26,"$440,939.43",Sold,C0346,01-03-2024,440939.43,268.4955062
120084,12,03-01-2024,Apartment,10,1642.26,"$491,470.69",Sold,C0658,01-03-2024,491470.69,299.2648484
120089,12,03-01-2024,Apartment,12,959.05,"$275,447.01",Sold,C1486,01-03-2024,275447.01,287.2081852
120136,12,03-01-2024,Office,16,1523.02,"$415,409.21",Sold,C0376,01-03-2024,415409.21,272.7536145
120192,12,03-01-2024,Apartment,22,892.67,"$308,919.06",Sold,C1494,01-03-2024,308919.06,346.0618818
120205,12,03-01-2024,Office,23,1094.46,"$340,450.25",Sold,C0926,01-03-2024,340450.25,311.0668732
120208,12,03-01-2024,Apartment,23,1094.46,"$311,524.51",Sold,C0125,01-03-2024,311524.51,284.6376387
120257,12,03-01-2024,Office,27,871.52,"$254,211.77",Sold,C1645,01-03-2024,254211.77,291.6878213
120287,12,03-01-2024,Apartment,33,1232.2,"$365,743.18",Sold,C0182,01-03-2024,365743.18,296.821279
120314,12,03-01-2024,Apartment,34,1817.64,"$556,062.80",Sold,C1520,01-03-2024,556062.8,305.9257059
120324,12,03-01-2024,Apartment,35,1690.62,"$482,594.96",Sold,C1080,01-03-2024,482594.96,285.454425
120342,12,03-01-2024,Apartment,38,1157.23,"$386,019.24",Available,,01-03-2024,386019.24,333.5717532
120343,12,03-01-2024,Apartment,38,1157.23,"$322,224.02",Available,,01-03-2024,322224.02,278.4442332
120356,12,03-01-2024,Apartment,38,1157.23,"$331,792.26",Sold,C1733,01-03-2024,331792.26,286.7124599
120386,12,03-01-2024,Apartment,44,635.36,"$193,403.07",Sold,C0753,01-03-2024,193403.07,304.399191
120396,12,03-01-2024,Apartment,47,1528.05,"$561,731.10",Sold,C0732,01-03-2024,561731.1,367.6130362
120397,12,03-01-2024,Office,47,1528.05,"$487,713.60",Available,,01-03-2024,487713.6,319.173849
130012,13,03-01-2024,Apartment,1,1899.92,"$555,343.32",Sold,C0293,01-03-2024,555343.32,292.2982652
130013,13,03-01-2024,Office,1,1899.92,"$559,085.68",Available,,01-03-2024,559085.68,294.2680113
130015,13,03-01-2024,Apartment,1,1899.92,"$602,930.85",Available,,01-03-2024,602930.85,317.3453882
130060,13,03-01-2024,Apartment,5,441.3,"$150,544.43",Available,,01-03-2024,150544.43,341.1385225
130068,13,03-01-2024,Apartment,8,1449.43,"$415,155.52",Available,,01-03-2024,415155.52,286.4267471
130069,13,03-01-2024,Apartment,8,1449.43,"$377,664.86",Available,,01-03-2024,377664.86,260.5609515
130073,13,03-01-2024,Apartment,9,1448.68,"$483,003.01",Sold,C0294,01-03-2024,483003.01,333.4090413
130098,13,03-01-2024,Apartment,11,1678.3,"$459,184.89",Available,,01-03-2024,459184.89,273.6011976
130134,13,03-01-2024,Apartment,15,458.29,"$132,839.83",Sold,C1635,01-03-2024,132839.83,289.8597613
130144,13,03-01-2024,Apartment,16,1772.88,"$615,781.65",Available,,01-03-2024,615781.65,347.3340835
130191,13,03-01-2024,Apartment,20,516.72,"$122,058.89",Available,,01-03-2024,122058.89,236.218629
130192,13,03-01-2024,Apartment,20,516.72,"$164,585.63",Sold,C0223,01-03-2024,164585.63,318.5199528
130218,13,03-01-2024,Office,25,633.86,"$154,903.56",Sold,C0219,01-03-2024,154903.56,244.381346
130234,13,03-01-2024,Apartment,27,885.68,"$260,227.69",Sold,C0698,01-03-2024,260227.69,293.81683
130236,13,03-01-2024,Apartment,28,1173.72,"$379,531.13",Sold,C1724,01-03-2024,379531.13,323.3574703
130239,13,03-01-2024,Office,28,1173.72,"$340,602.26",Sold,C0571,01-03-2024,340602.26,290.1903861
130242,13,03-01-2024,Apartment,28,1173.72,"$330,077.14",Sold,C1109,01-03-2024,330077.14,281.2230685
130262,13,03-01-2024,Apartment,30,1777.51,"$567,793.82",Sold,C0932,01-03-2024,567793.82,319.4321382
130267,13,03-01-2024,Apartment,31,627.57,"$179,742.54",Sold,C1969,01-03-2024,179742.54,286.4103447
130302,13,03-01-2024,Office,33,1445.84,"$500,020.84",Sold,C0307,01-03-2024,500020.84,345.8341449
130341,13,03-01-2024,Office,38,656.42,"$218,673.20",Available,,01-03-2024,218673.2,333.1300082
130342,13,03-01-2024,Apartment,38,656.42,"$209,354.32",Available,,01-03-2024,209354.32,318.9334877
130358,13,03-01-2024,Apartment,40,571.5,"$163,504.49",Sold,C0960,01-03-2024,163504.49,286.0970954
130383,13,03-01-2024,Apartment,43,1875.83,"$597,724.45",Sold,C1883,01-03-2024,597724.45,318.6453197
130384,13,03-01-2024,Apartment,43,1875.83,"$663,848.64",Sold,C1624,01-03-2024,663848.64,353.8959501
130386,13,03-01-2024,Apartment,43,1875.83,"$607,539.65",Sold,C1944,01-03-2024,607539.65,323.8777768
130402,13,03-01-2024,Apartment,45,986.91,"$337,352.78",Sold,C0321,01-03-2024,337352.78,341.8272993
130405,13,03-01-2024,Office,45,986.91,"$303,252.26",Sold,C0289,01-03-2024,303252.26,307.274483
130423,13,03-01-2024,Apartment,47,1874.35,"$461,566.83",Sold,C0627,01-03-2024,461566.83,246.2543442
130440,13,03-01-2024,Apartment,48,1728.84,"$592,737.69",Sold,C0045,01-03-2024,592737.69,342.852832
130457,13,03-01-2024,Office,52,1916.1,"$705,490.95",Sold,C1283,01-03-2024,705490.95,368.1910913
130487,13,03-01-2024,Apartment,56,606.9,"$170,509.90",Sold,C1697,01-03-2024,170509.9,280.9522162
130505,13,03-01-2024,Apartment,59,1434.04,"$428,248.91",Available,,01-03-2024,428248.91,298.6310772
130523,13,03-01-2024,Office,60,1401.81,"$429,243.97",Available,,01-03-2024,429243.97,306.2069539
130525,13,03-01-2024,Apartment,60,1401.81,"$400,297.87",Available,,01-03-2024,400297.87,285.5578645
130539,13,03-01-2024,Apartment,62,452.68,"$139,864.72",Sold,C0233,01-03-2024,139864.72,308.9703985
130541,13,03-01-2024,Office,63,1623.8,"$528,523.40",Sold,C1787,01-03-2024,528523.4,325.4855278
140001,14,03-01-2024,Apartment,1,1750.63,"$519,772.07",Available,,01-03-2024,519772.07,296.9057254
140011,14,03-01-2024,Apartment,3,645.76,"$184,463.78",Sold,C0356,01-03-2024,184463.78,285.6537723
140012,14,03-01-2024,Apartment,3,645.76,"$174,761.92",Available,,01-03-2024,174761.92,270.6298315
140014,14,03-01-2024,Apartment,3,645.76,"$192,114.05",Sold,C0691,01-03-2024,192114.05,297.5006969
140067,14,03-01-2024,Apartment,9,803.5,"$240,826.44",Sold,C0025,01-03-2024,240826.44,299.7217673
140107,14,03-01-2024,Apartment,12,459.44,"$120,742.29",Sold,C0175,01-03-2024,120742.29,262.8031734
140181,14,03-01-2024,Office,20,1224.91,"$413,091.69",Sold,C1714,01-03-2024,413091.69,337.2424831
140185,14,03-01-2024,Apartment,20,1224.91,"$365,006.80",Sold,C1799,01-03-2024,365006.8,297.9866276
140200,14,03-01-2024,Apartment,22,1148.66,"$316,929.07",Available,,01-03-2024,316929.07,275.9119931
140203,14,03-01-2024,Apartment,22,1148.66,"$389,899.07",Available,,01-03-2024,389899.07,339.4381888
140207,14,03-01-2024,Apartment,22,1148.66,"$375,880.49",Available,,01-03-2024,375880.49,327.2338986
140216,14,03-01-2024,Apartment,23,1610.37,"$524,135.10",Sold,C0662,01-03-2024,524135.1,325.474953
140227,14,03-01-2024,Apartment,24,1205.25,"$389,395.46",Sold,C0297,01-03-2024,389395.46,323.0827297
140229,14,03-01-2024,Apartment,25,586.85,"$208,143.52",Sold,C1958,01-03-2024,208143.52,354.6792536
140238,14,03-01-2024,Apartment,27,1866.49,"$550,819.24",Sold,C1765,01-03-2024,550819.24,295.1096657
140315,14,03-01-2024,Apartment,37,1469.73,"$427,134.73",Sold,C1422,01-03-2024,427134.73,290.6212229
140348,14,03-01-2024,Apartment,41,543.61,"$176,130.89",Sold,C0139,01-03-2024,176130.89,324.0022994
140389,14,03-01-2024,Office,47,917.53,"$333,493.87",Sold,C0406,01-03-2024,333493.87,363.4691727
140409,14,03-01-2024,Apartment,49,1231.75,"$335,648.24",Sold,C0751,01-03-2024,335648.24,272.4970489
140412,14,03-01-2024,Apartment,49,1231.75,"$414,334.38",Sold,C0084,01-03-2024,414334.38,336.378632
140424,14,03-01-2024,Apartment,51,1346.3,"$476,875.98",Available,,01-03-2024,476875.98,354.2122707
150028,15,03-01-2024,Apartment,3,748.99,"$226,867.23",Sold,C1406,01-03-2024,226867.23,302.897542
150040,15,03-01-2024,Apartment,6,938.57,"$287,742.14",Available,,01-03-2024,287742.14,306.575045
150059,15,03-01-2024,Apartment,9,565.48,"$187,366.27",Sold,C0633,01-03-2024,187366.27,331.3402242
150069,15,03-01-2024,Apartment,10,1072.95,"$320,276.47",Sold,C0677,01-03-2024,320276.47,298.5008341
150074,15,03-01-2024,Apartment,11,1437.62,"$415,669.45",Sold,C0379,01-03-2024,415669.45,289.1372198
150078,15,03-01-2024,Apartment,12,992.68,"$320,644.43",Sold,C0370,01-03-2024,320644.43,323.0088548
150091,15,03-01-2024,Apartment,14,1832.17,"$567,823.18",Sold,C0210,01-03-2024,567823.18,309.9183919
150139,15,03-01-2024,Office,17,562.64,"$172,358.52",Sold,C1230,01-03-2024,172358.52,306.3389023
150232,15,03-01-2024,Apartment,26,961.01,"$299,573.55",Sold,C0397,01-03-2024,299573.55,311.7278176
150293,15,03-01-2024,Apartment,35,745.49,"$241,073.25",Sold,C1490,01-03-2024,241073.25,323.3755651
150294,15,03-01-2024,Apartment,35,745.49,"$221,231.30",Available,,01-03-2024,221231.3,296.7595809
150305,15,03-01-2024,Apartment,35,745.49,"$211,139.96",Available,,01-03-2024,211139.96,283.2230613
150371,15,03-01-2024,Apartment,47,1358.77,"$416,396.32",Sold,C1053,01-03-2024,416396.32,306.4509225
150373,15,03-01-2024,Apartment,47,1358.77,"$456,444.20",Sold,C0832,01-03-2024,456444.2,335.9245494
150378,15,03-01-2024,Apartment,48,1403.33,"$398,619.31",Sold,C0073,01-03-2024,398619.31,284.0524396
150390,15,03-01-2024,Apartment,49,460.17,"$124,485.23",Sold,C0676,01-03-2024,124485.23,270.5200904
150392,15,03-01-2024,Apartment,50,1841.5,"$524,955.14",Sold,C1068,01-03-2024,524955.14,285.0693131
150415,15,03-01-2024,Apartment,52,829.2,"$215,779.63",Sold,C1620,01-03-2024,215779.63,260.2262783
150439,15,03-01-2024,Apartment,55,892.75,"$270,028.95",Sold,C0187,01-03-2024,270028.95,302.4687202
150445,15,03-01-2024,Office,55,892.75,"$327,308.85",Sold,C0868,01-03-2024,327308.85,366.6299076
150451,15,03-01-2024,Apartment,55,892.75,"$282,707.26",Available,,01-03-2024,282707.26,316.6701316
150455,15,03-01-2024,Apartment,55,892.75,"$244,256.20",Sold,C1455,01-03-2024,244256.2,273.599776
160053,16,03-01-2024,Apartment,7,941.57,"$256,919.71",Sold,C1527,01-03-2024,256919.71,272.863101
160069,16,03-01-2024,Apartment,8,986.18,"$306,939.29",Sold,C1396,01-03-2024,306939.29,311.2406356
160103,16,03-01-2024,Office,11,1288.42,"$475,185.80",Sold,C0797,01-03-2024,475185.8,368.8128095
160126,16,03-01-2024,Apartment,14,660.84,"$197,899.51",Sold,C1443,01-03-2024,197899.51,299.4666031
160161,16,03-01-2024,Office,21,837.95,"$262,430.93",Sold,C1912,01-03-2024,262430.93,313.1820872
160168,16,03-01-2024,Apartment,21,837.95,"$247,793.15",Sold,C1111,01-03-2024,247793.15,295.7135271
160187,16,03-01-2024,Apartment,23,594.14,"$175,786.75",Sold,C1954,01-03-2024,175786.75,295.8675565
160194,16,03-01-2024,Apartment,24,1077.77,"$387,724.00",Sold,C1444,01-03-2024,387724,359.7465136
160211,16,03-01-2024,Apartment,26,1458.08,"$429,318.55",Sold,C1320,01-03-2024,429318.55,294.4410115
160238,16,03-01-2024,Apartment,28,1440.71,"$442,981.99",Sold,C0606,01-03-2024,442981.99,307.4747798
160266,16,03-01-2024,Office,32,431.76,"$118,779.75",Sold,C0430,01-03-2024,118779.75,275.1059616
160274,16,03-01-2024,Office,33,881.17,"$271,991.93",Sold,C1186,01-03-2024,271991.93,308.6713461
160283,16,03-01-2024,Apartment,34,743.19,"$203,467.10",Available,,01-03-2024,203467.1,273.7753468
160295,16,03-01-2024,Apartment,35,629.97,"$185,697.91",Sold,C1116,01-03-2024,185697.91,294.7726241
160339,16,03-01-2024,Office,41,1001.72,"$256,680.04",Sold,C1870,01-03-2024,256680.04,256.2393084
160343,16,03-01-2024,Apartment,41,1001.72,"$249,056.03",Sold,C0712,01-03-2024,249056.03,248.6283892
160369,16,03-01-2024,Apartment,42,1496.62,"$450,818.61",Sold,C0052,01-03-2024,450818.61,301.2244992
160373,16,03-01-2024,Office,42,1496.62,"$491,362.13",Sold,C0789,01-03-2024,491362.13,328.3145555
160382,16,03-01-2024,Apartment,44,1695.03,"$496,232.48",Sold,C1063,01-03-2024,496232.48,292.7573435
160389,16,03-01-2024,Apartment,45,1653.49,"$564,972.81",Sold,C1187,01-03-2024,564972.81,341.685048
170013,17,03-01-2024,Office,1,530.28,"$203,115.86",Available,,01-03-2024,203115.86,383.0351135
170027,17,03-01-2024,Apartment,2,1738.5,"$521,203.39",Sold,C0352,01-03-2024,521203.39,299.800627
170071,17,03-01-2024,Apartment,9,1505.53,"$477,594.44",Available,,01-03-2024,477594.44,317.2267839
170089,17,03-01-2024,Apartment,11,596.22,"$169,300.68",Sold,C0573,01-03-2024,169300.68,283.9567274
170122,17,03-01-2024,Apartment,14,1646.02,"$510,061.69",Available,,01-03-2024,510061.69,309.8757549
170171,17,03-01-2024,Office,18,554.84,"$195,199.56",Available,,01-03-2024,195199.56,351.8123423
170177,17,03-01-2024,Apartment,19,1712.06,"$521,526.56",Available,,01-03-2024,521526.56,304.6193241
170221,17,03-01-2024,Apartment,26,929.59,"$299,902.76",Available,,01-03-2024,299902.76,322.6183156
170230,17,03-01-2024,Apartment,27,677.24,"$216,050.75",Sold,C0229,01-03-2024,216050.75,319.0165229
170275,17,03-01-2024,Office,33,1532.89,"$471,065.82",Sold,C1090,01-03-2024,471065.82,307.3056906
170289,17,03-01-2024,Apartment,35,1667.01,"$481,753.89",Sold,C0180,01-03-2024,481753.89,288.9928015
170311,17,03-01-2024,Apartment,39,1341.67,"$404,921.22",Sold,C1858,01-03-2024,404921.22,301.8038862
170341,17,03-01-2024,Apartment,42,691.03,"$206,013.07",Sold,C0245,01-03-2024,206013.07,298.12464
170345,17,03-01-2024,Apartment,44,1176,"$315,288.62",Sold,C0119,01-03-2024,315288.62,268.102568
170361,17,03-01-2024,Office,46,1582.61,"$446,411.88",Sold,C0714,01-03-2024,446411.88,282.0732082
170368,17,03-01-2024,Apartment,46,1582.61,"$423,220.61",Sold,C0159,01-03-2024,423220.61,267.4193958
170394,17,03-01-2024,Apartment,48,1833.96,"$596,755.57",Sold,C1338,01-03-2024,596755.57,325.3918133
170409,17,03-01-2024,Apartment,48,1833.96,"$584,468.16",Sold,C0129,01-03-2024,584468.16,318.6918799
170416,17,03-01-2024,Apartment,48,1833.96,"$499,955.33",Sold,C0836,01-03-2024,499955.33,272.6097243
170421,17,03-01-2024,Apartment,49,1283.67,"$390,434.77",Available,,01-03-2024,390434.77,304.1550944
170442,17,03-01-2024,Office,51,1375.52,"$351,201.87",Sold,C1604,01-03-2024,351201.87,255.3229833
170450,17,03-01-2024,Apartment,52,1742.3,"$427,748.64",Sold,C0980,01-03-2024,427748.64,245.5080296
180033,18,03-01-2024,Office,4,1096.58,"$354,647.51",Available,,01-03-2024,354647.51,323.4123457
180042,18,03-01-2024,Apartment,4,1096.58,"$293,089.05",Available,,01-03-2024,293089.05,267.275575
180064,18,03-01-2024,Apartment,7,505.94,"$170,848.18",Sold,C0018,01-03-2024,170848.18,337.6846662
180067,18,03-01-2024,Apartment,8,1196.23,"$352,252.67",Available,,01-03-2024,352252.67,294.4690152
180085,18,03-01-2024,Apartment,12,1692.5,"$568,157.47",Sold,C1366,01-03-2024,568157.47,335.6912674
180094,18,03-01-2024,Apartment,13,537.4,"$159,539.68",Sold,C1082,01-03-2024,159539.68,296.8732415
180121,18,03-01-2024,Apartment,16,1360.96,"$415,468.55",Sold,C0483,01-03-2024,415468.55,305.2760919
180131,18,03-01-2024,Apartment,17,1195.81,"$330,089.65",Sold,C0125,01-03-2024,330089.65,276.0385429
180152,18,03-01-2024,Apartment,20,1631.48,"$521,158.55",Sold,C0456,01-03-2024,521158.55,319.4391289
180166,18,03-01-2024,Office,22,1108.09,"$368,466.60",Sold,C0459,01-03-2024,368466.6,332.524073
180170,18,03-01-2024,Apartment,22,1108.09,"$318,794.23",Available,,01-03-2024,318794.23,287.6970553
180174,18,03-01-2024,Apartment,23,1659.02,"$585,205.19",Sold,C1854,01-03-2024,585205.19,352.741492
180236,18,03-01-2024,Apartment,29,578.36,"$168,573.30",Sold,C1520,01-03-2024,168573.3,291.4677709
180253,18,03-01-2024,Apartment,30,1795.66,"$601,135.70",Sold,C0628,01-03-2024,601135.7,334.7714489
180365,18,03-01-2024,Apartment,41,852.83,"$248,815.13",Sold,C0093,01-03-2024,248815.13,291.7523188
180367,18,03-01-2024,Apartment,41,852.83,"$237,658.55",Available,,01-03-2024,237658.55,278.6704853
180369,18,03-01-2024,Office,41,852.83,"$242,946.74",Sold,C1813,01-03-2024,242946.74,284.8712405
180375,18,03-01-2024,Apartment,42,1045.42,"$353,052.34",Sold,C0666,01-03-2024,353052.34,337.7133975
180424,18,03-01-2024,Apartment,48,564.59,"$173,539.43",Sold,C1255,01-03-2024,173539.43,307.3724827
180459,18,03-01-2024,Apartment,52,1424.54,"$433,951.65",Sold,C0611,01-03-2024,433951.65,304.625809
180462,18,03-01-2024,Office,52,1424.54,"$496,697.45",Sold,C1103,01-03-2024,496697.45,348.6721679
180482,18,03-01-2024,Apartment,53,1806.7,"$588,124.15",Sold,C1196,01-03-2024,588124.15,325.5239663
180495,18,03-01-2024,Apartment,55,930.04,"$261,196.03",Available,,01-03-2024,261196.03,280.8438669
180532,18,03-01-2024,Apartment,60,1488.67,"$454,295.97",Sold,C0601,01-03-2024,454295.97,305.1690234
180550,18,03-01-2024,Office,63,1855.14,"$498,692.85",Sold,C0989,01-03-2024,498692.85,268.8168278
180579,18,03-01-2024,Office,66,1631.24,"$490,155.80",Sold,C0623,01-03-2024,490155.8,300.4804934
190013,19,03-01-2024,Apartment,3,1468.68,"$475,687.12",Available,,01-03-2024,475687.12,323.887518
190031,19,03-01-2024,Apartment,5,1408.42,"$378,575.21",Sold,C0957,01-03-2024,378575.21,268.7942588
190045,19,03-01-2024,Apartment,7,973.6,"$298,606.04",Sold,C1211,01-03-2024,298606.04,306.7029992
190052,19,03-01-2024,Apartment,8,974.77,"$297,376.84",Sold,C1057,01-03-2024,297376.84,305.0738533
190082,19,03-01-2024,Office,12,1163.99,"$360,132.52",Sold,C1189,01-03-2024,360132.52,309.3948573
190093,19,03-01-2024,Apartment,14,630.47,"$192,642.44",Sold,C0855,01-03-2024,192642.44,305.553698
190099,19,03-01-2024,Apartment,14,630.47,"$168,566.58",Sold,C1610,01-03-2024,168566.58,267.3665361
190114,19,03-01-2024,Apartment,16,1711.98,"$568,399.09",Sold,C1883,01-03-2024,568399.09,332.0126929
190133,19,03-01-2024,Apartment,18,1599.44,"$510,536.52",Sold,C0198,01-03-2024,510536.52,319.197044
190183,19,03-01-2024,Apartment,22,935.25,"$303,814.90",Sold,C1392,01-03-2024,303814.9,324.8488639
190187,19,03-01-2024,Apartment,22,935.25,"$274,056.55",Available,,01-03-2024,274056.55,293.0302593
190191,19,03-01-2024,Apartment,23,1592.45,"$487,133.91",Available,,01-03-2024,487133.91,305.9021696
190202,19,03-01-2024,Apartment,25,996.38,"$305,776.06",Sold,C1720,01-03-2024,305776.06,306.8869909
190207,19,03-01-2024,Apartment,25,996.38,"$334,332.79",Sold,C1482,01-03-2024,334332.79,335.5474718
190247,19,03-01-2024,Apartment,29,1657.84,"$461,132.73",Sold,C1369,01-03-2024,461132.73,278.1527349
190294,19,03-01-2024,Apartment,35,1099.62,"$299,960.88",Sold,C1295,01-03-2024,299960.88,272.7859442
190308,19,03-01-2024,Apartment,37,1565.26,"$481,455.34",Sold,C1016,01-03-2024,481455.34,307.588094
190316,19,03-01-2024,Apartment,38,1106.86,"$352,268.42",Sold,C1903,01-03-2024,352268.42,318.2592378
190336,19,03-01-2024,Apartment,40,893.49,"$293,177.61",Available,,01-03-2024,293177.61,328.1263472
190349,19,03-01-2024,Apartment,41,1657.19,"$432,957.19",Sold,C0072,01-03-2024,432957.19,261.2598374
190360,19,03-01-2024,Apartment,42,1137.59,"$318,648.60",Sold,C1723,01-03-2024,318648.6,280.1084749
190387,19,03-01-2024,Apartment,44,982.8,"$292,985.74",Sold,C0793,01-03-2024,292985.74,298.1132886
200003,20,03-01-2024,Apartment,1,1898.39,"$476,858.88",Available,,01-03-2024,476858.88,251.1912094
200008,20,03-01-2024,Apartment,1,1898.39,"$535,687.32",Sold,C0924,01-03-2024,535687.32,282.179805
200055,20,03-01-2024,Apartment,6,1401,"$363,033.03",Sold,C0191,01-03-2024,363033.03,259.1242184
200060,20,03-01-2024,Apartment,7,1757.4,"$531,964.00",Available,,01-03-2024,531964,302.6994424
200095,20,03-01-2024,Apartment,13,1587.57,"$388,883.52",Available,,01-03-2024,388883.52,244.9551957
200115,20,03-01-2024,Apartment,16,645.44,"$194,146.19",Sold,C1480,01-03-2024,194146.19,300.7966503
200121,20,03-01-2024,Apartment,16,645.44,"$175,483.91",Sold,C0998,01-03-2024,175483.91,271.8826072
200150,20,03-01-2024,Apartment,18,1868.01,"$521,163.23",Sold,C1061,01-03-2024,521163.23,278.9938116
200152,20,03-01-2024,Apartment,18,1868.01,"$549,203.19",Sold,C0297,01-03-2024,549203.19,294.0044165
200177,20,03-01-2024,Apartment,19,759.72,"$205,910.43",Sold,C1822,01-03-2024,205910.43,271.0346312
200180,20,03-01-2024,Apartment,19,759.72,"$230,825.85",Sold,C0306,01-03-2024,230825.85,303.8301611
200230,20,03-01-2024,Apartment,29,1844.16,"$524,713.99",Sold,C1781,01-03-2024,524713.99,284.5273675
200250,20,03-01-2024,Apartment,30,1703.94,"$556,645.52",Available,,01-03-2024,556645.52,326.681409
200261,20,03-01-2024,Apartment,30,1703.94,"$489,773.72",Sold,C0092,01-03-2024,489773.72,287.436013
200265,20,03-01-2024,Apartment,30,1703.94,"$559,367.69",Sold,C0488,01-03-2024,559367.69,328.2789828
200277,20,03-01-2024,Apartment,31,1414.44,"$422,082.56",Available,,01-03-2024,422082.56,298.4096604
200284,20,03-01-2024,Apartment,32,1630.81,"$488,058.16",Sold,C1658,01-03-2024,488058.16,299.2734653
200300,20,03-01-2024,Apartment,33,630.53,"$180,667.53",Sold,C1802,01-03-2024,180667.53,286.5328057
200306,20,03-01-2024,Apartment,33,630.53,"$227,379.46",Sold,C0216,01-03-2024,227379.46,360.6164021
200334,20,03-01-2024,Office,37,632.35,"$193,209.90",Sold,C0147,01-03-2024,193209.9,305.5426583
200336,20,03-01-2024,Office,37,632.35,"$192,543.44",Available,,01-03-2024,192543.44,304.4887167
200338,20,03-01-2024,Apartment,37,632.35,"$173,375.36",Sold,C0949,01-03-2024,173375.36,274.1762631
200355,20,03-01-2024,Apartment,38,1499.47,"$369,423.51",Sold,C0476,01-03-2024,369423.51,246.3693905
200360,20,03-01-2024,Apartment,39,1106.36,"$347,422.89",Sold,C1099,01-03-2024,347422.89,314.0233649
200372,20,03-01-2024,Apartment,40,428.03,"$128,695.37",Sold,C0517,01-03-2024,128695.37,300.6690419
200439,20,03-01-2024,Office,49,880.76,"$273,129.18",Available,,01-03-2024,273129.18,310.1062491
200493,20,03-01-2024,Apartment,57,445.15,"$131,159.48",Sold,C0503,01-03-2024,131159.48,294.6410873
990005,1,03-01-2024,Apartment,42,618.38,"$163,162.88",Available,,01-03-2024,163162.88,263.855364
990006,1,03-01-2024,Apartment,47,1479.72,"$401,302.82",Available,,01-03-2024,401302.82,271.2018625
1003,1,04-01-2024,Office,3,717.05,"$193,660.62",Sold,C0041,01-04-2024,193660.62,270.0796597
1029,1,04-01-2024,Apartment,29,756.21,"$246,331.90",Sold,C0153,01-04-2024,246331.9,325.7453617
1037,1,04-01-2024,Apartment,37,756.21,"$189,194.31",Sold,C0005,01-04-2024,189194.31,250.1875273
2025,2,04-01-2024,Apartment,25,927.83,"$315,733.15",Sold,C0039,01-04-2024,315733.15,340.2920255
2030,2,04-01-2024,Apartment,30,723.83,"$214,341.34",Sold,C0147,01-04-2024,214341.34,296.1211058
3004,3,04-01-2024,Apartment,4,781.07,"$210,038.70",Sold,C0083,01-04-2024,210038.7,268.9114932
3012,3,04-01-2024,Apartment,12,781.07,"$210,824.06",Sold,C0021,01-04-2024,210824.06,269.9169857
3021,3,04-01-2024,Apartment,21,781.07,"$225,290.22",Sold,C0140,01-04-2024,225290.22,288.4379377
3023,3,04-01-2024,Apartment,23,720.81,"$198,591.85",Sold,C0090,01-04-2024,198591.85,275.5120628
3034,3,04-01-2024,Apartment,34,781.07,"$256,821.64",Sold,C0066,01-04-2024,256821.64,328.8074564
4010,4,04-01-2024,Apartment,10,794.52,"$223,917.34",Sold,C0004,01-04-2024,223917.34,281.8271913
4014,4,04-01-2024,Apartment,14,1611.85,"$482,404.31",Available,,01-04-2024,482404.31,299.286106
4033,4,04-01-2024,Apartment,33,789.25,"$228,872.91",Available,,01-04-2024,228872.91,289.9878492
4036,4,04-01-2024,Apartment,36,1111.72,"$322,952.56",Available,,01-04-2024,322952.56,290.498111
5025,5,04-01-2024,Apartment,25,618.16,"$165,430.28",Sold,C0110,01-04-2024,165430.28,267.6172512
10025,1,04-01-2024,Apartment,3,788.73,"$189,429.24",Available,,01-04-2024,189429.24,240.1699441
10076,1,04-01-2024,Apartment,10,1439.52,"$461,793.87",Sold,C0680,01-04-2024,461793.87,320.7971199
10101,1,04-01-2024,Apartment,13,719.47,"$204,852.13",Available,,01-04-2024,204852.13,284.7264375
10120,1,04-01-2024,Apartment,15,765,"$236,590.31",Sold,C1733,01-04-2024,236590.31,309.2683791
10157,1,04-01-2024,Apartment,20,1146.24,"$325,612.79",Sold,C1101,01-04-2024,325612.79,284.070343
10164,1,04-01-2024,Apartment,20,1146.24,"$362,045.20",Sold,C1391,01-04-2024,362045.2,315.8546203
10170,1,04-01-2024,Apartment,21,1957.16,"$590,672.73",Sold,C0959,01-04-2024,590672.73,301.8009412
10249,1,04-01-2024,Apartment,29,757.2,"$210,864.95",Sold,C0027,01-04-2024,210864.95,278.47986
10255,1,04-01-2024,Apartment,29,757.2,"$233,505.91",Sold,C0636,01-04-2024,233505.91,308.3807581
10281,1,04-01-2024,Office,30,753.29,"$210,189.54",Sold,C1974,01-04-2024,210189.54,279.028714
10301,1,04-01-2024,Apartment,31,619.78,"$189,688.17",Available,,01-04-2024,189688.17,306.0572623
10313,1,04-01-2024,Apartment,34,1469.14,"$493,329.54",Sold,C0731,01-04-2024,493329.54,335.7947779
10394,1,04-01-2024,Apartment,46,1153.16,"$302,222.25",Sold,C0923,01-04-2024,302222.25,262.0818013
10400,1,04-01-2024,Apartment,46,1153.16,"$352,499.47",Sold,C1408,01-04-2024,352499.47,305.6813192
10411,1,04-01-2024,Apartment,47,771.08,"$217,942.69",Sold,C1724,01-04-2024,217942.69,282.646016
10416,1,04-01-2024,Office,48,1170.93,"$380,237.27",Available,,01-04-2024,380237.27,324.7310001
20033,2,04-01-2024,Apartment,4,1281.85,"$394,185.40",Sold,C1838,01-04-2024,394185.4,307.5128915
20071,2,04-01-2024,Office,8,715.54,"$240,536.23",Sold,C0782,01-04-2024,240536.23,336.1604243
20081,2,04-01-2024,Apartment,10,788.79,"$251,366.93",Sold,C0856,01-04-2024,251366.93,318.6740831
20101,2,04-01-2024,Apartment,11,1625.05,"$524,458.83",Sold,C1239,01-04-2024,524458.83,322.7339651
20127,2,04-01-2024,Apartment,15,1603.33,"$522,425.92",Sold,C0951,01-04-2024,522425.92,325.8380496
20158,2,04-01-2024,Apartment,18,784.76,"$203,161.94",Sold,C0803,01-04-2024,203161.94,258.8841684
20162,2,04-01-2024,Apartment,19,795.52,"$228,644.73",Sold,C0940,01-04-2024,228644.73,287.415439
20166,2,04-01-2024,Apartment,19,795.52,"$258,950.34",Sold,C0911,01-04-2024,258950.34,325.5107854
20198,2,04-01-2024,Apartment,22,653.41,"$188,370.61",Sold,C1736,01-04-2024,188370.61,288.2885325
20200,2,04-01-2024,Apartment,22,653.41,"$212,072.03",Sold,C1042,01-04-2024,212072.03,324.5619596
20206,2,04-01-2024,Apartment,24,785.12,"$245,459.25",Sold,C0972,01-04-2024,245459.25,312.6391507
20208,2,04-01-2024,Apartment,24,785.12,"$241,198.49",Sold,C0865,01-04-2024,241198.49,307.2122605
20224,2,04-01-2024,Apartment,25,943.48,"$279,718.78",Sold,C0837,01-04-2024,279718.78,296.4755798
20258,2,04-01-2024,Office,30,786.4,"$222,192.46",Available,,01-04-2024,222192.46,282.5438199
20264,2,04-01-2024,Office,31,629.92,"$207,895.14",Sold,C1787,01-04-2024,207895.14,330.0341948
20271,2,04-01-2024,Apartment,32,925.63,"$252,053.93",Available,,01-04-2024,252053.93,272.3052732
20287,2,04-01-2024,Apartment,33,931.4,"$316,411.41",Sold,C1779,01-04-2024,316411.41,339.7159223
20366,2,04-01-2024,Apartment,43,1118.94,"$297,309.76",Sold,C1010,01-04-2024,297309.76,265.7066152
20383,2,04-01-2024,Apartment,46,697.74,"$220,293.24",Sold,C1393,01-04-2024,220293.24,315.7239659
20436,2,04-01-2024,Office,50,1604.8,"$469,493.99",Available,,01-04-2024,469493.99,292.5560755
20441,2,04-01-2024,Apartment,51,699.31,"$211,222.37",Sold,C1847,01-04-2024,211222.37,302.0439719
20453,2,04-01-2024,Apartment,53,781.27,"$229,990.23",Available,,01-04-2024,229990.23,294.3799583
20459,2,04-01-2024,Office,54,924.4,"$264,553.34",Sold,C0364,01-04-2024,264553.34,286.1892471
20462,2,04-01-2024,Apartment,55,579.26,"$174,080.92",Sold,C0190,01-04-2024,174080.92,300.5229431
20467,2,04-01-2024,Apartment,55,579.26,"$132,052.60",Available,,01-04-2024,132052.6,227.967752
30002,3,04-01-2024,Office,1,689.75,"$244,491.65",Available,,01-04-2024,244491.65,354.4641537
30015,3,04-01-2024,Apartment,1,689.75,"$177,365.95",Sold,C1592,01-04-2024,177365.95,257.14527
30035,3,04-01-2024,Apartment,4,719.96,"$218,108.35",Sold,C0998,01-04-2024,218108.35,302.9450942
30046,3,04-01-2024,Apartment,5,701.19,"$247,553.22",Sold,C1241,01-04-2024,247553.22,353.0472768
30075,3,04-01-2024,Apartment,7,744.01,"$239,700.98",Sold,C0297,01-04-2024,239700.98,322.1744063
30082,3,04-01-2024,Office,7,744.01,"$233,812.97",Available,,01-04-2024,233812.97,314.2605207
30097,3,04-01-2024,Office,9,1125.84,"$384,498.05",Available,,01-04-2024,384498.05,341.5210421
30112,3,04-01-2024,Apartment,10,784.09,"$250,990.12",Available,,01-04-2024,250990.12,320.1037126
30140,3,04-01-2024,Apartment,14,788.59,"$235,179.49",Sold,C1641,01-04-2024,235179.49,298.227837
30165,3,04-01-2024,Apartment,19,1602.22,"$575,135.54",Sold,C0387,01-04-2024,575135.54,358.9616532
30170,3,04-01-2024,Apartment,19,1602.22,"$501,931.91",Sold,C1334,01-04-2024,501931.91,313.2727778
30185,3,04-01-2024,Apartment,20,802.97,"$218,307.77",Sold,C0092,01-04-2024,218307.77,271.8753752
30262,3,04-01-2024,Office,29,666,"$191,819.72",Available,,01-04-2024,191819.72,288.0175976
30280,3,04-01-2024,Apartment,32,777.85,"$193,289.05",Available,,01-04-2024,193289.05,248.4914187
30290,3,04-01-2024,Apartment,35,925.48,"$235,978.85",Sold,C0727,01-04-2024,235978.85,254.9799563
30297,3,04-01-2024,Apartment,36,733.45,"$221,262.61",Sold,C0721,01-04-2024,221262.61,301.6737474
30320,3,04-01-2024,Office,39,1598.95,"$494,106.29",Sold,C0109,01-04-2024,494106.29,309.0192251
30333,3,04-01-2024,Apartment,41,965.5,"$297,389.79",Sold,C0637,01-04-2024,297389.79,308.0163542
30338,3,04-01-2024,Apartment,41,965.5,"$294,093.07",Available,,01-04-2024,294093.07,304.6018332
30421,3,04-01-2024,Apartment,49,1174.48,"$349,911.85",Available,,01-04-2024,349911.85,297.9291687
30424,3,04-01-2024,Apartment,49,1174.48,"$406,133.89",Sold,C0197,01-04-2024,406133.89,345.7988982
30448,3,04-01-2024,Apartment,52,1361.9,"$438,067.15",Sold,C0512,01-04-2024,438067.15,321.6588222
30456,3,04-01-2024,Apartment,54,787.64,"$280,404.22",Sold,C0385,01-04-2024,280404.22,356.0055609
30466,3,04-01-2024,Office,56,1179.42,"$355,876.81",Sold,C1516,01-04-2024,355876.81,301.7388293
30494,3,04-01-2024,Apartment,58,1588.14,"$470,318.22",Sold,C1947,01-04-2024,470318.22,296.1440553
30497,3,04-01-2024,Apartment,58,1588.14,"$503,883.42",Available,,01-04-2024,503883.42,317.2789678
30503,3,04-01-2024,Apartment,58,1588.14,"$527,792.52",Sold,C0491,01-04-2024,527792.52,332.3337489
40006,4,04-01-2024,Apartment,1,1615.98,"$420,547.00",Available,,01-04-2024,420547,260.242701
40029,4,04-01-2024,Apartment,3,1630.82,"$409,260.76",Sold,C1191,01-04-2024,409260.76,250.9539741
40032,4,04-01-2024,Apartment,3,1630.82,"$437,490.20",Sold,C0743,01-04-2024,437490.2,268.2639408
40071,4,04-01-2024,Apartment,7,786.36,"$221,476.90",Sold,C0380,01-04-2024,221476.9,281.6482273
40095,4,04-01-2024,Apartment,12,789.38,"$225,288.47",Available,,01-04-2024,225288.47,285.3992627
40113,4,04-01-2024,Office,14,1322.66,"$402,065.13",Sold,C1346,01-04-2024,402065.13,303.9822252
40130,4,04-01-2024,Apartment,15,760.39,"$223,972.29",Sold,C0116,01-04-2024,223972.29,294.5492313
40147,4,04-01-2024,Apartment,18,1294.91,"$398,132.74",Available,,01-04-2024,398132.74,307.4597771
40150,4,04-01-2024,Apartment,18,1294.91,"$410,633.67",Available,,01-04-2024,410633.67,317.1136759
40165,4,04-01-2024,Apartment,20,1609.62,"$508,674.04",Sold,C1637,01-04-2024,508674.04,316.0211975
40167,4,04-01-2024,Apartment,21,801.66,"$222,533.72",Available,,01-04-2024,222533.72,277.5911484
40174,4,04-01-2024,Office,21,801.66,"$188,091.56",Available,,01-04-2024,188091.56,234.6275977
40200,4,04-01-2024,Office,25,1310.16,"$383,474.01",Available,,01-04-2024,383474.01,292.6925032
40212,4,04-01-2024,Apartment,26,790.05,"$198,798.52",Sold,C0551,01-04-2024,198798.52,251.6277704
40274,4,04-01-2024,Apartment,32,1328.09,"$374,897.07",Available,,01-04-2024,374897.07,282.2828799
40308,4,04-01-2024,Apartment,37,800.13,"$202,671.27",Sold,C1329,01-04-2024,202671.27,253.2979266
40317,4,04-01-2024,Apartment,39,743.73,"$221,683.93",Available,,01-04-2024,221683.93,298.0704422
40348,4,04-01-2024,Apartment,42,738.34,"$212,626.79",Sold,C0626,01-04-2024,212626.79,287.9795081
40357,4,04-01-2024,Apartment,43,1616.99,"$502,283.18",Sold,C1965,01-04-2024,502283.18,310.6285011
40375,4,04-01-2024,Apartment,45,1160.48,"$353,716.12",Sold,C1315,01-04-2024,353716.12,304.8015649
40393,4,04-01-2024,Apartment,45,1160.48,"$325,916.69",Sold,C1545,01-04-2024,325916.69,280.8464515
40433,4,04-01-2024,Apartment,50,791.37,"$212,987.49",Sold,C0092,01-04-2024,212987.49,269.1376853
50011,5,04-01-2024,Apartment,3,1008.42,"$274,700.00",Sold,C0640,01-04-2024,274700,272.4063386
50020,5,04-01-2024,Apartment,4,799.1,"$240,782.75",Sold,C1335,01-04-2024,240782.75,301.3174196
50126,5,04-01-2024,Apartment,16,1060.08,"$351,963.25",Sold,C0821,01-04-2024,351963.25,332.0157441
50128,5,04-01-2024,Apartment,16,1060.08,"$314,004.62",Sold,C0867,01-04-2024,314004.62,296.2084182
50136,5,04-01-2024,Apartment,18,1267.03,"$388,279.66",Available,,01-04-2024,388279.66,306.4486713
50152,5,04-01-2024,Apartment,20,804.84,"$236,529.85",Available,,01-04-2024,236529.85,293.8843124
50155,5,04-01-2024,Apartment,21,1253.3,"$354,747.82",Sold,C1441,01-04-2024,354747.82,283.0510014
50156,5,04-01-2024,Apartment,21,1253.3,"$413,945.61",Sold,C0430,01-04-2024,413945.61,330.2845368
50198,5,04-01-2024,Apartment,26,1272.4,"$419,673.85",Available,,01-04-2024,419673.85,329.8285523
50254,5,04-01-2024,Apartment,33,1787.13,"$526,484.43",Available,,01-04-2024,526484.43,294.5977237
50255,5,04-01-2024,Apartment,33,1787.13,"$534,650.14",Sold,C1240,01-04-2024,534650.14,299.1668989
50309,5,04-01-2024,Apartment,41,630.83,"$187,580.54",Sold,C1158,01-04-2024,187580.54,297.3551353
50321,5,04-01-2024,Apartment,42,791.2,"$284,304.85",Sold,C1882,01-04-2024,284304.85,359.3337336
50331,5,04-01-2024,Apartment,42,791.2,"$199,373.42",Sold,C1803,01-04-2024,199373.42,251.9886502
50347,5,04-01-2024,Apartment,44,806.03,"$214,508.42",Sold,C1753,01-04-2024,214508.42,266.1295733
50348,5,04-01-2024,Apartment,44,806.03,"$236,709.69",Available,,01-04-2024,236709.69,293.6735481
50362,5,04-01-2024,Apartment,44,806.03,"$221,300.80",Sold,C1892,01-04-2024,221300.8,274.5565302
50367,5,04-01-2024,Apartment,45,608.89,"$190,247.10",Sold,C0231,01-04-2024,190247.1,312.4490466
50421,5,04-01-2024,Apartment,48,788.04,"$187,890.53",Available,,01-04-2024,187890.53,238.427656
50448,5,04-01-2024,Apartment,52,1755.18,"$499,350.78",Sold,C1056,01-04-2024,499350.78,284.5011794
60057,6,04-01-2024,Apartment,5,1617.43,"$484,144.21",Sold,C1769,01-04-2024,484144.21,299.3293126
60114,6,04-01-2024,Apartment,10,942.08,"$274,210.46",Sold,C1421,01-04-2024,274210.46,291.0691873
60130,6,04-01-2024,Apartment,10,942.08,"$288,826.04",Sold,C0618,01-04-2024,288826.04,306.5833475
60143,6,04-01-2024,Apartment,12,1678.17,"$524,014.23",Available,,01-04-2024,524014.23,312.2533653
60167,6,04-01-2024,Apartment,14,1890,"$664,163.23",Available,,01-04-2024,664163.23,351.4091164
60191,6,04-01-2024,Apartment,19,1542.71,"$404,151.50",Sold,C1203,01-04-2024,404151.5,261.975031
60246,6,04-01-2024,Apartment,25,1086.43,"$286,554.21",Sold,C0683,01-04-2024,286554.21,263.7576374
60265,6,04-01-2024,Apartment,28,1723.12,"$455,284.06",Sold,C1081,01-04-2024,455284.06,264.2207507
60283,6,04-01-2024,Apartment,31,1768.9,"$634,487.77",Sold,C1596,01-04-2024,634487.77,358.6905817
60287,6,04-01-2024,Apartment,31,1768.9,"$472,632.83",Available,,01-04-2024,472632.83,267.1902482
60303,6,04-01-2024,Apartment,33,1131,"$298,567.95",Sold,C1601,01-04-2024,298567.95,263.985809
60316,6,04-01-2024,Apartment,34,1353.81,"$371,216.81",Sold,C0355,01-04-2024,371216.81,274.2015571
60325,6,04-01-2024,Office,36,463.91,"$136,874.58",Available,,01-04-2024,136874.58,295.0455476
60329,6,04-01-2024,Apartment,37,1721.96,"$486,688.21",Sold,C1019,01-04-2024,486688.21,282.6361878
60347,6,04-01-2024,Apartment,39,744.54,"$176,852.97",Sold,C0143,01-04-2024,176852.97,237.5332017
60361,6,04-01-2024,Apartment,41,940.72,"$249,552.12",Available,,01-04-2024,249552.12,265.2777872
60364,6,04-01-2024,Apartment,41,940.72,"$300,750.03",Sold,C1630,01-04-2024,300750.03,319.7019623
60404,6,04-01-2024,Apartment,48,1521.71,"$421,254.04",Sold,C1265,01-04-2024,421254.04,276.8293827
60406,6,04-01-2024,Apartment,49,1167.52,"$323,753.10",Available,,01-04-2024,323753.1,277.2998321
60419,6,04-01-2024,Apartment,51,1476.63,"$468,946.28",Available,,01-04-2024,468946.28,317.5787299
60435,6,04-01-2024,Apartment,51,1476.63,"$488,968.82",Sold,C0176,01-04-2024,488968.82,331.1383488
60452,6,04-01-2024,Apartment,53,1170.96,"$414,855.40",Sold,C0396,01-04-2024,414855.4,354.2865683
60454,6,04-01-2024,Apartment,53,1170.96,"$324,077.45",Sold,C1731,01-04-2024,324077.45,276.7621866
70007,7,04-01-2024,Apartment,2,1478.43,"$444,913.24",Sold,C1897,01-04-2024,444913.24,300.9362905
70020,7,04-01-2024,Office,4,1309.78,"$344,296.22",Available,,01-04-2024,344296.22,262.8656874
70037,7,04-01-2024,Office,6,1232.31,"$396,712.69",Sold,C0398,01-04-2024,396712.69,321.9260495
70043,7,04-01-2024,Office,7,1071.02,"$313,618.17",Sold,C0394,01-04-2024,313618.17,292.8219548
70055,7,04-01-2024,Apartment,9,926.11,"$280,803.92",Sold,C0335,01-04-2024,280803.92,303.2079559
70060,7,04-01-2024,Apartment,9,926.11,"$267,786.70",Available,,01-04-2024,267786.7,289.1521526
70063,7,04-01-2024,Apartment,10,1495.37,"$460,690.42",Sold,C0254,01-04-2024,460690.42,308.0778804
70117,7,04-01-2024,Apartment,15,602.92,"$201,530.37",Sold,C0104,01-04-2024,201530.37,334.2572315
70135,7,04-01-2024,Apartment,16,1239.87,"$305,375.05",Sold,C1391,01-04-2024,305375.05,246.296023
70136,7,04-01-2024,Apartment,16,1239.87,"$358,673.87",Sold,C0567,01-04-2024,358673.87,289.2834491
70144,7,04-01-2024,Apartment,17,1586.15,"$551,658.47",Sold,C1674,01-04-2024,551658.47,347.7971629
70158,7,04-01-2024,Apartment,19,751.07,"$223,785.43",Sold,C0608,01-04-2024,223785.43,297.9554902
70161,7,04-01-2024,Apartment,19,751.07,"$224,382.59",Available,,01-04-2024,224382.59,298.7505692
70187,7,04-01-2024,Apartment,21,1528.62,"$498,875.48",Sold,C1460,01-04-2024,498875.48,326.3567662
70196,7,04-01-2024,Office,22,1914.21,"$610,973.17",Sold,C0696,01-04-2024,610973.17,319.177713
70207,7,04-01-2024,Apartment,23,1222.69,"$379,938.80",Sold,C0707,01-04-2024,379938.8,310.7400895
70227,7,04-01-2024,Apartment,25,573.8,"$138,490.04",Sold,C1266,01-04-2024,138490.04,241.3559428
70242,7,04-01-2024,Apartment,27,768.05,"$211,931.46",Available,,01-04-2024,211931.46,275.9344574
70248,7,04-01-2024,Apartment,28,694.55,"$155,369.51",Sold,C1333,01-04-2024,155369.51,223.6980923
70250,7,04-01-2024,Apartment,28,694.55,"$199,045.18",Available,,01-04-2024,199045.18,286.5814988
70258,7,04-01-2024,Apartment,28,694.55,"$199,191.81",Sold,C0242,01-04-2024,199191.81,286.7926139
70261,7,04-01-2024,Apartment,29,441.65,"$131,583.82",Sold,C1974,01-04-2024,131583.82,297.9368731
70271,7,04-01-2024,Apartment,31,839.7,"$271,388.77",Available,,01-04-2024,271388.77,323.1972967
70333,7,04-01-2024,Apartment,39,1298.32,"$442,394.76",Sold,C1671,01-04-2024,442394.76,340.7440076
70334,7,04-01-2024,Apartment,39,1298.32,"$385,882.05",Sold,C1898,01-04-2024,385882.05,297.2164412
70352,7,04-01-2024,Apartment,41,1093.92,"$364,226.86",Available,,01-04-2024,364226.86,332.955664
70355,7,04-01-2024,Apartment,41,1093.92,"$281,147.20",Sold,C0825,01-04-2024,281147.2,257.008922
70356,7,04-01-2024,Apartment,41,1093.92,"$379,238.43",Sold,C1784,01-04-2024,379238.43,346.6783951
70373,7,04-01-2024,Apartment,43,498.61,"$149,833.02",Sold,C0923,01-04-2024,149833.02,300.501434
70379,7,04-01-2024,Apartment,43,498.61,"$154,582.17",Sold,C1706,01-04-2024,154582.17,310.0262129
70394,7,04-01-2024,Office,45,1150.93,"$342,279.05",Available,,01-04-2024,342279.05,297.3934557
70406,7,04-01-2024,Apartment,48,533.35,"$153,688.18",Sold,C1190,01-04-2024,153688.18,288.1563326
70431,7,04-01-2024,Apartment,50,502.02,"$149,925.94",Sold,C1670,01-04-2024,149925.94,298.6453528
70448,7,04-01-2024,Apartment,53,884.87,"$278,252.51",Sold,C0267,01-04-2024,278252.51,314.4558071
70453,7,04-01-2024,Apartment,54,1940.69,"$553,424.90",Available,,01-04-2024,553424.9,285.1691409
70465,7,04-01-2024,Apartment,54,1940.69,"$647,952.49",Available,,01-04-2024,647952.49,333.8773787
70503,7,04-01-2024,Apartment,58,1629.83,"$476,397.00",Sold,C1451,01-04-2024,476397,292.2985833
70506,7,04-01-2024,Apartment,58,1629.83,"$486,893.64",Sold,C0253,01-04-2024,486893.64,298.7389114
70512,7,04-01-2024,Apartment,59,765.3,"$227,054.61",Sold,C0494,01-04-2024,227054.61,296.6870639
80002,8,04-01-2024,Office,1,1109.29,"$346,488.23",Available,,01-04-2024,346488.23,312.3513509
80003,8,04-01-2024,Apartment,1,1109.29,"$351,694.47",Sold,C0593,01-04-2024,351694.47,317.0446592
80011,8,04-01-2024,Apartment,2,1097.36,"$299,663.63",Sold,C0990,01-04-2024,299663.63,273.0768663
80029,8,04-01-2024,Apartment,4,1934.75,"$614,698.11",Sold,C0319,01-04-2024,614698.11,317.7144902
80040,8,04-01-2024,Apartment,5,887.23,"$275,377.06",Sold,C0840,01-04-2024,275377.06,310.3784363
80044,8,04-01-2024,Apartment,5,887.23,"$221,714.59",Sold,C0193,01-04-2024,221714.59,249.8952808
80080,8,04-01-2024,Office,9,1869.81,"$610,377.15",Sold,C1482,01-04-2024,610377.15,326.4380606
80084,8,04-01-2024,Apartment,9,1869.81,"$578,906.36",Sold,C0972,01-04-2024,578906.36,309.607051
80132,8,04-01-2024,Apartment,16,424.09,"$131,603.98",Sold,C0469,01-04-2024,131603.98,310.3208753
80146,8,04-01-2024,Apartment,17,1109.27,"$349,029.42",Sold,C0791,01-04-2024,349029.42,314.6478495
80163,8,04-01-2024,Apartment,21,1501.64,"$441,301.66",Available,,01-04-2024,441301.66,293.8797981
80198,8,04-01-2024,Apartment,27,1376.34,"$406,150.37",Sold,C1144,01-04-2024,406150.37,295.0945043
80223,8,04-01-2024,Office,29,1848.51,"$511,233.23",Sold,C0649,01-04-2024,511233.23,276.5650335
80227,8,04-01-2024,Apartment,30,1070.46,"$306,041.99",Sold,C1218,01-04-2024,306041.99,285.8976421
80231,8,04-01-2024,Apartment,30,1070.46,"$235,501.20",Available,,01-04-2024,235501.2,220
80249,8,04-01-2024,Apartment,31,1253.18,"$275,699.60",Available,,01-04-2024,275699.6,220
80258,8,04-01-2024,Apartment,31,1253.18,"$399,164.03",Sold,C1723,01-04-2024,399164.03,318.5209068
80262,8,04-01-2024,Office,32,1410.88,"$346,676.36",Sold,C0605,01-04-2024,346676.36,245.7164039
80265,8,04-01-2024,Office,32,1410.88,"$515,392.69",Sold,C1020,01-04-2024,515392.69,365.2987426
80279,8,04-01-2024,Office,33,1809.87,"$538,355.66",Sold,C1457,01-04-2024,538355.66,297.4554305
80280,8,04-01-2024,Office,33,1809.87,"$489,875.78",Sold,C0338,01-04-2024,489875.78,270.6690425
80356,8,04-01-2024,Apartment,42,1473.68,"$442,814.98",Sold,C1531,01-04-2024,442814.98,300.4824521
80365,8,04-01-2024,Apartment,43,1490.59,"$436,987.95",Sold,C0026,01-04-2024,436987.95,293.1644181
80371,8,04-01-2024,Apartment,44,1862.29,"$627,189.08",Sold,C0364,01-04-2024,627189.08,336.7837877
80373,8,04-01-2024,Apartment,45,1185.72,"$380,522.29",Sold,C1154,01-04-2024,380522.29,320.9208666
80393,8,04-01-2024,Apartment,46,1175.51,"$258,612.20",Available,,01-04-2024,258612.2,220
80399,8,04-01-2024,Apartment,46,1175.51,"$342,972.27",Sold,C0648,01-04-2024,342972.27,291.7646553
80478,8,04-01-2024,Apartment,56,1874.7,"$559,192.30",Available,,01-04-2024,559192.3,298.2836187
80480,8,04-01-2024,Apartment,56,1874.7,"$573,384.23",Sold,C0871,01-04-2024,573384.23,305.8538593
80494,8,04-01-2024,Apartment,57,1949.35,"$640,625.73",Sold,C1958,01-04-2024,640625.73,328.6355606
90020,9,04-01-2024,Apartment,4,1139.87,"$274,381.78",Sold,C1011,01-04-2024,274381.78,240.7132217
90052,9,04-01-2024,Apartment,9,1391.22,"$462,260.49",Available,,01-04-2024,462260.49,332.269871
90127,9,04-01-2024,Apartment,19,1866.15,"$556,972.30",Sold,C0288,01-04-2024,556972.3,298.4606275
90140,9,04-01-2024,Apartment,21,1261.65,"$396,212.06",Available,,01-04-2024,396212.06,314.0427694
90147,9,04-01-2024,Office,22,1115.88,"$340,207.59",Sold,C0781,01-04-2024,340207.59,304.8782934
90158,9,04-01-2024,Apartment,25,1904.38,"$525,171.00",Sold,C0406,01-04-2024,525171,275.7700669
90177,9,04-01-2024,Office,26,1038.39,"$320,835.08",Available,,01-04-2024,320835.08,308.9735841
90188,9,04-01-2024,Office,28,1931.82,"$654,058.01",Available,,01-04-2024,654058.01,338.5708865
90229,9,04-01-2024,Office,33,973.52,"$272,266.08",Sold,C1957,01-04-2024,272266.08,279.671789
90230,9,04-01-2024,Apartment,33,973.52,"$280,634.41",Sold,C1750,01-04-2024,280634.41,288.2677397
90254,9,04-01-2024,Apartment,34,1577.36,"$430,669.69",Sold,C0852,01-04-2024,430669.69,273.0319585
90265,9,04-01-2024,Apartment,34,1577.36,"$439,028.90",Available,,01-04-2024,439028.9,278.3314526
90312,9,04-01-2024,Office,38,1260.31,"$362,582.49",Sold,C0677,01-04-2024,362582.49,287.6930993
90317,9,04-01-2024,Apartment,38,1260.31,"$385,383.39",Sold,C1644,01-04-2024,385383.39,305.7846006
90326,9,04-01-2024,Apartment,39,1839.34,"$609,191.54",Available,,01-04-2024,609191.54,331.2011591
90338,9,04-01-2024,Apartment,40,1090.32,"$303,695.54",Sold,C0210,01-04-2024,303695.54,278.5379888
90386,9,04-01-2024,Apartment,46,662.32,"$181,906.01",Sold,C1516,01-04-2024,181906.01,274.6497312
90408,9,04-01-2024,Apartment,52,1126.02,"$311,089.65",Sold,C0308,01-04-2024,311089.65,276.2736452
90419,9,04-01-2024,Apartment,53,599.72,"$191,147.09",Sold,C1788,01-04-2024,191147.09,318.7272227
90499,9,04-01-2024,Apartment,58,838.34,"$221,521.62",Available,,01-04-2024,221521.62,264.2383997
90514,9,04-01-2024,Apartment,59,1697.13,"$516,408.12",Sold,C1150,01-04-2024,516408.12,304.283184
100010,10,04-01-2024,Office,3,1197.61,"$384,227.84",Sold,C1346,01-04-2024,384227.84,320.8288508
100013,10,04-01-2024,Apartment,3,1197.61,"$379,579.45",Available,,01-04-2024,379579.45,316.947462
100030,10,04-01-2024,Apartment,4,1765.37,"$516,625.88",Sold,C0116,01-04-2024,516625.88,292.6445334
100039,10,04-01-2024,Apartment,5,1741.96,"$523,772.88",Sold,C0787,01-04-2024,523772.88,300.6801993
100052,10,04-01-2024,Apartment,5,1741.96,"$545,645.20",Sold,C0030,01-04-2024,545645.2,313.2363545
100057,10,04-01-2024,Apartment,6,842.66,"$265,328.29",Available,,01-04-2024,265328.29,314.8699238
100068,10,04-01-2024,Office,9,1849.4,"$473,924.67",Available,,01-04-2024,473924.67,256.2586082
100114,10,04-01-2024,Apartment,15,1948.32,"$582,247.45",Available,,01-04-2024,582247.45,298.8459031
100123,10,04-01-2024,Apartment,16,1169.15,"$368,589.72",Sold,C0053,01-04-2024,368589.72,315.2629859
100133,10,04-01-2024,Office,17,647.35,"$217,055.88",Available,,01-04-2024,217055.88,335.2991118
100175,10,04-01-2024,Apartment,23,912.32,"$278,456.63",Sold,C1680,01-04-2024,278456.63,305.2181581
100176,10,04-01-2024,Apartment,23,912.32,"$283,901.30",Sold,C0046,01-04-2024,283901.3,311.186097
100210,10,04-01-2024,Apartment,26,1294.85,"$325,892.41",Available,,01-04-2024,325892.41,251.6835232
100246,10,04-01-2024,Office,30,1559.4,"$535,562.09",Available,,01-04-2024,535562.09,343.4411248
100249,10,04-01-2024,Office,30,1559.4,"$468,935.42",Sold,C1965,01-04-2024,468935.42,300.7152879
100298,10,04-01-2024,Office,35,1675.74,"$579,919.91",Sold,C1909,01-04-2024,579919.91,346.0679521
100309,10,04-01-2024,Office,37,1177.85,"$437,137.05",Sold,C0092,01-04-2024,437137.05,371.131341
100323,10,04-01-2024,Apartment,38,476.64,"$119,975.43",Available,,01-04-2024,119975.43,251.710788
100326,10,04-01-2024,Apartment,39,1188.51,"$361,601.95",Sold,C1347,01-04-2024,361601.95,304.2481342
100332,10,04-01-2024,Apartment,39,1188.51,"$415,564.76",Sold,C0810,01-04-2024,415564.76,349.6518835
100333,10,04-01-2024,Office,39,1188.51,"$311,647.12",Sold,C0169,01-04-2024,311647.12,262.2166578
100334,10,04-01-2024,Apartment,39,1188.51,"$431,549.73",Sold,C0157,01-04-2024,431549.73,363.1014716
100352,10,04-01-2024,Apartment,42,1757.51,"$550,619.53",Available,,01-04-2024,550619.53,313.2952473
100365,10,04-01-2024,Apartment,43,1093.67,"$290,620.22",Available,,01-04-2024,290620.22,265.7293516
100370,10,04-01-2024,Apartment,43,1093.67,"$296,758.78",Sold,C1384,01-04-2024,296758.78,271.3421599
100371,10,04-01-2024,Office,43,1093.67,"$379,557.46",Sold,C1849,01-04-2024,379557.46,347.0493476
100377,10,04-01-2024,Office,44,1224.71,"$354,725.86",Sold,C1912,01-04-2024,354725.86,289.6406986
100426,10,04-01-2024,Apartment,50,1138.32,"$380,233.97",Sold,C1677,01-04-2024,380233.97,334.0308261
110005,11,04-01-2024,Apartment,1,1902.88,"$563,216.05",Sold,C0804,01-04-2024,563216.05,295.9808553
110008,11,04-01-2024,Apartment,1,1902.88,"$619,032.93",Sold,C0809,01-04-2024,619032.93,325.3136982
110019,11,04-01-2024,Apartment,3,1479.84,"$490,074.40",Available,,01-04-2024,490074.4,331.1671532
110043,11,04-01-2024,Apartment,5,1723.2,"$474,018.40",Sold,C0507,01-04-2024,474018.4,275.0803157
110081,11,04-01-2024,Apartment,10,1519.64,"$570,302.17",Sold,C1002,01-04-2024,570302.17,375.28768
110086,11,04-01-2024,Apartment,10,1519.64,"$398,549.19",Sold,C1478,01-04-2024,398549.19,262.26553
110152,11,04-01-2024,Apartment,15,1385.68,"$467,662.76",Sold,C0362,01-04-2024,467662.76,337.4969401
110213,11,04-01-2024,Apartment,25,1802.24,"$563,932.05",Sold,C0352,01-04-2024,563932.05,312.906189
110216,11,04-01-2024,Apartment,26,490.37,"$127,535.46",Available,,01-04-2024,127535.46,260.080062
110227,11,04-01-2024,Apartment,27,1638.1,"$533,052.17",Sold,C0750,01-04-2024,533052.17,325.408809
110271,11,04-01-2024,Apartment,32,1285.87,"$335,848.08",Sold,C0033,01-04-2024,335848.08,261.1835411
110292,11,04-01-2024,Apartment,36,1752.38,"$556,269.12",Sold,C1229,01-04-2024,556269.12,317.4363551
110295,11,04-01-2024,Apartment,36,1752.38,"$484,226.87",Sold,C1135,01-04-2024,484226.87,276.3252662
110298,11,04-01-2024,Apartment,36,1752.38,"$493,489.81",Sold,C0395,01-04-2024,493489.81,281.6111859
110300,11,04-01-2024,Apartment,37,1368.16,"$398,828.22",Available,,01-04-2024,398828.22,291.5070021
110308,11,04-01-2024,Apartment,38,788.47,"$243,478.99",Available,,01-04-2024,243478.99,308.7993075
110316,11,04-01-2024,Apartment,38,788.47,"$205,406.56",Sold,C1439,01-04-2024,205406.56,260.5128413
110322,11,04-01-2024,Apartment,38,788.47,"$251,730.82",Sold,C0279,01-04-2024,251730.82,319.2649308
110337,11,04-01-2024,Apartment,42,808.59,"$214,864.23",Sold,C1842,01-04-2024,214864.23,265.7270434
110348,11,04-01-2024,Apartment,42,808.59,"$250,716.18",Sold,C1416,01-04-2024,250716.18,310.0658925
110423,11,04-01-2024,Apartment,50,948.72,"$235,489.44",Sold,C1777,01-04-2024,235489.44,248.2180622
110429,11,04-01-2024,Apartment,51,1318.98,"$348,008.75",Sold,C0719,01-04-2024,348008.75,263.8468741
110435,11,04-01-2024,Apartment,52,1397.58,"$387,772.79",Sold,C0975,01-04-2024,387772.79,277.460174
110450,11,04-01-2024,Office,52,1397.58,"$431,012.78",Sold,C0704,01-04-2024,431012.78,308.3993618
110451,11,04-01-2024,Office,52,1397.58,"$488,040.25",Sold,C1589,01-04-2024,488040.25,349.2038023
110459,11,04-01-2024,Apartment,53,1069.19,"$273,648.12",Available,,01-04-2024,273648.12,255.9396553
110489,11,04-01-2024,Apartment,57,1008.58,"$326,858.35",Sold,C0215,01-04-2024,326858.35,324.0777628
110499,11,04-01-2024,Apartment,59,782.92,"$240,569.01",Sold,C1858,01-04-2024,240569.01,307.2715092
110516,11,04-01-2024,Apartment,61,1299.46,"$356,283.42",Available,,01-04-2024,356283.42,274.1780586
110548,11,04-01-2024,Apartment,64,1916.26,"$622,467.75",Available,,01-04-2024,622467.75,324.8347041
110549,11,04-01-2024,Apartment,64,1916.26,"$606,614.22",Sold,C0714,01-04-2024,606614.22,316.5615418
110553,11,04-01-2024,Apartment,64,1916.26,"$548,573.88",Sold,C0447,01-04-2024,548573.88,286.2731988
110556,11,04-01-2024,Apartment,65,1427.09,"$419,700.56",Available,,01-04-2024,419700.56,294.0953689
120018,12,04-01-2024,Apartment,2,1285.87,"$344,289.15",Sold,C0526,01-04-2024,344289.15,267.7480227
120070,12,04-01-2024,Apartment,8,1803.36,"$551,021.09",Available,,01-04-2024,551021.09,305.5524632
120115,12,04-01-2024,Apartment,14,1369.96,"$369,810.40",Sold,C1506,01-04-2024,369810.4,269.9424801
120126,12,04-01-2024,Apartment,15,1456.98,"$419,994.84",Sold,C0599,01-04-2024,419994.84,288.2639707
120143,12,04-01-2024,Apartment,16,1523.02,"$535,623.53",Sold,C0901,01-04-2024,535623.53,351.6851584
120155,12,04-01-2024,Apartment,17,1428.55,"$462,687.49",Available,,01-04-2024,462687.49,323.8861013
120191,12,04-01-2024,Apartment,22,892.67,"$287,870.29",Sold,C0111,01-04-2024,287870.29,322.4823171
120194,12,04-01-2024,Apartment,22,892.67,"$302,299.24",Available,,01-04-2024,302299.24,338.646129
120196,12,04-01-2024,Apartment,22,892.67,"$275,571.27",Available,,01-04-2024,275571.27,308.7045269
120238,12,04-01-2024,Apartment,25,1540.51,"$508,725.94",Sold,C0843,01-04-2024,508725.94,330.2321569
120264,12,04-01-2024,Apartment,28,1563.65,"$494,567.75",Sold,C0479,01-04-2024,494567.75,316.2905701
120280,12,04-01-2024,Apartment,30,622.2,"$198,851.29",Sold,C0195,01-04-2024,198851.29,319.5938444
120291,12,04-01-2024,Apartment,33,1232.2,"$356,644.67",Sold,C1597,01-04-2024,356644.67,289.4373235
120297,12,04-01-2024,Office,33,1232.2,"$403,361.09",Sold,C0896,01-04-2024,403361.09,327.3503409
120323,12,04-01-2024,Apartment,35,1690.62,"$478,604.48",Sold,C0185,01-04-2024,478604.48,283.0940602
120337,12,04-01-2024,Apartment,37,1681.78,"$540,633.13",Sold,C0628,01-04-2024,540633.13,321.4648349
120357,12,04-01-2024,Apartment,38,1157.23,"$339,572.46",Sold,C1170,01-04-2024,339572.46,293.4355832
120376,12,04-01-2024,Office,40,1562.24,"$510,060.40",Sold,C0104,01-04-2024,510060.4,326.4929844
120382,12,04-01-2024,Apartment,42,596.21,"$186,738.87",Sold,C0102,01-04-2024,186738.87,313.2098925
120387,12,04-01-2024,Apartment,44,635.36,"$192,057.65",Sold,C0603,01-04-2024,192057.65,302.2816199
120411,12,04-01-2024,Apartment,47,1528.05,"$410,486.46",Sold,C0200,01-04-2024,410486.46,268.6341808
130011,13,04-01-2024,Apartment,1,1899.92,"$501,892.72",Sold,C0516,01-04-2024,501892.72,264.1651859
130047,13,04-01-2024,Apartment,4,1629.74,"$527,379.30",Available,,01-04-2024,527379.3,323.5971996
130070,13,04-01-2024,Office,8,1449.43,"$474,592.55",Sold,C0445,01-04-2024,474592.55,327.4339223
130083,13,04-01-2024,Apartment,10,1314.38,"$477,256.95",Sold,C0455,01-04-2024,477256.95,363.1042393
130096,13,04-01-2024,Apartment,11,1678.3,"$453,899.37",Sold,C0330,01-04-2024,453899.37,270.451868
130124,13,04-01-2024,Apartment,15,458.29,"$109,548.52",Sold,C0611,01-04-2024,109548.52,239.0375526
130150,13,04-01-2024,Apartment,17,1278.95,"$412,844.86",Sold,C1247,01-04-2024,412844.86,322.7998436
130165,13,04-01-2024,Apartment,19,758.69,"$216,204.88",Available,,01-04-2024,216204.88,284.9713058
130178,13,04-01-2024,Apartment,20,516.72,"$136,142.93",Available,,01-04-2024,136142.93,263.4752477
130223,13,04-01-2024,Apartment,25,633.86,"$179,447.57",Sold,C0198,01-04-2024,179447.57,283.1028461
130237,13,04-01-2024,Apartment,28,1173.72,"$356,486.11",Available,,01-04-2024,356486.11,303.7232986
130250,13,04-01-2024,Apartment,29,568.7,"$175,980.46",Sold,C0623,01-04-2024,175980.46,309.4433972
130257,13,04-01-2024,Apartment,30,1777.51,"$431,607.94",Sold,C0667,01-04-2024,431607.94,242.8160404
130275,13,04-01-2024,Apartment,32,1114.07,"$342,505.69",Sold,C1110,01-04-2024,342505.69,307.4364178
130304,13,04-01-2024,Office,33,1445.84,"$450,616.46",Available,,01-04-2024,450616.46,311.664126
130331,13,04-01-2024,Apartment,37,1555.67,"$442,624.97",Sold,C1739,01-04-2024,442624.97,284.5236908
130339,13,04-01-2024,Office,38,656.42,"$198,464.63",Available,,01-04-2024,198464.63,302.3439718
130352,13,04-01-2024,Apartment,39,1054.77,"$320,895.67",Available,,01-04-2024,320895.67,304.2328375
130390,13,04-01-2024,Apartment,43,1875.83,"$601,046.95",Sold,C0951,01-04-2024,601046.95,320.4165356
130393,13,04-01-2024,Apartment,43,1875.83,"$448,684.49",Available,,01-04-2024,448684.49,239.1925121
130401,13,04-01-2024,Apartment,45,986.91,"$293,100.75",Sold,C0902,01-04-2024,293100.75,296.9883272
130421,13,04-01-2024,Apartment,47,1874.35,"$519,323.63",Sold,C0679,01-04-2024,519323.63,277.0686531
130426,13,04-01-2024,Apartment,47,1874.35,"$552,935.09",Sold,C1495,01-04-2024,552935.09,295.0009817
130427,13,04-01-2024,Apartment,47,1874.35,"$603,155.94",Sold,C0893,01-04-2024,603155.94,321.7947235
130433,13,04-01-2024,Apartment,47,1874.35,"$471,507.80",Available,,01-04-2024,471507.8,251.5580335
130436,13,04-01-2024,Apartment,48,1728.84,"$454,474.49",Sold,C1951,01-04-2024,454474.49,262.8782825
130441,13,04-01-2024,Apartment,49,572.01,"$139,828.56",Sold,C1593,01-04-2024,139828.56,244.4512509
130459,13,04-01-2024,Apartment,53,968.77,"$320,906.80",Sold,C0299,01-04-2024,320906.8,331.2517935
130468,13,04-01-2024,Apartment,53,968.77,"$354,588.81",Available,,01-04-2024,354588.81,366.0196022
130473,13,04-01-2024,Apartment,53,968.77,"$289,176.49",Sold,C0972,01-04-2024,289176.49,298.4986013
130475,13,04-01-2024,Apartment,54,1029.15,"$332,090.73",Available,,01-04-2024,332090.73,322.6844775
130483,13,04-01-2024,Apartment,56,606.9,"$192,486.80",Sold,C1330,01-04-2024,192486.8,317.1639479
130495,13,04-01-2024,Apartment,57,1717.49,"$486,561.68",Sold,C1924,01-04-2024,486561.68,283.2981153
130497,13,04-01-2024,Apartment,58,1115.72,"$319,673.49",Available,,01-04-2024,319673.49,286.5176657
130530,13,04-01-2024,Office,60,1401.81,"$468,196.39",Sold,C0067,01-04-2024,468196.39,333.9941861
130532,13,04-01-2024,Apartment,61,1333.63,"$406,850.28",Sold,C0407,01-04-2024,406850.28,305.069832
130562,13,04-01-2024,Apartment,65,612.66,"$169,224.66",Sold,C0738,01-04-2024,169224.66,276.2130056
130584,13,04-01-2024,Apartment,67,524.97,"$169,367.25",Sold,C0481,01-04-2024,169367.25,322.6227213
140015,14,04-01-2024,Apartment,4,1797.81,"$515,152.93",Sold,C1987,01-04-2024,515152.93,286.5447016
140032,14,04-01-2024,Apartment,5,424.34,"$115,887.11",Available,,01-04-2024,115887.11,273.0996606
140045,14,04-01-2024,Apartment,7,641.37,"$192,436.66",Available,,01-04-2024,192436.66,300.0400081
140143,14,04-01-2024,Apartment,15,784.04,"$257,066.62",Available,,01-04-2024,257066.62,327.8743687
140151,14,04-01-2024,Office,16,915.37,"$319,620.31",Sold,C1773,01-04-2024,319620.31,349.1706195
140152,14,04-01-2024,Office,16,915.37,"$288,465.73",Available,,01-04-2024,288465.73,315.135661
140223,14,04-01-2024,Apartment,24,1205.25,"$345,686.53",Sold,C1934,01-04-2024,345686.53,286.8172827
140336,14,04-01-2024,Apartment,40,532.44,"$151,228.65",Sold,C1066,01-04-2024,151228.65,284.0294681
140354,14,04-01-2024,Apartment,43,520.49,"$146,968.53",Sold,C0419,01-04-2024,146968.53,282.3657131
140355,14,04-01-2024,Apartment,43,520.49,"$167,318.39",Sold,C1658,01-04-2024,167318.39,321.4632174
140362,14,04-01-2024,Apartment,43,520.49,"$144,623.04",Sold,C0860,01-04-2024,144623.04,277.8594017
140432,14,04-01-2024,Apartment,51,1346.3,"$404,594.57",Sold,C1166,01-04-2024,404594.57,300.523338
140444,14,04-01-2024,Apartment,52,571.74,"$163,741.56",Sold,C0818,01-04-2024,163741.56,286.3916466
150007,15,04-01-2024,Apartment,1,1596.51,"$527,403.68",Sold,C1171,01-04-2024,527403.68,330.3478713
150019,15,04-01-2024,Apartment,2,1522.89,"$443,338.93",Sold,C0144,01-04-2024,443338.93,291.1168436
150021,15,04-01-2024,Apartment,2,1522.89,"$463,948.75",Sold,C0504,01-04-2024,463948.75,304.6502045
150023,15,04-01-2024,Apartment,3,748.99,"$232,738.11",Available,,01-04-2024,232738.11,310.7359377
150045,15,04-01-2024,Apartment,7,1113.85,"$339,062.68",Sold,C1096,01-04-2024,339062.68,304.4060511
150084,15,04-01-2024,Apartment,13,653.54,"$198,883.96",Sold,C0798,01-04-2024,198883.96,304.3179606
150096,15,04-01-2024,Apartment,15,522.71,"$153,702.37",Sold,C0095,01-04-2024,153702.37,294.0490329
150131,15,04-01-2024,Apartment,17,562.64,"$174,634.60",Sold,C1628,01-04-2024,174634.6,310.3842599
150147,15,04-01-2024,Apartment,18,567.74,"$176,372.47",Sold,C1342,01-04-2024,176372.47,310.6571142
150185,15,04-01-2024,Office,23,1279.23,"$377,637.01",Available,,01-04-2024,377637.01,295.2064992
150203,15,04-01-2024,Office,23,1279.23,"$381,854.67",Sold,C0619,01-04-2024,381854.67,298.5035295
150213,15,04-01-2024,Office,24,924.36,"$278,376.64",Sold,C1191,01-04-2024,278376.64,301.1560864
150229,15,04-01-2024,Apartment,26,961.01,"$259,608.83",Sold,C1246,01-04-2024,259608.83,270.1416531
150230,15,04-01-2024,Apartment,26,961.01,"$262,059.22",Available,,01-04-2024,262059.22,272.69146
150231,15,04-01-2024,Apartment,26,961.01,"$321,694.85",Sold,C0353,01-04-2024,321694.85,334.7466207
150237,15,04-01-2024,Apartment,28,1567.93,"$502,064.98",Sold,C0391,01-04-2024,502064.98,320.2087976
150246,15,04-01-2024,Apartment,29,1748.18,"$454,773.23",Available,,01-04-2024,454773.23,260.1409637
150264,15,04-01-2024,Apartment,31,1901.65,"$599,081.00",Sold,C0486,01-04-2024,599081,315.0322089
150267,15,04-01-2024,Apartment,31,1901.65,"$586,616.23",Available,,01-04-2024,586616.23,308.4774959
150299,15,04-01-2024,Apartment,35,745.49,"$216,924.99",Available,,01-04-2024,216924.99,290.9830984
150308,15,04-01-2024,Apartment,35,745.49,"$223,449.69",Sold,C0527,01-04-2024,223449.69,299.7353284
150340,15,04-01-2024,Apartment,39,1713.42,"$520,387.17",Available,,01-04-2024,520387.17,303.7125573
150362,15,04-01-2024,Apartment,44,1713.09,"$518,036.13",Sold,C0528,01-04-2024,518036.13,302.3986656
150368,15,04-01-2024,Apartment,45,1911.06,"$558,806.02",Sold,C1637,01-04-2024,558806.02,292.406319
150372,15,04-01-2024,Apartment,47,1358.77,"$381,303.70",Available,,01-04-2024,381303.7,280.6241674
150400,15,04-01-2024,Apartment,50,1841.5,"$556,838.33",Sold,C1771,01-04-2024,556838.33,302.3830193
150402,15,04-01-2024,Office,50,1841.5,"$548,477.55",Available,,01-04-2024,548477.55,297.8428184
150475,15,04-01-2024,Apartment,57,429.34,"$125,292.10",Sold,C0470,01-04-2024,125292.1,291.824894
150479,15,04-01-2024,Apartment,57,429.34,"$137,541.82",Sold,C0928,01-04-2024,137541.82,320.3564075
150480,15,04-01-2024,Apartment,57,429.34,"$124,270.90",Sold,C1088,01-04-2024,124270.9,289.4463595
160031,16,04-01-2024,Apartment,5,749.15,"$218,027.25",Sold,C0794,01-04-2024,218027.25,291.0328372
160046,16,04-01-2024,Apartment,6,1062.34,"$295,791.28",Sold,C1489,01-04-2024,295791.28,278.4337218
160073,16,04-01-2024,Apartment,9,1524.04,"$508,776.17",Sold,C0556,01-04-2024,508776.17,333.8338692
160105,16,04-01-2024,Apartment,11,1288.42,"$290,542.49",Available,,01-04-2024,290542.49,225.5029338
160129,16,04-01-2024,Apartment,14,660.84,"$189,045.87",Sold,C1840,01-04-2024,189045.87,286.0690485
160141,16,04-01-2024,Apartment,17,836.32,"$256,437.11",Sold,C0377,01-04-2024,256437.11,306.6255859
160199,16,04-01-2024,Apartment,25,853.37,"$281,656.80",Available,,01-04-2024,281656.8,330.0523806
160243,16,04-01-2024,Office,28,1440.71,"$401,828.82",Sold,C0354,01-04-2024,401828.82,278.9102734
160248,16,04-01-2024,Apartment,29,489.49,"$163,436.83",Sold,C0055,01-04-2024,163436.83,333.8920713
160270,16,04-01-2024,Apartment,33,881.17,"$287,687.55",Sold,C0507,01-04-2024,287687.55,326.4835957
160277,16,04-01-2024,Apartment,33,881.17,"$320,824.87",Sold,C1373,01-04-2024,320824.87,364.0896422
160306,16,04-01-2024,Apartment,35,629.97,"$170,560.58",Available,,01-04-2024,170560.58,270.7439719
160328,16,04-01-2024,Apartment,38,431.83,"$142,662.45",Sold,C0934,01-04-2024,142662.45,330.3671584
160336,16,04-01-2024,Office,40,688.81,"$212,720.73",Sold,C0786,01-04-2024,212720.73,308.8235217
160363,16,04-01-2024,Office,42,1496.62,"$469,434.95",Available,,01-04-2024,469434.95,313.6634216
170037,17,04-01-2024,Apartment,4,448.67,"$134,841.47",Sold,C1224,01-04-2024,134841.47,300.5359618
170066,17,04-01-2024,Apartment,8,1297.3,"$408,314.89",Sold,C0617,01-04-2024,408314.89,314.742072
170077,17,04-01-2024,Apartment,10,1059.07,"$330,112.83",Available,,01-04-2024,330112.83,311.7006713
170115,17,04-01-2024,Apartment,13,916.9,"$274,356.57",Sold,C1534,01-04-2024,274356.57,299.2219108
170117,17,04-01-2024,Apartment,14,1646.02,"$475,302.44",Sold,C1297,01-04-2024,475302.44,288.7586056
170150,17,04-01-2024,Apartment,16,1693,"$525,796.95",Sold,C1222,01-04-2024,525796.95,310.5711459
170182,17,04-01-2024,Apartment,20,792.27,"$244,945.04",Sold,C1666,01-04-2024,244945.04,309.168642
170211,17,04-01-2024,Office,24,894.72,"$311,703.16",Sold,C1650,01-04-2024,311703.16,348.3806778
170224,17,04-01-2024,Apartment,26,929.59,"$255,120.03",Sold,C1797,01-04-2024,255120.03,274.4436042
170239,17,04-01-2024,Apartment,27,677.24,"$183,228.95",Sold,C1791,01-04-2024,183228.95,270.5524629
170241,17,04-01-2024,Office,27,677.24,"$201,016.28",Sold,C1582,01-04-2024,201016.28,296.8169039
170259,17,04-01-2024,Office,31,1806.06,"$617,233.28",Available,,01-04-2024,617233.28,341.7567966
170264,17,04-01-2024,Office,32,954.54,"$342,915.63",Available,,01-04-2024,342915.63,359.2469986
170269,17,04-01-2024,Apartment,32,954.54,"$272,169.11",Sold,C1707,01-04-2024,272169.11,285.1311731
170278,17,04-01-2024,Apartment,33,1532.89,"$575,664.65",Sold,C1417,01-04-2024,575664.65,375.542048
170309,17,04-01-2024,Office,38,721.83,"$197,541.36",Sold,C0403,01-04-2024,197541.36,273.6674286
170393,17,04-01-2024,Apartment,48,1833.96,"$535,553.54",Sold,C1269,01-04-2024,535553.54,292.0202949
170406,17,04-01-2024,Apartment,48,1833.96,"$518,130.19",Sold,C1830,01-04-2024,518130.19,282.5198968
170417,17,04-01-2024,Apartment,48,1833.96,"$626,692.98",Sold,C1433,01-04-2024,626692.98,341.7157299
170418,17,04-01-2024,Office,48,1833.96,"$674,268.09",Sold,C1198,01-04-2024,674268.09,367.6569227
170439,17,04-01-2024,Office,51,1375.52,"$415,531.04",Sold,C0833,01-04-2024,415531.04,302.0901477
170449,17,04-01-2024,Apartment,52,1742.3,"$537,510.16",Sold,C1381,01-04-2024,537510.16,308.5060897
180007,18,04-01-2024,Apartment,1,1379.64,"$437,818.55",Sold,C0783,01-04-2024,437818.55,317.3426039
180053,18,04-01-2024,Apartment,6,840.25,"$241,961.70",Sold,C0372,01-04-2024,241961.7,287.9639393
180084,18,04-01-2024,Apartment,11,507.04,"$157,025.94",Available,,01-04-2024,157025.94,309.6914247
180098,18,04-01-2024,Apartment,14,1742.3,"$489,746.26",Available,,01-04-2024,489746.26,281.0918097
180172,18,04-01-2024,Apartment,22,1108.09,"$326,697.81",Available,,01-04-2024,326697.81,294.8296709
180191,18,04-01-2024,Office,25,911.94,"$319,887.69",Sold,C0602,01-04-2024,319887.69,350.7771235
180198,18,04-01-2024,Apartment,25,911.94,"$277,921.61",Sold,C0209,01-04-2024,277921.61,304.7586574
180211,18,04-01-2024,Apartment,27,650.82,"$174,509.72",Available,,01-04-2024,174509.72,268.1382256
180212,18,04-01-2024,Apartment,27,650.82,"$182,266.87",Sold,C0050,01-04-2024,182266.87,280.0572662
180232,18,04-01-2024,Apartment,29,578.36,"$192,263.39",Sold,C0335,01-04-2024,192263.39,332.4285739
180254,18,04-01-2024,Apartment,30,1795.66,"$553,662.07",Available,,01-04-2024,553662.07,308.3334651
180271,18,04-01-2024,Apartment,32,1512.9,"$391,108.87",Sold,C0484,01-04-2024,391108.87,258.516009
180272,18,04-01-2024,Apartment,32,1512.9,"$478,922.56",Sold,C0916,01-04-2024,478922.56,316.5592967
180302,18,04-01-2024,Apartment,36,1089.77,"$360,807.72",Sold,C0083,01-04-2024,360807.72,331.0861191
180316,18,04-01-2024,Apartment,36,1089.77,"$333,843.01",Sold,C0567,01-04-2024,333843.01,306.3426319
180341,18,04-01-2024,Apartment,39,662.88,"$175,812.42",Sold,C1956,01-04-2024,175812.42,265.2251086
180344,18,04-01-2024,Apartment,39,662.88,"$202,760.50",Sold,C0608,01-04-2024,202760.5,305.8781378
180357,18,04-01-2024,Apartment,40,990.46,"$368,358.25",Sold,C0525,01-04-2024,368358.25,371.9062355
180373,18,04-01-2024,Apartment,41,852.83,"$253,379.80",Sold,C1487,01-04-2024,253379.8,297.1046985
180433,18,04-01-2024,Apartment,49,1457.92,"$461,448.14",Available,,01-04-2024,461448.14,316.5112901
180472,18,04-01-2024,Apartment,53,1806.7,"$499,227.25",Sold,C1236,01-04-2024,499227.25,276.319948
180474,18,04-01-2024,Apartment,53,1806.7,"$579,753.40",Sold,C0731,01-04-2024,579753.4,320.8907954
180483,18,04-01-2024,Apartment,53,1806.7,"$524,447.11",Sold,C0177,01-04-2024,524447.11,290.2790225
180485,18,04-01-2024,Apartment,54,1756.12,"$508,227.88",Sold,C0442,01-04-2024,508227.88,289.4038448
180497,18,04-01-2024,Apartment,55,930.04,"$231,475.70",Available,,01-04-2024,231475.7,248.8878973
180501,18,04-01-2024,Office,55,930.04,"$262,939.01",Sold,C1503,01-04-2024,262939.01,282.7179584
180505,18,04-01-2024,Apartment,56,1311.59,"$361,624.36",Sold,C1364,01-04-2024,361624.36,275.7144839
180507,18,04-01-2024,Apartment,56,1311.59,"$448,282.99",Sold,C0684,01-04-2024,448282.99,341.7859163
180530,18,04-01-2024,Apartment,60,1488.67,"$461,412.78",Sold,C1659,01-04-2024,461412.78,309.9496732
180544,18,04-01-2024,Apartment,62,1330.41,"$366,764.33",Available,,01-04-2024,366764.33,275.6776708
180557,18,04-01-2024,Apartment,65,996.32,"$310,519.60",Available,,01-04-2024,310519.6,311.6665328
180562,18,04-01-2024,Apartment,66,1631.24,"$507,703.53",Available,,01-04-2024,507703.53,311.2377884
180574,18,04-01-2024,Office,66,1631.24,"$477,545.71",Available,,01-04-2024,477545.71,292.7501226
190014,19,04-01-2024,Apartment,4,1225.38,"$342,245.42",Sold,C1744,01-04-2024,342245.42,279.2973771
190035,19,04-01-2024,Apartment,6,1067.81,"$304,055.72",Sold,C1657,01-04-2024,304055.72,284.7470243
190038,19,04-01-2024,Office,7,973.6,"$367,468.14",Sold,C0124,01-04-2024,367468.14,377.4323541
190053,19,04-01-2024,Office,8,974.77,"$279,169.46",Sold,C1522,01-04-2024,279169.46,286.3952112
190109,19,04-01-2024,Apartment,15,538.06,"$160,523.29",Sold,C1502,01-04-2024,160523.29,298.3371557
190169,19,04-01-2024,Office,21,477.75,"$179,270.66",Sold,C1414,01-04-2024,179270.66,375.2394767
190174,19,04-01-2024,Apartment,21,477.75,"$158,607.61",Sold,C1593,01-04-2024,158607.61,331.9887179
190186,19,04-01-2024,Office,22,935.25,"$317,549.96",Available,,01-04-2024,317549.96,339.534841
190196,19,04-01-2024,Apartment,24,620.51,"$187,120.57",Sold,C0651,01-04-2024,187120.57,301.5593141
190215,19,04-01-2024,Apartment,26,668.24,"$149,009.73",Sold,C0004,01-04-2024,149009.73,222.9883425
190267,19,04-01-2024,Apartment,31,1089.64,"$312,192.36",Sold,C0407,01-04-2024,312192.36,286.5096362
190279,19,04-01-2024,Apartment,32,1048.61,"$326,363.04",Sold,C1359,01-04-2024,326363.04,311.2339573
190287,19,04-01-2024,Apartment,33,1454.84,"$404,194.49",Available,,01-04-2024,404194.49,277.8274518
190338,19,04-01-2024,Office,40,893.49,"$309,197.05",Available,,01-04-2024,309197.05,346.0554119
190373,19,04-01-2024,Apartment,42,1137.59,"$342,883.79",Available,,01-04-2024,342883.79,301.4124509
190379,19,04-01-2024,Apartment,43,1697.72,"$518,931.48",Sold,C1457,01-04-2024,518931.48,305.6637608
190392,19,04-01-2024,Apartment,44,982.8,"$293,683.97",Available,,01-04-2024,293683.97,298.8237383
190429,19,04-01-2024,Apartment,49,1004.26,"$338,389.69",Available,,01-04-2024,338389.69,336.9542648
200001,20,04-01-2024,Apartment,1,1898.39,"$736,652.27",Sold,C1473,01-04-2024,736652.27,388.0405343
200040,20,04-01-2024,Apartment,4,631.75,"$202,971.33",Sold,C0566,01-04-2024,202971.33,321.284258
200098,20,04-01-2024,Office,13,1587.57,"$550,255.37",Available,,01-04-2024,550255.37,346.6022727
200108,20,04-01-2024,Apartment,14,837.37,"$254,752.28",Sold,C1714,01-04-2024,254752.28,304.2290505
200109,20,04-01-2024,Office,14,837.37,"$294,810.23",Available,,01-04-2024,294810.23,352.0668641
200132,20,04-01-2024,Apartment,16,645.44,"$169,762.78",Available,,01-04-2024,169762.78,263.0186849
200186,20,04-01-2024,Apartment,20,1110.23,"$384,238.93",Available,,01-04-2024,384238.93,346.089486
200209,20,04-01-2024,Apartment,26,1941.62,"$563,448.90",Sold,C1804,01-04-2024,563448.9,290.1952493
200236,20,04-01-2024,Apartment,29,1844.16,"$466,648.29",Sold,C1619,01-04-2024,466648.29,253.0411081
200237,20,04-01-2024,Apartment,29,1844.16,"$575,218.75",Sold,C0761,01-04-2024,575218.75,311.9136897
200267,20,04-01-2024,Apartment,31,1414.44,"$479,436.79",Available,,01-04-2024,479436.79,338.9587328
200279,20,04-01-2024,Apartment,31,1414.44,"$400,106.01",Sold,C1932,01-04-2024,400106.01,282.8723806
200309,20,04-01-2024,Apartment,33,630.53,"$154,906.87",Sold,C1445,01-04-2024,154906.87,245.6772398
200329,20,04-01-2024,Apartment,36,1484.99,"$394,492.38",Available,,01-04-2024,394492.38,265.6532233
200339,20,04-01-2024,Apartment,37,632.35,"$200,206.90",Sold,C1394,01-04-2024,200206.9,316.6077331
200347,20,04-01-2024,Apartment,38,1499.47,"$402,705.53",Sold,C0201,01-04-2024,402705.53,268.5652464
200365,20,04-01-2024,Apartment,40,428.03,"$116,809.59",Available,,01-04-2024,116809.59,272.9004743
200373,20,04-01-2024,Apartment,40,428.03,"$118,965.05",Sold,C1945,01-04-2024,118965.05,277.9362428
200413,20,04-01-2024,Apartment,47,590.12,"$150,873.32",Sold,C1171,01-04-2024,150873.32,255.6654918
200427,20,04-01-2024,Apartment,48,860.8,"$292,476.39",Sold,C0199,01-04-2024,292476.39,339.7727579
200442,20,04-01-2024,Apartment,49,880.76,"$254,985.85",Sold,C1681,01-04-2024,254985.85,289.5066193
200464,20,04-01-2024,Apartment,52,1634.67,"$457,871.48",Sold,C1017,01-04-2024,457871.48,280.1002527
200473,20,04-01-2024,Apartment,54,589.61,"$211,209.42",Sold,C0664,01-04-2024,211209.42,358.2188565
200475,20,04-01-2024,Apartment,54,589.61,"$165,450.84",Sold,C0271,01-04-2024,165450.84,280.6106409
200478,20,04-01-2024,Apartment,54,589.61,"$188,272.10",Sold,C0677,01-04-2024,188272.1,319.3163277
200479,20,04-01-2024,Apartment,54,589.61,"$181,148.12",Sold,C1404,01-04-2024,181148.12,307.2337986
200480,20,04-01-2024,Office,54,589.61,"$208,828.68",Sold,C0542,01-04-2024,208828.68,354.1810349
990000,1,04-01-2024,Office,10,800.96,"$264,142.16",Sold,C0054,01-04-2024,264142.16,329.7819616
990024,5,04-01-2024,Apartment,41,798.28,"$255,337.90",Available,,01-04-2024,255337.9,319.8600742
1011,1,05-01-2024,Office,11,827.87,"$222,947.21",Sold,C0128,01-05-2024,222947.21,269.3021972
1028,1,05-01-2024,Apartment,28,1160.36,"$331,154.88",Sold,C0005,01-05-2024,331154.88,285.3897756
2026,2,05-01-2024,Apartment,26,649.8,"$198,075.99",Sold,C0126,01-05-2024,198075.99,304.8260849
2043,2,05-01-2024,Apartment,43,1110.32,"$355,073.40",Sold,C0127,01-05-2024,355073.4,319.7937532
2052,2,05-01-2024,Apartment,52,1615.29,"$484,458.03",Sold,C0007,01-05-2024,484458.03,299.9201568
3043,3,05-01-2024,Apartment,43,1128.4,"$299,159.14",Sold,C0024,01-05-2024,299159.14,265.1179901
4026,4,05-01-2024,Apartment,26,1611.85,"$506,786.66",Available,,01-05-2024,506786.66,314.4130409
4046,4,05-01-2024,Apartment,46,791.72,"$230,495.01",Available,,01-05-2024,230495.01,291.1319785
4048,4,05-01-2024,Apartment,48,1068.58,"$346,048.04",Available,,01-05-2024,346048.04,323.839151
10011,1,05-01-2024,Apartment,2,715.67,"$216,996.95",Sold,C0230,01-05-2024,216996.95,303.2081127
10024,1,05-01-2024,Apartment,3,788.73,"$223,548.52",Sold,C1782,01-05-2024,223548.52,283.4284483
10057,1,05-01-2024,Apartment,7,758.88,"$235,151.17",Sold,C0182,01-05-2024,235151.17,309.866079
10100,1,05-01-2024,Apartment,13,719.47,"$195,020.26",Sold,C0765,01-05-2024,195020.26,271.0610032
10106,1,05-01-2024,Apartment,14,1181.69,"$362,197.78",Available,,01-05-2024,362197.78,306.508289
10114,1,05-01-2024,Apartment,14,1181.69,"$277,837.04",Sold,C0799,01-05-2024,277837.04,235.1183813
10117,1,05-01-2024,Apartment,14,1181.69,"$410,180.27",Sold,C1913,01-05-2024,410180.27,347.1132615
10126,1,05-01-2024,Apartment,15,765,"$234,250.56",Sold,C1759,01-05-2024,234250.56,306.2098824
10132,1,05-01-2024,Apartment,16,612.76,"$199,424.86",Sold,C1888,01-05-2024,199424.86,325.4534565
10174,1,05-01-2024,Apartment,22,740.83,"$187,644.88",Sold,C1640,01-05-2024,187644.88,253.2900665
10182,1,05-01-2024,Apartment,22,740.83,"$210,445.30",Sold,C0608,01-05-2024,210445.3,284.0669249
10183,1,05-01-2024,Apartment,22,740.83,"$240,139.80",Sold,C1479,01-05-2024,240139.8,324.14967
10235,1,05-01-2024,Office,27,725.12,"$251,042.18",Sold,C0077,01-05-2024,251042.18,346.2077725
10247,1,05-01-2024,Apartment,29,757.2,"$236,373.55",Sold,C1266,01-05-2024,236373.55,312.1679213
10287,1,05-01-2024,Apartment,30,753.29,"$221,063.07",Sold,C1995,01-05-2024,221063.07,293.4634337
10300,1,05-01-2024,Apartment,31,619.78,"$185,780.26",Sold,C1103,01-05-2024,185780.26,299.7519442
10306,1,05-01-2024,Apartment,32,800.77,"$228,232.72",Sold,C0474,01-05-2024,228232.72,285.0165715
10351,1,05-01-2024,Apartment,38,1355.85,"$327,248.98",Sold,C1364,01-05-2024,327248.98,241.3607552
20018,2,05-01-2024,Apartment,2,788.72,"$240,243.78",Sold,C1289,01-05-2024,240243.78,304.5995791
20062,2,05-01-2024,Apartment,8,715.54,"$232,688.53",Sold,C1152,01-05-2024,232688.53,325.1929033
20110,2,05-01-2024,Apartment,13,782.33,"$235,637.33",Sold,C0253,01-05-2024,235637.33,301.1994043
20125,2,05-01-2024,Apartment,15,1603.33,"$513,464.72",Sold,C0593,01-05-2024,513464.72,320.2489319
20126,2,05-01-2024,Apartment,15,1603.33,"$499,600.59",Sold,C0167,01-05-2024,499600.59,311.6018474
20160,2,05-01-2024,Office,18,784.76,"$248,958.94",Available,,01-05-2024,248958.94,317.2421377
20161,2,05-01-2024,Apartment,19,795.52,"$277,015.00",Sold,C1437,01-05-2024,277015,348.2187751
20199,2,05-01-2024,Apartment,22,653.41,"$224,133.54",Sold,C1022,01-05-2024,224133.54,343.0212883
20209,2,05-01-2024,Apartment,24,785.12,"$230,107.73",Sold,C0004,01-05-2024,230107.73,293.0860633
20255,2,05-01-2024,Apartment,29,1107.33,"$325,010.71",Sold,C1790,01-05-2024,325010.71,293.5084482
20269,2,05-01-2024,Office,32,925.63,"$323,702.74",Available,,01-05-2024,323702.74,349.7107267
20285,2,05-01-2024,Apartment,33,931.4,"$306,852.00",Available,,01-05-2024,306852,329.4524372
20288,2,05-01-2024,Apartment,34,800.26,"$253,232.44",Sold,C1295,01-05-2024,253232.44,316.4377077
20304,2,05-01-2024,Apartment,36,641.72,"$164,198.69",Sold,C1144,01-05-2024,164198.69,255.872795
20322,2,05-01-2024,Apartment,38,710.81,"$204,892.35",Sold,C0881,01-05-2024,204892.35,288.2519239
20352,2,05-01-2024,Office,42,786.45,"$209,063.55",Sold,C0268,01-05-2024,209063.55,265.8319664
20358,2,05-01-2024,Apartment,42,786.45,"$223,924.47",Sold,C1020,01-05-2024,223924.47,284.7281709
20359,2,05-01-2024,Apartment,42,786.45,"$248,975.66",Sold,C1565,01-05-2024,248975.66,316.5816772
20376,2,05-01-2024,Apartment,45,782.2,"$208,153.09",Available,,01-05-2024,208153.09,266.1123626
20388,2,05-01-2024,Apartment,46,697.74,"$191,730.36",Sold,C0025,01-05-2024,191730.36,274.787686
20391,2,05-01-2024,Office,46,697.74,"$261,450.25",Available,,01-05-2024,261450.25,374.7101356
20393,2,05-01-2024,Apartment,46,697.74,"$188,000.19",Sold,C1920,01-05-2024,188000.19,269.4416115
20444,2,05-01-2024,Apartment,51,699.31,"$219,752.03",Sold,C0110,01-05-2024,219752.03,314.2412235
20447,2,05-01-2024,Apartment,52,914.01,"$250,239.86",Sold,C0389,01-05-2024,250239.86,273.7824094
30054,3,05-01-2024,Apartment,6,668.89,"$230,249.86",Available,,01-05-2024,230249.86,344.2267936
30062,3,05-01-2024,Apartment,7,744.01,"$189,860.96",Available,,01-05-2024,189860.96,255.1860324
30070,3,05-01-2024,Apartment,7,744.01,"$213,877.71",Available,,01-05-2024,213877.71,287.4661765
30130,3,05-01-2024,Apartment,12,657.47,"$182,618.24",Sold,C1030,01-05-2024,182618.24,277.759046
30135,3,05-01-2024,Apartment,13,754.84,"$233,701.51",Sold,C1713,01-05-2024,233701.51,309.6040353
30152,3,05-01-2024,Apartment,17,937.24,"$310,304.60",Sold,C0143,01-05-2024,310304.6,331.0833938
30168,3,05-01-2024,Apartment,19,1602.22,"$545,570.25",Available,,01-05-2024,545570.25,340.5089501
30174,3,05-01-2024,Apartment,19,1602.22,"$526,180.38",Sold,C1485,01-05-2024,526180.38,328.4070727
30192,3,05-01-2024,Office,21,1122.15,"$364,141.62",Available,,01-05-2024,364141.62,324.5035156
30196,3,05-01-2024,Apartment,21,1122.15,"$354,543.67",Sold,C1941,01-05-2024,354543.67,315.9503364
30219,3,05-01-2024,Apartment,25,765.56,"$248,929.48",Sold,C0692,01-05-2024,248929.48,325.1599875
30240,3,05-01-2024,Apartment,27,1117.14,"$362,492.39",Available,,01-05-2024,362492.39,324.4825089
30255,3,05-01-2024,Apartment,28,679.93,"$211,362.00",Available,,01-05-2024,211362,310.8584707
30323,3,05-01-2024,Apartment,40,678.71,"$197,764.69",Available,,01-05-2024,197764.69,291.3831975
30351,3,05-01-2024,Office,42,1343.96,"$450,627.91",Available,,01-05-2024,450627.91,335.2986026
30383,3,05-01-2024,Apartment,47,691.09,"$234,934.93",Sold,C1325,01-05-2024,234934.93,339.9483859
30386,3,05-01-2024,Apartment,47,691.09,"$212,733.58",Available,,01-05-2024,212733.58,307.8232647
30403,3,05-01-2024,Apartment,49,1174.48,"$334,121.61",Sold,C1382,01-05-2024,334121.61,284.4847166
30420,3,05-01-2024,Apartment,49,1174.48,"$349,203.77",Sold,C0503,01-05-2024,349203.77,297.3262806
30446,3,05-01-2024,Apartment,51,693.85,"$199,163.20",Sold,C1386,01-05-2024,199163.2,287.0407149
30449,3,05-01-2024,Apartment,52,1361.9,"$367,708.79",Available,,01-05-2024,367708.79,269.9969087
30490,3,05-01-2024,Apartment,57,1607.94,"$512,522.53",Available,,01-05-2024,512522.53,318.7448101
30492,3,05-01-2024,Apartment,57,1607.94,"$487,171.09",Sold,C0310,01-05-2024,487171.09,302.9784009
40020,4,05-01-2024,Apartment,2,1620.07,"$523,966.96",Sold,C0925,01-05-2024,523966.96,323.42242
40021,4,05-01-2024,Apartment,3,1630.82,"$539,711.96",Sold,C0165,01-05-2024,539711.96,330.9451442
40025,4,05-01-2024,Apartment,3,1630.82,"$498,856.28",Available,,01-05-2024,498856.28,305.8929128
40042,4,05-01-2024,Apartment,4,783.03,"$240,057.11",Sold,C1246,01-05-2024,240057.11,306.5746012
40054,4,05-01-2024,Apartment,5,786.98,"$206,258.47",Sold,C1121,01-05-2024,206258.47,262.0885791
40059,4,05-01-2024,Apartment,5,786.98,"$227,598.30",Sold,C0513,01-05-2024,227598.3,289.2046812
40076,4,05-01-2024,Office,10,1614.62,"$608,055.99",Sold,C1300,01-05-2024,608055.99,376.5938673
40085,4,05-01-2024,Apartment,11,802.79,"$235,196.88",Sold,C1107,01-05-2024,235196.88,292.9743519
40114,4,05-01-2024,Apartment,14,1322.66,"$398,928.35",Sold,C1655,01-05-2024,398928.35,301.6106558
40131,4,05-01-2024,Apartment,15,760.39,"$242,012.41",Sold,C0408,01-05-2024,242012.41,318.2740567
40132,4,05-01-2024,Apartment,15,760.39,"$201,059.89",Sold,C1069,01-05-2024,201059.89,264.4167993
40138,4,05-01-2024,Apartment,16,1128.21,"$311,009.93",Sold,C1627,01-05-2024,311009.93,275.6667021
40152,4,05-01-2024,Office,18,1294.91,"$398,599.37",Sold,C0822,01-05-2024,398599.37,307.8201342
40153,4,05-01-2024,Apartment,18,1294.91,"$403,973.72",Sold,C0068,01-05-2024,403973.72,311.9704999
40168,4,05-01-2024,Apartment,21,801.66,"$262,637.35",Available,,01-05-2024,262637.35,327.6168825
40192,4,05-01-2024,Office,24,786.05,"$272,856.78",Sold,C1253,01-05-2024,272856.78,347.1239489
40207,4,05-01-2024,Apartment,26,790.05,"$256,720.02",Sold,C0730,01-05-2024,256720.02,324.9414847
40215,4,05-01-2024,Apartment,26,790.05,"$277,760.89",Sold,C0060,01-05-2024,277760.89,351.5738118
40223,4,05-01-2024,Office,26,790.05,"$266,440.01",Sold,C1620,01-05-2024,266440.01,337.2444909
40307,4,05-01-2024,Office,37,800.13,"$215,216.20",Sold,C1881,01-05-2024,215216.2,268.9765413
40335,4,05-01-2024,Apartment,40,780.74,"$235,532.69",Sold,C1156,01-05-2024,235532.69,301.6787791
40365,4,05-01-2024,Apartment,43,1616.99,"$504,517.39",Sold,C0359,01-05-2024,504517.39,312.0102103
40420,4,05-01-2024,Apartment,49,739.7,"$193,616.59",Available,,01-05-2024,193616.59,261.7501555
50019,5,05-01-2024,Apartment,4,799.1,"$208,960.43",Sold,C1051,01-05-2024,208960.43,261.4947191
50052,5,05-01-2024,Apartment,9,793.56,"$264,639.92",Sold,C1384,01-05-2024,264639.92,333.4844498
50067,5,05-01-2024,Apartment,10,629.27,"$156,700.20",Sold,C0213,01-05-2024,156700.2,249.019022
50102,5,05-01-2024,Apartment,12,787.5,"$260,674.62",Available,,01-05-2024,260674.62,331.0153905
50119,5,05-01-2024,Apartment,15,1050.95,"$282,845.50",Sold,C1216,01-05-2024,282845.5,269.1331652
50178,5,05-01-2024,Apartment,23,1006.65,"$301,730.10",Available,,01-05-2024,301730.1,299.7368499
50185,5,05-01-2024,Apartment,23,1006.65,"$334,696.90",Sold,C1007,01-05-2024,334696.9,332.485869
50199,5,05-01-2024,Apartment,26,1272.4,"$372,414.34",Available,,01-05-2024,372414.34,292.6865294
50211,5,05-01-2024,Apartment,27,1278.6,"$308,068.85",Sold,C1878,01-05-2024,308068.85,240.9423197
50220,5,05-01-2024,Office,29,786.28,"$236,804.87",Sold,C1538,01-05-2024,236804.87,301.1711731
50240,5,05-01-2024,Apartment,32,1051.39,"$327,070.05",Sold,C0259,01-05-2024,327070.05,311.0834705
50243,5,05-01-2024,Apartment,32,1051.39,"$311,645.47",Sold,C0712,01-05-2024,311645.47,296.4128154
50246,5,05-01-2024,Apartment,32,1051.39,"$308,068.31",Sold,C1886,01-05-2024,308068.31,293.0105004
50256,5,05-01-2024,Office,33,1787.13,"$512,156.34",Sold,C0536,01-05-2024,512156.34,286.5803495
50259,5,05-01-2024,Apartment,34,802.33,"$267,723.88",Sold,C0996,01-05-2024,267723.88,333.6829983
50260,5,05-01-2024,Apartment,34,802.33,"$232,731.80",Sold,C1887,01-05-2024,232731.8,290.0699214
50278,5,05-01-2024,Apartment,36,627.56,"$178,814.53",Sold,C0713,01-05-2024,178814.53,284.9361495
50333,5,05-01-2024,Office,42,791.2,"$236,639.12",Available,,01-05-2024,236639.12,299.0888777
50359,5,05-01-2024,Apartment,44,806.03,"$252,835.34",Sold,C2000,01-05-2024,252835.34,313.6798134
50361,5,05-01-2024,Apartment,44,806.03,"$246,214.10",Sold,C0181,01-05-2024,246214.1,305.4651812
50372,5,05-01-2024,Apartment,45,608.89,"$190,719.01",Sold,C1467,01-05-2024,190719.01,313.2240799
50379,5,05-01-2024,Apartment,46,1272.95,"$331,278.26",Available,,01-05-2024,331278.26,260.2445186
50386,5,05-01-2024,Office,46,1272.95,"$425,609.69",Sold,C1889,01-05-2024,425609.69,334.3491025
50391,5,05-01-2024,Apartment,46,1272.95,"$379,974.43",Sold,C0100,01-05-2024,379974.43,298.4991005
50395,5,05-01-2024,Apartment,46,1272.95,"$362,373.17",Sold,C1835,01-05-2024,362373.17,284.6719588
50397,5,05-01-2024,Apartment,47,1241.14,"$389,944.98",Sold,C1617,01-05-2024,389944.98,314.1829125
50402,5,05-01-2024,Apartment,47,1241.14,"$366,304.94",Sold,C1278,01-05-2024,366304.94,295.1358751
60015,6,05-01-2024,Apartment,1,1720.95,"$560,677.96",Sold,C0425,01-05-2024,560677.96,325.7956129
60031,6,05-01-2024,Apartment,3,605.21,"$203,789.30",Sold,C0993,01-05-2024,203789.3,336.7249385
60041,6,05-01-2024,Apartment,4,1925.28,"$661,640.07",Sold,C1561,01-05-2024,661640.07,343.6591405
60043,6,05-01-2024,Apartment,4,1925.28,"$675,765.41",Sold,C0226,01-05-2024,675765.41,350.9959123
60052,6,05-01-2024,Apartment,5,1617.43,"$498,957.88",Sold,C1279,01-05-2024,498957.88,308.4880829
60065,6,05-01-2024,Apartment,6,951.22,"$251,909.19",Sold,C1539,01-05-2024,251909.19,264.8274742
60066,6,05-01-2024,Apartment,6,951.22,"$290,766.80",Sold,C0805,01-05-2024,290766.8,305.6777612
60100,6,05-01-2024,Apartment,7,1075.42,"$349,992.08",Available,,01-05-2024,349992.08,325.4468766
60105,6,05-01-2024,Apartment,8,986.97,"$300,282.89",Available,,01-05-2024,300282.89,304.2472314
60109,6,05-01-2024,Apartment,9,1194.12,"$359,774.82",Sold,C1270,01-05-2024,359774.82,301.2886645
60135,6,05-01-2024,Apartment,11,1719.85,"$534,355.36",Sold,C0875,01-05-2024,534355.36,310.6988168
60148,6,05-01-2024,Office,12,1678.17,"$515,231.68",Sold,C0548,01-05-2024,515231.68,307.0199563
60150,6,05-01-2024,Apartment,12,1678.17,"$430,423.76",Sold,C0403,01-05-2024,430423.76,256.4840034
60156,6,05-01-2024,Apartment,13,581.47,"$156,674.67",Available,,01-05-2024,156674.67,269.4458356
60160,6,05-01-2024,Apartment,13,581.47,"$200,926.35",Sold,C1968,01-05-2024,200926.35,345.5489535
60161,6,05-01-2024,Apartment,14,1890,"$598,612.25",Sold,C1024,01-05-2024,598612.25,316.7260582
60169,6,05-01-2024,Office,15,1392.45,"$453,250.70",Sold,C0475,01-05-2024,453250.7,325.5059069
60190,6,05-01-2024,Apartment,19,1542.71,"$384,958.51",Sold,C0278,01-05-2024,384958.51,249.5339435
60241,6,05-01-2024,Office,24,1159.75,"$365,063.85",Sold,C1830,01-05-2024,365063.85,314.7780556
60298,6,05-01-2024,Apartment,33,1131,"$336,860.43",Available,,01-05-2024,336860.43,297.8429973
60304,6,05-01-2024,Apartment,33,1131,"$371,174.41",Sold,C0218,01-05-2024,371174.41,328.1825022
60309,6,05-01-2024,Apartment,34,1353.81,"$306,734.40",Sold,C0059,01-05-2024,306734.4,226.5712323
60324,6,05-01-2024,Apartment,36,463.91,"$150,110.49",Sold,C1076,01-05-2024,150110.49,323.5767498
60381,6,05-01-2024,Apartment,43,1492.81,"$554,882.17",Sold,C1250,01-05-2024,554882.17,371.7031437
60401,6,05-01-2024,Apartment,47,550.99,"$168,571.44",Available,,01-05-2024,168571.44,305.9428302
60430,6,05-01-2024,Apartment,51,1476.63,"$529,520.87",Sold,C1960,01-05-2024,529520.87,358.6009156
60459,6,05-01-2024,Apartment,53,1170.96,"$330,724.00",Available,,01-05-2024,330724,282.4383412
70017,7,05-01-2024,Apartment,3,888.5,"$278,826.18",Sold,C1401,01-05-2024,278826.18,313.8167473
70023,7,05-01-2024,Apartment,5,1144.09,"$333,120.50",Sold,C0171,01-05-2024,333120.5,291.1663418
70041,7,05-01-2024,Office,7,1071.02,"$296,372.05",Available,,01-05-2024,296372.05,276.7194357
70050,7,05-01-2024,Apartment,8,1561.28,"$498,082.29",Available,,01-05-2024,498082.29,319.0217578
70070,7,05-01-2024,Apartment,10,1495.37,"$499,413.56",Sold,C0185,01-05-2024,499413.56,333.9732374
70139,7,05-01-2024,Apartment,16,1239.87,"$397,500.69",Sold,C0732,01-05-2024,397500.69,320.5986837
70210,7,05-01-2024,Apartment,23,1222.69,"$437,259.52",Sold,C1259,01-05-2024,437259.52,357.6209178
70224,7,05-01-2024,Apartment,25,573.8,"$223,711.79",Available,,01-05-2024,223711.79,389.8776403
70230,7,05-01-2024,Apartment,25,573.8,"$203,707.73",Sold,C0908,01-05-2024,203707.73,355.0152144
70239,7,05-01-2024,Office,27,768.05,"$224,288.36",Sold,C1255,01-05-2024,224288.36,292.0231235
70263,7,05-01-2024,Apartment,29,441.65,"$114,846.15",Sold,C0681,01-05-2024,114846.15,260.0388317
70280,7,05-01-2024,Apartment,34,1487.05,"$445,823.13",Sold,C1775,01-05-2024,445823.13,299.8037255
70304,7,05-01-2024,Apartment,36,1748.75,"$478,202.61",Sold,C1805,01-05-2024,478202.61,273.4539585
70318,7,05-01-2024,Apartment,38,1755.26,"$509,258.67",Available,,01-05-2024,509258.67,290.1328977
70348,7,05-01-2024,Apartment,41,1093.92,"$319,520.07",Sold,C0086,01-05-2024,319520.07,292.0872367
70362,7,05-01-2024,Apartment,42,702.08,"$198,825.02",Sold,C1518,01-05-2024,198825.02,283.1942514
70378,7,05-01-2024,Apartment,43,498.61,"$149,009.47",Sold,C1408,01-05-2024,149009.47,298.8497423
70387,7,05-01-2024,Apartment,44,1859.83,"$419,927.79",Sold,C0571,01-05-2024,419927.79,225.7882656
70470,7,05-01-2024,Apartment,55,601.23,"$185,349.98",Sold,C1739,01-05-2024,185349.98,308.2846498
70476,7,05-01-2024,Apartment,55,601.23,"$153,965.78",Sold,C1632,01-05-2024,153965.78,256.0846598
70477,7,05-01-2024,Apartment,55,601.23,"$160,509.63",Sold,C0421,01-05-2024,160509.63,266.968764
70479,7,05-01-2024,Apartment,56,1589.6,"$461,908.57",Sold,C0112,01-05-2024,461908.57,290.5816369
70490,7,05-01-2024,Apartment,58,1629.83,"$512,459.69",Sold,C0155,01-05-2024,512459.69,314.4252407
80020,8,05-01-2024,Apartment,3,1736.05,"$515,896.71",Sold,C0102,01-05-2024,515896.71,297.1669652
80041,8,05-01-2024,Apartment,5,887.23,"$245,299.94",Sold,C0803,01-05-2024,245299.94,276.4784103
80051,8,05-01-2024,Apartment,5,887.23,"$259,694.81",Available,,01-05-2024,259694.81,292.7029181
80087,8,05-01-2024,Apartment,9,1869.81,"$590,633.76",Sold,C0865,01-05-2024,590633.76,315.8790251
80094,8,05-01-2024,Apartment,10,737.92,"$196,686.19",Sold,C0090,01-05-2024,196686.19,266.5413459
80129,8,05-01-2024,Apartment,15,534.85,"$146,835.08",Sold,C0265,01-05-2024,146835.08,274.5350659
80161,8,05-01-2024,Apartment,21,1501.64,"$448,702.07",Sold,C0070,01-05-2024,448702.07,298.8080166
80190,8,05-01-2024,Apartment,26,1625.38,"$434,040.89",Available,,01-05-2024,434040.89,267.03964
80193,8,05-01-2024,Apartment,26,1625.38,"$526,678.44",Sold,C0418,01-05-2024,526678.44,324.0340351
80202,8,05-01-2024,Apartment,28,1431.61,"$411,435.44",Available,,01-05-2024,411435.44,287.393522
80203,8,05-01-2024,Apartment,28,1431.61,"$386,241.87",Sold,C1124,01-05-2024,386241.87,269.7954541
80206,8,05-01-2024,Apartment,28,1431.61,"$452,279.20",Sold,C1903,01-05-2024,452279.2,315.9234708
80217,8,05-01-2024,Apartment,29,1848.51,"$624,161.31",Available,,01-05-2024,624161.31,337.6564422
80237,8,05-01-2024,Apartment,30,1070.46,"$345,048.44",Available,,01-05-2024,345048.44,322.336603
80239,8,05-01-2024,Office,30,1070.46,"$380,050.07",Sold,C0072,01-05-2024,380050.07,355.0343497
80245,8,05-01-2024,Apartment,31,1253.18,"$357,323.56",Available,,01-05-2024,357323.56,285.1334685
80246,8,05-01-2024,Office,31,1253.18,"$399,671.51",Sold,C0099,01-05-2024,399671.51,318.9258606
80266,8,05-01-2024,Office,32,1410.88,"$422,684.36",Sold,C1565,01-05-2024,422684.36,299.5891642
80306,8,05-01-2024,Apartment,36,673.86,"$220,642.17",Sold,C0080,01-05-2024,220642.17,327.4302823
80364,8,05-01-2024,Office,43,1490.59,"$503,414.20",Sold,C0458,01-05-2024,503414.2,337.7281479
80387,8,05-01-2024,Apartment,46,1175.51,"$353,812.59",Available,,01-05-2024,353812.59,300.9864569
80407,8,05-01-2024,Office,47,543.08,"$165,991.05",Available,,01-05-2024,165991.05,305.6475105
80421,8,05-01-2024,Apartment,48,480.99,"$153,410.17",Sold,C1362,01-05-2024,153410.17,318.9466933
80431,8,05-01-2024,Apartment,50,913.15,"$251,686.03",Sold,C0392,01-05-2024,251686.03,275.623972
80434,8,05-01-2024,Apartment,50,913.15,"$270,241.73",Sold,C1910,01-05-2024,270241.73,295.9445108
80443,8,05-01-2024,Apartment,52,559.73,"$151,476.69",Available,,01-05-2024,151476.69,270.624569
80453,8,05-01-2024,Apartment,53,1891.72,"$533,253.25",Sold,C0954,01-05-2024,533253.25,281.8880437
90047,9,05-01-2024,Office,8,1315.55,"$401,129.35",Available,,01-05-2024,401129.35,304.9138003
90078,9,05-01-2024,Apartment,12,952.38,"$291,557.41",Sold,C1740,01-05-2024,291557.41,306.1355866
90082,9,05-01-2024,Office,12,952.38,"$329,697.10",Available,,01-05-2024,329697.1,346.1823012
90101,9,05-01-2024,Apartment,16,924.6,"$248,353.36",Sold,C1066,01-05-2024,248353.36,268.606273
90141,9,05-01-2024,Apartment,22,1115.88,"$358,332.02",Sold,C1979,01-05-2024,358332.02,321.1205685
90152,9,05-01-2024,Apartment,24,914.61,"$294,158.67",Sold,C0006,01-05-2024,294158.67,321.62197
90194,9,05-01-2024,Office,29,1426.22,"$457,069.23",Sold,C0476,01-05-2024,457069.23,320.4759644
90223,9,05-01-2024,Office,33,973.52,"$258,281.48",Sold,C1429,01-05-2024,258281.48,265.3068042
90279,9,05-01-2024,Apartment,35,1376.88,"$444,270.56",Sold,C0829,01-05-2024,444270.56,322.6646912
90284,9,05-01-2024,Office,36,1582.79,"$507,510.60",Sold,C1851,01-05-2024,507510.6,320.6430417
90307,9,05-01-2024,Apartment,38,1260.31,"$398,439.84",Available,,01-05-2024,398439.84,316.1443137
90315,9,05-01-2024,Apartment,38,1260.31,"$422,763.47",Available,,01-05-2024,422763.47,335.4440336
90381,9,05-01-2024,Apartment,45,786.13,"$186,004.47",Available,,01-05-2024,186004.47,236.6077748
90385,9,05-01-2024,Apartment,46,662.32,"$187,337.33",Sold,C1178,01-05-2024,187337.33,282.8501782
90399,9,05-01-2024,Apartment,48,1264.94,"$408,862.02",Sold,C0020,01-05-2024,408862.02,323.2264139
90403,9,05-01-2024,Apartment,50,1938.15,"$599,421.75",Sold,C1012,01-05-2024,599421.75,309.2752109
90404,9,05-01-2024,Apartment,51,1816.78,"$484,595.35",Sold,C1221,01-05-2024,484595.35,266.7330937
90416,9,05-01-2024,Apartment,53,599.72,"$167,173.35",Available,,01-05-2024,167173.35,278.7523344
90442,9,05-01-2024,Office,56,1516.4,"$484,801.23",Sold,C0619,01-05-2024,484801.23,319.7053746
90448,9,05-01-2024,Office,56,1516.4,"$472,506.97",Available,,01-05-2024,472506.97,311.5978436
100029,10,05-01-2024,Apartment,4,1765.37,"$449,252.81",Sold,C1493,01-05-2024,449252.81,254.4808227
100035,10,05-01-2024,Apartment,5,1741.96,"$522,748.14",Available,,01-05-2024,522748.14,300.0919309
100036,10,05-01-2024,Apartment,5,1741.96,"$488,491.97",Available,,01-05-2024,488491.97,280.4266286
100047,10,05-01-2024,Apartment,5,1741.96,"$405,297.57",Sold,C1819,01-05-2024,405297.57,232.6675526
100083,10,05-01-2024,Apartment,10,1196.84,"$378,213.40",Sold,C1253,01-05-2024,378213.4,316.009993
100097,10,05-01-2024,Apartment,12,852.74,"$263,932.63",Available,,01-05-2024,263932.63,309.5112578
100126,10,05-01-2024,Apartment,16,1169.15,"$355,085.18",Sold,C1497,01-05-2024,355085.18,303.7122525
100148,10,05-01-2024,Apartment,19,948.04,"$274,317.28",Sold,C0202,01-05-2024,274317.28,289.3520105
100161,10,05-01-2024,Apartment,20,1264.43,"$381,724.58",Available,,01-05-2024,381724.58,301.8945928
100252,10,05-01-2024,Apartment,30,1559.4,"$511,932.27",Available,,01-05-2024,511932.27,328.2879761
100294,10,05-01-2024,Office,34,1435.44,"$415,938.84",Sold,C0556,01-05-2024,415938.84,289.7640027
100303,10,05-01-2024,Apartment,36,1920.65,"$540,074.50",Sold,C0146,01-05-2024,540074.5,281.1936063
100307,10,05-01-2024,Apartment,36,1920.65,"$592,203.73",Sold,C1299,01-05-2024,592203.73,308.3350584
100310,10,05-01-2024,Apartment,37,1177.85,"$399,238.30",Sold,C1286,01-05-2024,399238.3,338.9551301
100344,10,05-01-2024,Apartment,42,1757.51,"$528,144.96",Sold,C1557,01-05-2024,528144.96,300.5075135
100405,10,05-01-2024,Apartment,47,1047.27,"$372,974.76",Sold,C1281,01-05-2024,372974.76,356.1400212
100412,10,05-01-2024,Apartment,49,656.17,"$212,548.64",Sold,C0665,01-05-2024,212548.64,323.9231297
100417,10,05-01-2024,Apartment,50,1138.32,"$345,524.63",Sold,C1607,01-05-2024,345524.63,303.5391015
100429,10,05-01-2024,Apartment,50,1138.32,"$347,148.29",Sold,C1409,01-05-2024,347148.29,304.9654667
110042,11,05-01-2024,Apartment,5,1723.2,"$453,922.16",Sold,C1899,01-05-2024,453922.16,263.4181523
110072,11,05-01-2024,Office,8,1001.41,"$318,935.71",Sold,C1415,01-05-2024,318935.71,318.4866438
110104,11,05-01-2024,Office,12,1754.75,"$543,741.11",Sold,C1425,01-05-2024,543741.11,309.8681351
110107,11,05-01-2024,Office,13,474.93,"$140,439.73",Sold,C0038,01-05-2024,140439.73,295.7061672
110116,11,05-01-2024,Apartment,13,474.93,"$152,103.81",Sold,C0371,01-05-2024,152103.81,320.2657444
110122,11,05-01-2024,Apartment,13,474.93,"$148,565.18",Sold,C1886,01-05-2024,148565.18,312.814899
110125,11,05-01-2024,Apartment,14,524.68,"$143,800.00",Sold,C1967,01-05-2024,143800,274.0718152
110174,11,05-01-2024,Apartment,18,1562.55,"$472,802.29",Sold,C0238,01-05-2024,472802.29,302.5837829
110192,11,05-01-2024,Apartment,22,1755.05,"$561,305.34",Sold,C1845,01-05-2024,561305.34,319.8229908
110229,11,05-01-2024,Apartment,28,868.85,"$269,172.90",Sold,C0044,01-05-2024,269172.9,309.8036485
110240,11,05-01-2024,Apartment,29,993.51,"$295,715.19",Sold,C2000,01-05-2024,295715.19,297.6469185
110285,11,05-01-2024,Apartment,34,680.07,"$181,508.78",Sold,C1278,01-05-2024,181508.78,266.8972018
110312,11,05-01-2024,Apartment,38,788.47,"$229,444.30",Sold,C1118,01-05-2024,229444.3,290.9994039
110324,11,05-01-2024,Apartment,38,788.47,"$245,418.89",Sold,C1176,01-05-2024,245418.89,311.2596421
110353,11,05-01-2024,Apartment,42,808.59,"$268,620.22",Available,,01-05-2024,268620.22,332.2081896
110366,11,05-01-2024,Office,43,810.65,"$287,234.79",Available,,01-05-2024,287234.79,354.3265158
110374,11,05-01-2024,Apartment,44,434.38,"$125,951.48",Sold,C1536,01-05-2024,125951.48,289.9569041
110381,11,05-01-2024,Apartment,44,434.38,"$135,401.82",Sold,C1274,01-05-2024,135401.82,311.7128321
110392,11,05-01-2024,Apartment,46,1798.85,"$615,554.68",Sold,C1356,01-05-2024,615554.68,342.1934458
110445,11,05-01-2024,Apartment,52,1397.58,"$463,091.82",Sold,C0375,01-05-2024,463091.82,331.3526381
110453,11,05-01-2024,Apartment,52,1397.58,"$393,927.21",Sold,C1270,01-05-2024,393927.21,281.8638003
110461,11,05-01-2024,Apartment,54,802.65,"$232,185.85",Sold,C1707,01-05-2024,232185.85,289.2740921
110464,11,05-01-2024,Apartment,54,802.65,"$232,180.63",Sold,C1074,01-05-2024,232180.63,289.2675886
110465,11,05-01-2024,Apartment,55,1713.32,"$533,336.37",Available,,01-05-2024,533336.37,311.2882415
110473,11,05-01-2024,Office,56,724.8,"$195,094.85",Sold,C0618,01-05-2024,195094.85,269.1705988
110506,11,05-01-2024,Apartment,60,1295.04,"$356,105.59",Sold,C1114,01-05-2024,356105.59,274.9765181
110520,11,05-01-2024,Apartment,61,1299.46,"$364,486.91",Available,,01-05-2024,364486.91,280.4910578
120019,12,05-01-2024,Office,2,1285.87,"$431,041.65",Sold,C0854,01-05-2024,431041.65,335.2140185
120027,12,05-01-2024,Apartment,3,1469.27,"$417,864.27",Available,,01-05-2024,417864.27,284.4026421
120049,12,05-01-2024,Apartment,5,495.04,"$152,334.67",Available,,01-05-2024,152334.67,307.7219417
120053,12,05-01-2024,Apartment,5,495.04,"$137,406.32",Sold,C1081,01-05-2024,137406.32,277.5660957
120059,12,05-01-2024,Apartment,6,1347.8,"$387,519.48",Sold,C0845,01-05-2024,387519.48,287.5200178
120068,12,05-01-2024,Apartment,8,1803.36,"$504,493.45",Sold,C0510,01-05-2024,504493.45,279.7519353
120078,12,05-01-2024,Office,9,857.88,"$217,511.57",Available,,01-05-2024,217511.57,253.5454492
120102,12,05-01-2024,Apartment,13,1394.03,"$375,764.01",Sold,C1306,01-05-2024,375764.01,269.5523124
120172,12,05-01-2024,Apartment,19,1381.22,"$360,006.15",Available,,01-05-2024,360006.15,260.6435977
120184,12,05-01-2024,Apartment,20,1802.21,"$541,188.53",Sold,C1309,01-05-2024,541188.53,300.2916031
120204,12,05-01-2024,Apartment,23,1094.46,"$368,892.07",Sold,C0156,01-05-2024,368892.07,337.0539535
120210,12,05-01-2024,Office,23,1094.46,"$411,845.93",Sold,C1978,01-05-2024,411845.93,376.3005775
120227,12,05-01-2024,Apartment,24,1306.75,"$377,248.32",Sold,C1332,01-05-2024,377248.32,288.6920375
120229,12,05-01-2024,Apartment,24,1306.75,"$336,147.76",Available,,01-05-2024,336147.76,257.2395332
120230,12,05-01-2024,Office,24,1306.75,"$456,133.00",Sold,C0347,01-05-2024,456133,349.0591161
120236,12,05-01-2024,Apartment,25,1540.51,"$505,130.37",Available,,01-05-2024,505130.37,327.8981441
120249,12,05-01-2024,Office,27,871.52,"$285,485.58",Available,,01-05-2024,285485.58,327.5720351
120260,12,05-01-2024,Apartment,27,871.52,"$279,936.12",Sold,C1816,01-05-2024,279936.12,321.2044704
120261,12,05-01-2024,Office,27,871.52,"$288,985.79",Sold,C1508,01-05-2024,288985.79,331.5882481
120279,12,05-01-2024,Apartment,30,622.2,"$207,963.57",Sold,C0401,01-05-2024,207963.57,334.2391032
120292,12,05-01-2024,Apartment,33,1232.2,"$302,543.25",Available,,01-05-2024,302543.25,245.5309609
120334,12,05-01-2024,Apartment,35,1690.62,"$573,472.62",Available,,01-05-2024,573472.62,339.2084679
120348,12,05-01-2024,Apartment,38,1157.23,"$365,670.99",Sold,C0663,01-05-2024,365670.99,315.98817
130001,13,05-01-2024,Office,1,1899.92,"$645,779.93",Available,,01-05-2024,645779.93,339.8984852
130038,13,05-01-2024,Apartment,3,979.64,"$327,860.05",Sold,C1094,01-05-2024,327860.05,334.6740129
130043,13,05-01-2024,Apartment,3,979.64,"$310,095.22",Sold,C1904,01-05-2024,310095.22,316.5399739
130044,13,05-01-2024,Apartment,3,979.64,"$310,865.62",Sold,C0054,01-05-2024,310865.62,317.3263852
130052,13,05-01-2024,Apartment,4,1629.74,"$410,318.25",Available,,01-05-2024,410318.25,251.7691472
130092,13,05-01-2024,Apartment,11,1678.3,"$523,652.47",Sold,C1113,01-05-2024,523652.47,312.0136269
130140,13,05-01-2024,Apartment,16,1772.88,"$528,190.80",Sold,C0731,01-05-2024,528190.8,297.928117
130142,13,05-01-2024,Apartment,16,1772.88,"$457,508.86",Sold,C1805,01-05-2024,457508.86,258.0596882
130169,13,05-01-2024,Apartment,20,516.72,"$152,514.27",Available,,01-05-2024,152514.27,295.1584417
130198,13,05-01-2024,Apartment,22,1811.36,"$605,522.07",Sold,C1722,01-05-2024,605522.07,334.2913998
130212,13,05-01-2024,Apartment,24,1044.69,"$357,429.62",Sold,C1684,01-05-2024,357429.62,342.1394098
130222,13,05-01-2024,Apartment,25,633.86,"$189,457.38",Available,,01-05-2024,189457.38,298.8946771
130229,13,05-01-2024,Apartment,27,885.68,"$229,554.32",Sold,C1890,01-05-2024,229554.32,259.1842652
130243,13,05-01-2024,Apartment,28,1173.72,"$330,183.47",Available,,01-05-2024,330183.47,281.3136608
130245,13,05-01-2024,Apartment,28,1173.72,"$384,319.84",Sold,C0857,01-05-2024,384319.84,327.4374127
130249,13,05-01-2024,Apartment,29,568.7,"$160,520.27",Sold,C1484,01-05-2024,160520.27,282.2582557
130260,13,05-01-2024,Apartment,30,1777.51,"$485,888.28",Sold,C1190,01-05-2024,485888.28,273.3533313
130261,13,05-01-2024,Apartment,30,1777.51,"$589,380.74",Sold,C0368,01-05-2024,589380.74,331.57661
130266,13,05-01-2024,Office,31,627.57,"$179,443.23",Sold,C1605,01-05-2024,179443.23,285.9334098
130271,13,05-01-2024,Apartment,32,1114.07,"$355,169.50",Sold,C0745,01-05-2024,355169.5,318.8035761
130300,13,05-01-2024,Apartment,33,1445.84,"$385,937.66",Sold,C1906,01-05-2024,385937.66,266.9297156
130318,13,05-01-2024,Office,35,1867.34,"$654,120.74",Sold,C1763,01-05-2024,654120.74,350.2954684
130332,13,05-01-2024,Apartment,37,1555.67,"$444,069.92",Sold,C1634,01-05-2024,444069.92,285.4525189
130343,13,05-01-2024,Apartment,38,656.42,"$193,572.19",Sold,C0112,01-05-2024,193572.19,294.8907559
130353,13,05-01-2024,Apartment,39,1054.77,"$334,166.59",Sold,C0463,01-05-2024,334166.59,316.8146515
130388,13,05-01-2024,Apartment,43,1875.83,"$568,196.47",Sold,C0593,01-05-2024,568196.47,302.9040318
130400,13,05-01-2024,Apartment,45,986.91,"$256,697.03",Available,,01-05-2024,256697.03,260.1017621
130403,13,05-01-2024,Office,45,986.91,"$357,298.42",Available,,01-05-2024,357298.42,362.0374908
130434,13,05-01-2024,Apartment,48,1728.84,"$525,419.08",Sold,C0193,01-05-2024,525419.08,303.9142315
130435,13,05-01-2024,Apartment,48,1728.84,"$541,585.04",Sold,C1761,01-05-2024,541585.04,313.2649869
130449,13,05-01-2024,Apartment,50,1469.09,"$482,069.52",Available,,01-05-2024,482069.52,328.1415842
130522,13,05-01-2024,Apartment,60,1401.81,"$370,900.47",Sold,C1760,01-05-2024,370900.47,264.5868342
130527,13,05-01-2024,Apartment,60,1401.81,"$471,079.28",Available,,01-05-2024,471079.28,336.0507344
130558,13,05-01-2024,Apartment,65,612.66,"$163,574.83",Available,,01-05-2024,163574.83,266.9912023
130559,13,05-01-2024,Apartment,65,612.66,"$186,656.42",Sold,C0550,01-05-2024,186656.42,304.6655894
130563,13,05-01-2024,Apartment,66,1283.8,"$388,928.18",Sold,C0547,01-05-2024,388928.18,302.9507556
130594,13,05-01-2024,Apartment,69,736.95,"$184,597.28",Available,,01-05-2024,184597.28,250.4882014
140036,14,05-01-2024,Apartment,6,1733.36,"$477,046.12",Sold,C1319,01-05-2024,477046.12,275.2146813
140051,14,05-01-2024,Apartment,8,618.89,"$190,875.59",Sold,C1035,01-05-2024,190875.59,308.416019
140098,14,05-01-2024,Apartment,12,459.44,"$158,892.76",Sold,C1130,01-05-2024,158892.76,345.8400662
140112,14,05-01-2024,Apartment,12,459.44,"$145,907.47",Sold,C1847,01-05-2024,145907.47,317.5767674
140120,14,05-01-2024,Apartment,13,442.74,"$160,735.05",Sold,C0458,01-05-2024,160735.05,363.0461445
140133,14,05-01-2024,Apartment,14,1628.68,"$518,963.51",Sold,C0190,01-05-2024,518963.51,318.6405617
140191,14,05-01-2024,Apartment,21,1560.87,"$504,051.85",Sold,C0806,01-05-2024,504051.85,322.9300646
140218,14,05-01-2024,Office,23,1610.37,"$590,849.87",Sold,C1642,01-05-2024,590849.87,366.9031775
140219,14,05-01-2024,Apartment,23,1610.37,"$501,053.00",Sold,C0570,01-05-2024,501053,311.1415389
140259,14,05-01-2024,Apartment,29,1618.34,"$424,083.22",Available,,01-05-2024,424083.22,262.048284
140308,14,05-01-2024,Apartment,35,1152.84,"$399,680.68",Sold,C1532,01-05-2024,399680.68,346.6922383
140323,14,05-01-2024,Apartment,38,1170.11,"$390,224.30",Sold,C0913,01-05-2024,390224.3,333.4936886
140340,14,05-01-2024,Apartment,40,532.44,"$151,656.02",Available,,01-05-2024,151656.02,284.8321313
140346,14,05-01-2024,Apartment,41,543.61,"$172,783.03",Sold,C1941,01-05-2024,172783.03,317.8437299
140369,14,05-01-2024,Office,45,1388.61,"$480,678.50",Sold,C0847,01-05-2024,480678.5,346.1580285
140370,14,05-01-2024,Apartment,45,1388.61,"$386,196.25",Sold,C1802,01-05-2024,386196.25,278.1171459
140372,14,05-01-2024,Office,45,1388.61,"$343,689.96",Sold,C1985,01-05-2024,343689.96,247.5064705
140373,14,05-01-2024,Office,45,1388.61,"$458,341.23",Sold,C1926,01-05-2024,458341.23,330.0719641
140376,14,05-01-2024,Office,46,1258.99,"$324,485.55",Sold,C0781,01-05-2024,324485.55,257.7348112
140423,14,05-01-2024,Apartment,51,1346.3,"$387,224.12",Sold,C0476,01-05-2024,387224.12,287.620976
140447,14,05-01-2024,Apartment,52,571.74,"$154,650.62",Sold,C0958,01-05-2024,154650.62,270.4911673
140462,14,05-01-2024,Apartment,55,1415.9,"$412,499.97",Sold,C0109,01-05-2024,412499.97,291.3341126
150001,15,05-01-2024,Apartment,1,1596.51,"$523,585.37",Sold,C1591,01-05-2024,523585.37,327.9562107
150004,15,05-01-2024,Apartment,1,1596.51,"$435,265.83",Available,,01-05-2024,435265.83,272.6358307
150010,15,05-01-2024,Apartment,2,1522.89,"$455,019.48",Sold,C0872,01-05-2024,455019.48,298.7868329
150012,15,05-01-2024,Apartment,2,1522.89,"$448,686.87",Sold,C1142,01-05-2024,448686.87,294.6285484
150036,15,05-01-2024,Apartment,5,769.6,"$234,637.02",Available,,01-05-2024,234637.02,304.8817827
150037,15,05-01-2024,Apartment,5,769.6,"$169,312.00",Sold,C1163,01-05-2024,169312,220
150042,15,05-01-2024,Apartment,6,938.57,"$278,827.02",Sold,C1986,01-05-2024,278827.02,297.0764248
150079,15,05-01-2024,Apartment,12,992.68,"$321,109.42",Sold,C0778,01-05-2024,321109.42,323.4772736
150093,15,05-01-2024,Office,15,522.71,"$198,889.90",Sold,C1783,01-05-2024,198889.9,380.4975991
150100,15,05-01-2024,Apartment,15,522.71,"$177,455.16",Sold,C1327,01-05-2024,177455.16,339.4906545
150145,15,05-01-2024,Apartment,17,562.64,"$172,104.74",Available,,01-05-2024,172104.74,305.8878501
150146,15,05-01-2024,Apartment,17,562.64,"$170,544.82",Available,,01-05-2024,170544.82,303.1153491
150171,15,05-01-2024,Apartment,22,1317.29,"$397,474.25",Sold,C0968,01-05-2024,397474.25,301.7363299
150263,15,05-01-2024,Office,31,1901.65,"$518,564.66",Sold,C0380,01-05-2024,518564.66,272.691957
150304,15,05-01-2024,Apartment,35,745.49,"$244,548.78",Available,,01-05-2024,244548.78,328.0376397
150313,15,05-01-2024,Apartment,35,745.49,"$241,648.03",Sold,C1031,01-05-2024,241648.03,324.1465747
150319,15,05-01-2024,Apartment,36,1424.81,"$469,262.61",Sold,C1879,01-05-2024,469262.61,329.3510082
150330,15,05-01-2024,Apartment,38,585.57,"$173,559.11",Sold,C1493,01-05-2024,173559.11,296.3934457
150355,15,05-01-2024,Apartment,43,1655.05,"$459,923.31",Available,,01-05-2024,459923.31,277.8908855
150358,15,05-01-2024,Apartment,43,1655.05,"$494,886.23",Available,,01-05-2024,494886.23,299.0158787
150366,15,05-01-2024,Apartment,44,1713.09,"$471,234.50",Available,,01-05-2024,471234.5,275.078659
150370,15,05-01-2024,Office,46,1672.19,"$580,909.55",Sold,C0740,01-05-2024,580909.55,347.3944647
150384,15,05-01-2024,Apartment,48,1403.33,"$467,931.57",Sold,C1047,01-05-2024,467931.57,333.443716
150394,15,05-01-2024,Office,50,1841.5,"$622,128.29",Sold,C0733,01-05-2024,622128.29,337.8377898
150401,15,05-01-2024,Office,50,1841.5,"$487,888.30",Sold,C0332,01-05-2024,487888.3,264.9407005
150424,15,05-01-2024,Apartment,53,696.04,"$214,855.74",Sold,C0051,01-05-2024,214855.74,308.6830355
150428,15,05-01-2024,Apartment,53,696.04,"$190,081.10",Sold,C0053,01-05-2024,190081.1,273.0893339
150431,15,05-01-2024,Apartment,53,696.04,"$225,592.91",Sold,C0814,01-05-2024,225592.91,324.1091173
150438,15,05-01-2024,Apartment,55,892.75,"$199,337.08",Sold,C1009,01-05-2024,199337.08,223.2843237
150452,15,05-01-2024,Apartment,55,892.75,"$258,561.18",Sold,C1549,01-05-2024,258561.18,289.6232764
150481,15,05-01-2024,Apartment,57,429.34,"$129,874.21",Available,,01-05-2024,129874.21,302.4973448
150484,15,05-01-2024,Apartment,57,429.34,"$123,902.56",Available,,01-05-2024,123902.56,288.5884381
150493,15,05-01-2024,Apartment,58,1750.89,"$489,550.72",Sold,C1949,01-05-2024,489550.72,279.6010715
160036,16,05-01-2024,Office,5,749.15,"$212,718.40",Available,,01-05-2024,212718.4,283.9463392
160044,16,05-01-2024,Apartment,6,1062.34,"$337,474.44",Sold,C1291,01-05-2024,337474.44,317.6708398
160059,16,05-01-2024,Apartment,8,986.18,"$298,117.48",Sold,C1646,01-05-2024,298117.48,302.2951997
160068,16,05-01-2024,Apartment,8,986.18,"$323,321.17",Available,,01-05-2024,323321.17,327.8520858
160070,16,05-01-2024,Apartment,8,986.18,"$339,537.58",Sold,C0036,01-05-2024,339537.58,344.2957472
160076,16,05-01-2024,Apartment,9,1524.04,"$465,908.64",Sold,C0978,01-05-2024,465908.64,305.7063069
160084,16,05-01-2024,Apartment,9,1524.04,"$413,001.32",Sold,C1942,01-05-2024,413001.32,270.9911288
160085,16,05-01-2024,Apartment,10,1608.56,"$481,870.89",Available,,01-05-2024,481870.89,299.5666248
160090,16,05-01-2024,Apartment,10,1608.56,"$462,942.84",Sold,C1299,01-05-2024,462942.84,287.7995474
160134,16,05-01-2024,Apartment,16,1451.17,"$457,255.05",Available,,01-05-2024,457255.05,315.094062
160140,16,05-01-2024,Apartment,17,836.32,"$271,374.98",Available,,01-05-2024,271374.98,324.4870145
160146,16,05-01-2024,Apartment,18,1432.77,"$412,459.53",Available,,01-05-2024,412459.53,287.8756046
160154,16,05-01-2024,Apartment,19,1163.06,"$386,163.72",Sold,C1849,01-05-2024,386163.72,332.0239025
160255,16,05-01-2024,Office,29,489.49,"$142,151.84",Sold,C0742,01-05-2024,142151.84,290.4080574
160262,16,05-01-2024,Office,31,1336.97,"$431,255.44",Sold,C1468,01-05-2024,431255.44,322.5617927
160315,16,05-01-2024,Apartment,37,922.03,"$241,260.03",Available,,01-05-2024,241260.03,261.6618006
160316,16,05-01-2024,Apartment,37,922.03,"$240,529.29",Sold,C0768,01-05-2024,240529.29,260.8692667
160319,16,05-01-2024,Apartment,38,431.83,"$125,388.18",Sold,C1219,01-05-2024,125388.18,290.3646805
160342,16,05-01-2024,Apartment,41,1001.72,"$309,531.73",Sold,C1510,01-05-2024,309531.73,309.0002496
170002,17,05-01-2024,Apartment,1,530.28,"$161,563.67",Sold,C0540,01-05-2024,161563.67,304.6761522
170067,17,05-01-2024,Apartment,9,1505.53,"$455,786.14",Sold,C1999,01-05-2024,455786.14,302.7413203
170068,17,05-01-2024,Office,9,1505.53,"$427,718.82",Sold,C0604,01-05-2024,427718.82,284.0985035
170070,17,05-01-2024,Apartment,9,1505.53,"$396,440.12",Sold,C1206,01-05-2024,396440.12,263.3226306
170084,17,05-01-2024,Apartment,10,1059.07,"$320,628.77",Sold,C0100,01-05-2024,320628.77,302.7455881
170094,17,05-01-2024,Apartment,11,596.22,"$178,359.16",Sold,C1612,01-05-2024,178359.16,299.1499111
170108,17,05-01-2024,Apartment,13,916.9,"$272,766.51",Sold,C0149,01-05-2024,272766.51,297.4877413
170120,17,05-01-2024,Apartment,14,1646.02,"$568,314.74",Sold,C1145,01-05-2024,568314.74,345.2659992
170169,17,05-01-2024,Apartment,17,1827.25,"$515,350.54",Sold,C0425,01-05-2024,515350.54,282.0361417
170172,17,05-01-2024,Office,18,554.84,"$176,141.69",Available,,01-05-2024,176141.69,317.4639355
170199,17,05-01-2024,Apartment,22,1221.66,"$304,607.07",Sold,C1023,01-05-2024,304607.07,249.3386621
170206,17,05-01-2024,Apartment,23,1025.52,"$332,480.57",Sold,C1279,01-05-2024,332480.57,324.2068122
170213,17,05-01-2024,Apartment,25,939.46,"$261,579.72",Available,,01-05-2024,261579.72,278.4362506
170225,17,05-01-2024,Apartment,26,929.59,"$263,358.97",Available,,01-05-2024,263358.97,283.3065868
170229,17,05-01-2024,Apartment,27,677.24,"$207,636.64",Sold,C1777,01-05-2024,207636.64,306.5924045
170294,17,05-01-2024,Apartment,35,1667.01,"$479,795.84",Sold,C0152,01-05-2024,479795.84,287.8182134
170298,17,05-01-2024,Apartment,37,644.06,"$204,381.46",Sold,C0215,01-05-2024,204381.46,317.3329503
170326,17,05-01-2024,Office,39,1341.67,"$427,064.40",Sold,C0345,01-05-2024,427064.4,318.3080787
170327,17,05-01-2024,Apartment,40,1583.13,"$555,106.11",Sold,C1470,01-05-2024,555106.11,350.638362
170402,17,05-01-2024,Apartment,48,1833.96,"$622,276.58",Sold,C0854,01-05-2024,622276.58,339.3076076
170427,17,05-01-2024,Apartment,49,1283.67,"$425,460.03",Available,,01-05-2024,425460.03,331.4403468
180014,18,05-01-2024,Office,2,650.96,"$196,014.35",Sold,C0218,01-05-2024,196014.35,301.1158136
180018,18,05-01-2024,Apartment,3,524.48,"$142,513.06",Sold,C1306,01-05-2024,142513.06,271.7225824
180030,18,05-01-2024,Apartment,4,1096.58,"$294,232.90",Available,,01-05-2024,294232.9,268.3186817
180045,18,05-01-2024,Apartment,5,883.32,"$287,698.68",Available,,01-05-2024,287698.68,325.7015351
180114,18,05-01-2024,Apartment,15,1728.6,"$556,047.50",Sold,C0670,01-05-2024,556047.5,321.675055
180122,18,05-01-2024,Apartment,16,1360.96,"$385,209.70",Available,,01-05-2024,385209.7,283.0426317
180123,18,05-01-2024,Apartment,16,1360.96,"$421,724.13",Sold,C0728,01-05-2024,421724.13,309.8725385
180135,18,05-01-2024,Apartment,17,1195.81,"$365,604.56",Sold,C1574,01-05-2024,365604.56,305.7380019
180178,18,05-01-2024,Apartment,23,1659.02,"$435,031.56",Sold,C1809,01-05-2024,435031.56,262.2220106
180202,18,05-01-2024,Office,26,1147.71,"$345,920.26",Sold,C0195,01-05-2024,345920.26,301.400406
180227,18,05-01-2024,Apartment,28,514.67,"$162,825.00",Sold,C0680,01-05-2024,162825,316.3677696
180258,18,05-01-2024,Apartment,30,1795.66,"$550,595.85",Sold,C1105,01-05-2024,550595.85,306.6258924
180259,18,05-01-2024,Apartment,30,1795.66,"$524,465.49",Available,,01-05-2024,524465.49,292.0739394
180261,18,05-01-2024,Apartment,30,1795.66,"$514,747.26",Sold,C0160,01-05-2024,514747.26,286.6618736
180264,18,05-01-2024,Apartment,30,1795.66,"$601,666.05",Sold,C0663,01-05-2024,601666.05,335.0668
180274,18,05-01-2024,Apartment,32,1512.9,"$366,328.69",Sold,C1170,01-05-2024,366328.69,242.1367506
180295,18,05-01-2024,Apartment,36,1089.77,"$297,402.36",Available,,01-05-2024,297402.36,272.903787
180297,18,05-01-2024,Apartment,36,1089.77,"$296,702.80",Sold,C1052,01-05-2024,296702.8,272.2618534
180303,18,05-01-2024,Apartment,36,1089.77,"$323,040.69",Available,,01-05-2024,323040.69,296.430155
180311,18,05-01-2024,Apartment,36,1089.77,"$311,067.21",Sold,C0603,01-05-2024,311067.21,285.4429926
180331,18,05-01-2024,Apartment,38,1219.8,"$394,533.66",Available,,01-05-2024,394533.66,323.4412691
180355,18,05-01-2024,Apartment,40,990.46,"$295,510.60",Sold,C0293,01-05-2024,295510.6,298.3569251
180362,18,05-01-2024,Apartment,40,990.46,"$297,021.88",Sold,C1472,01-05-2024,297021.88,299.8827615
180397,18,05-01-2024,Office,45,1627.52,"$590,130.14",Sold,C0077,01-05-2024,590130.14,362.5947085
180408,18,05-01-2024,Apartment,45,1627.52,"$444,502.63",Sold,C1266,01-05-2024,444502.63,273.1165393
180411,18,05-01-2024,Apartment,46,1410.38,"$511,036.51",Available,,01-05-2024,511036.51,362.3395893
180426,18,05-01-2024,Apartment,48,564.59,"$162,372.88",Sold,C1363,01-05-2024,162372.88,287.5943251
180427,18,05-01-2024,Apartment,48,564.59,"$179,567.57",Available,,01-05-2024,179567.57,318.049505
180463,18,05-01-2024,Office,52,1424.54,"$494,843.93",Sold,C1368,01-05-2024,494843.93,347.3710321
180468,18,05-01-2024,Apartment,53,1806.7,"$469,502.09",Available,,01-05-2024,469502.09,259.8672109
180470,18,05-01-2024,Apartment,53,1806.7,"$595,879.26",Sold,C0724,01-05-2024,595879.26,329.8163835
180481,18,05-01-2024,Apartment,53,1806.7,"$577,922.22",Sold,C0120,01-05-2024,577922.22,319.8772458
180511,18,05-01-2024,Apartment,57,636.39,"$201,438.23",Sold,C1898,01-05-2024,201438.23,316.5326765
180556,18,05-01-2024,Apartment,64,893.66,"$248,257.94",Sold,C1408,01-05-2024,248257.94,277.7990959
190006,19,05-01-2024,Apartment,2,1550.33,"$439,908.00",Available,,01-05-2024,439908,283.7512014
190076,19,05-01-2024,Apartment,11,1869.93,"$557,814.29",Sold,C0856,01-05-2024,557814.29,298.3075784
190085,19,05-01-2024,Apartment,13,766.61,"$208,167.63",Sold,C0463,01-05-2024,208167.63,271.5430662
190097,19,05-01-2024,Apartment,14,630.47,"$179,792.45",Sold,C1239,01-05-2024,179792.45,285.1720938
190111,19,05-01-2024,Apartment,15,538.06,"$142,969.08",Sold,C0494,01-05-2024,142969.08,265.7121511
190128,19,05-01-2024,Apartment,18,1599.44,"$475,402.53",Available,,01-05-2024,475402.53,297.230612
190135,19,05-01-2024,Apartment,18,1599.44,"$492,421.76",Sold,C0393,01-05-2024,492421.76,307.871355
190146,19,05-01-2024,Apartment,19,1697.73,"$536,481.69",Available,,01-05-2024,536481.69,315.9994169
190148,19,05-01-2024,Apartment,19,1697.73,"$426,901.60",Sold,C1792,01-05-2024,426901.6,251.4543538
190162,19,05-01-2024,Office,20,1772.03,"$508,492.65",Sold,C1437,01-05-2024,508492.65,286.9548766
190211,19,05-01-2024,Apartment,26,668.24,"$184,466.93",Sold,C0972,01-05-2024,184466.93,276.0489195
190233,19,05-01-2024,Office,28,1599.78,"$568,201.89",Available,,01-05-2024,568201.89,355.1750178
190262,19,05-01-2024,Apartment,30,673.27,"$160,712.42",Sold,C0067,01-05-2024,160712.42,238.7042643
190263,19,05-01-2024,Apartment,30,673.27,"$183,306.76",Available,,01-05-2024,183306.76,272.2633713
190273,19,05-01-2024,Office,31,1089.64,"$310,351.72",Sold,C0574,01-05-2024,310351.72,284.8204178
190277,19,05-01-2024,Apartment,32,1048.61,"$312,962.30",Sold,C1925,01-05-2024,312962.3,298.4544302
190283,19,05-01-2024,Apartment,33,1454.84,"$456,061.70",Sold,C1583,01-05-2024,456061.7,313.4789393
190289,19,05-01-2024,Office,34,783.42,"$238,506.76",Sold,C1812,01-05-2024,238506.76,304.4430318
190295,19,05-01-2024,Apartment,35,1099.62,"$337,529.18",Available,,01-05-2024,337529.18,306.9507466
190318,19,05-01-2024,Apartment,39,1237.04,"$381,910.97",Sold,C1728,01-05-2024,381910.97,308.7296854
190353,19,05-01-2024,Office,41,1657.19,"$438,502.98",Sold,C1021,01-05-2024,438502.98,264.6063396
190381,19,05-01-2024,Apartment,43,1697.72,"$498,887.12",Sold,C0790,01-05-2024,498887.12,293.857126
190409,19,05-01-2024,Apartment,46,1926.19,"$546,910.59",Sold,C0848,01-05-2024,546910.59,283.9338746
200033,20,05-01-2024,Apartment,3,1645.93,"$500,359.24",Available,,01-05-2024,500359.24,303.9978857
200041,20,05-01-2024,Apartment,4,631.75,"$190,860.98",Sold,C0438,01-05-2024,190860.98,302.1147289
200056,20,05-01-2024,Apartment,6,1401,"$504,544.59",Sold,C1692,01-05-2024,504544.59,360.1317559
200088,20,05-01-2024,Office,12,856.15,"$325,919.56",Available,,01-05-2024,325919.56,380.6804415
200112,20,05-01-2024,Office,15,1805.12,"$588,372.59",Sold,C0788,01-05-2024,588372.59,325.9465243
200118,20,05-01-2024,Apartment,16,645.44,"$225,236.42",Sold,C0954,01-05-2024,225236.42,348.9656978
200126,20,05-01-2024,Apartment,16,645.44,"$189,004.45",Sold,C0023,01-05-2024,189004.45,292.8303948
200143,20,05-01-2024,Apartment,17,1089.33,"$322,504.11",Sold,C0168,01-05-2024,322504.11,296.0573105
200148,20,05-01-2024,Apartment,18,1868.01,"$557,469.37",Sold,C1200,01-05-2024,557469.37,298.4295427
200185,20,05-01-2024,Apartment,19,759.72,"$226,302.61",Sold,C1981,01-05-2024,226302.61,297.876336
200214,20,05-01-2024,Office,26,1941.62,"$583,770.52",Sold,C0057,01-05-2024,583770.52,300.6615713
200221,20,05-01-2024,Apartment,27,993.62,"$336,064.45",Available,,01-05-2024,336064.45,338.2223083
200229,20,05-01-2024,Apartment,29,1844.16,"$628,812.33",Sold,C0005,01-05-2024,628812.33,340.9749317
200260,20,05-01-2024,Apartment,30,1703.94,"$547,470.63",Available,,01-05-2024,547470.63,321.2968943
200344,20,05-01-2024,Apartment,37,632.35,"$178,371.29",Sold,C0312,01-05-2024,178371.29,282.0768404
200348,20,05-01-2024,Apartment,38,1499.47,"$484,664.30",Sold,C0992,01-05-2024,484664.3,323.2237391
200350,20,05-01-2024,Apartment,38,1499.47,"$476,655.47",Available,,01-05-2024,476655.47,317.8826319
200392,20,05-01-2024,Apartment,43,1697.49,"$488,991.11",Sold,C1429,01-05-2024,488991.11,288.0671521
200397,20,05-01-2024,Apartment,45,1532.67,"$462,288.76",Sold,C1955,01-05-2024,462288.76,301.6231544
200424,20,05-01-2024,Apartment,48,860.8,"$289,841.72",Sold,C1575,01-05-2024,289841.72,336.7120353
200445,20,05-01-2024,Apartment,50,493.06,"$171,624.15",Sold,C1793,01-05-2024,171624.15,348.0796455
200452,20,05-01-2024,Apartment,51,1062.33,"$345,373.29",Available,,01-05-2024,345373.29,325.1092316
200454,20,05-01-2024,Apartment,51,1062.33,"$355,350.57",Available,,01-05-2024,355350.57,334.5011155
200459,20,05-01-2024,Apartment,51,1062.33,"$272,335.56",Sold,C1576,01-05-2024,272335.56,256.3568383
200463,20,05-01-2024,Apartment,51,1062.33,"$324,442.59",Available,,01-05-2024,324442.59,305.4065968
200481,20,05-01-2024,Apartment,54,589.61,"$173,347.80",Sold,C1644,01-05-2024,173347.8,294.0041722
990026,5,05-01-2024,Apartment,51,789.25,"$199,216.40",Available,,01-05-2024,199216.4,252.4122901
1009,1,06-01-2024,Office,9,1200.82,"$317,196.40",Sold,C0054,01-06-2024,317196.4,264.1498309
2007,2,06-01-2024,Apartment,7,723.93,"$196,142.19",Sold,C0125,01-06-2024,196142.19,270.940823
2044,2,06-01-2024,Apartment,44,722.96,"$250,773.15",Sold,C0055,01-06-2024,250773.15,346.8700205
3015,3,06-01-2024,Apartment,15,720.7,"$207,281.59",Sold,C0040,01-06-2024,207281.59,287.611475
3051,3,06-01-2024,Apartment,51,1357.16,"$385,447.69",Available,,01-06-2024,385447.69,284.0104999
4002,4,06-01-2024,Apartment,2,789.25,"$231,348.93",Available,,01-06-2024,231348.93,293.1250301
5018,5,06-01-2024,Apartment,18,1057.92,"$271,227.49",Available,,01-06-2024,271227.49,256.3780721
10037,1,06-01-2024,Apartment,4,633.61,"$211,564.72",Available,,01-06-2024,211564.72,333.9036947
10038,1,06-01-2024,Office,4,633.61,"$207,099.80",Sold,C0758,01-06-2024,207099.8,326.8568994
10048,1,06-01-2024,Apartment,6,740.75,"$235,640.11",Available,,01-06-2024,235640.11,318.1101721
10051,1,06-01-2024,Apartment,6,740.75,"$225,076.85",Sold,C1401,01-06-2024,225076.85,303.8499494
10060,1,06-01-2024,Office,7,758.88,"$222,419.24",Available,,01-06-2024,222419.24,293.0888151
10063,1,06-01-2024,Apartment,8,763.88,"$274,165.11",Sold,C1597,01-06-2024,274165.11,358.9112295
10074,1,06-01-2024,Apartment,10,1439.52,"$349,187.69",Sold,C1837,01-06-2024,349187.69,242.5723088
10109,1,06-01-2024,Apartment,14,1181.69,"$375,616.46",Sold,C1105,01-06-2024,375616.46,317.8637883
10139,1,06-01-2024,Office,18,716.85,"$219,508.45",Sold,C1772,01-06-2024,219508.45,306.212527
10149,1,06-01-2024,Apartment,19,773.17,"$219,291.92",Sold,C0625,01-06-2024,219291.92,283.6270419
10165,1,06-01-2024,Office,21,1957.16,"$526,058.84",Sold,C0567,01-06-2024,526058.84,268.786834
10187,1,06-01-2024,Apartment,23,1201.5,"$276,708.33",Sold,C1900,01-06-2024,276708.33,230.302397
10263,1,06-01-2024,Apartment,29,757.2,"$210,506.46",Available,,01-06-2024,210506.46,278.0064184
10270,1,06-01-2024,Apartment,29,757.2,"$224,787.88",Sold,C0330,01-06-2024,224787.88,296.8672478
10271,1,06-01-2024,Apartment,29,757.2,"$228,687.82",Available,,01-06-2024,228687.82,302.0177232
10279,1,06-01-2024,Apartment,30,753.29,"$243,911.06",Sold,C0242,01-06-2024,243911.06,323.7943687
10291,1,06-01-2024,Office,31,619.78,"$200,210.02",Sold,C1192,01-06-2024,200210.02,323.0340121
10309,1,06-01-2024,Apartment,33,827.74,"$242,694.53",Sold,C0034,01-06-2024,242694.53,293.2014038
10387,1,06-01-2024,Apartment,45,767.46,"$241,846.09",Sold,C0105,01-06-2024,241846.09,315.1253355
20004,2,06-01-2024,Apartment,1,706.3,"$233,124.97",Sold,C1102,01-06-2024,233124.97,330.0650857
20008,2,06-01-2024,Apartment,1,706.3,"$204,997.52",Sold,C0076,01-06-2024,204997.52,290.2414272
20020,2,06-01-2024,Apartment,3,645.84,"$179,062.73",Sold,C0745,01-06-2024,179062.73,277.2555587
20022,2,06-01-2024,Apartment,3,645.84,"$186,825.58",Sold,C1744,01-06-2024,186825.58,289.2753314
20028,2,06-01-2024,Apartment,3,645.84,"$207,709.77",Sold,C0853,01-06-2024,207709.77,321.6118079
20073,2,06-01-2024,Office,8,715.54,"$217,319.81",Sold,C1134,01-06-2024,217319.81,303.7144115
20119,2,06-01-2024,Apartment,15,1603.33,"$455,712.93",Sold,C1624,01-06-2024,455712.93,284.2290296
20120,2,06-01-2024,Apartment,15,1603.33,"$507,748.67",Available,,01-06-2024,507748.67,316.6838205
20137,2,06-01-2024,Apartment,17,1397.4,"$394,000.01",Sold,C0393,01-06-2024,394000.01,281.9522041
20142,2,06-01-2024,Apartment,17,1397.4,"$397,081.68",Sold,C0360,01-06-2024,397081.68,284.1574925
20170,2,06-01-2024,Apartment,20,727.55,"$247,073.99",Sold,C1593,01-06-2024,247073.99,339.5972648
20220,2,06-01-2024,Apartment,24,785.12,"$243,597.84",Sold,C1162,01-06-2024,243597.84,310.2682902
20241,2,06-01-2024,Apartment,26,1577.79,"$523,520.73",Sold,C0265,01-06-2024,523520.73,331.806343
20266,2,06-01-2024,Apartment,31,629.92,"$189,529.43",Sold,C0217,01-06-2024,189529.43,300.8785719
20270,2,06-01-2024,Apartment,32,925.63,"$255,847.44",Sold,C1359,01-06-2024,255847.44,276.4035738
20272,2,06-01-2024,Apartment,32,925.63,"$221,533.82",Sold,C0415,01-06-2024,221533.82,239.3330164
20283,2,06-01-2024,Apartment,33,931.4,"$243,101.66",Available,,01-06-2024,243101.66,261.0067211
20295,2,06-01-2024,Office,35,1391.68,"$423,238.84",Sold,C0813,01-06-2024,423238.84,304.1208036
20306,2,06-01-2024,Apartment,36,641.72,"$209,926.73",Available,,01-06-2024,209926.73,327.1313501
20326,2,06-01-2024,Apartment,39,788.77,"$237,883.82",Available,,01-06-2024,237883.82,301.5883211
20363,2,06-01-2024,Apartment,42,786.45,"$223,297.56",Available,,01-06-2024,223297.56,283.9310319
20405,2,06-01-2024,Apartment,47,708.32,"$197,007.65",Sold,C0400,01-06-2024,197007.65,278.1336825
20406,2,06-01-2024,Office,47,708.32,"$188,014.56",Sold,C0537,01-06-2024,188014.56,265.4373165
20440,2,06-01-2024,Apartment,51,699.31,"$206,388.13",Sold,C0283,01-06-2024,206388.13,295.1311007
20490,2,06-01-2024,Apartment,57,789.52,"$217,378.39",Available,,01-06-2024,217378.39,275.329808
20492,2,06-01-2024,Apartment,57,789.52,"$275,548.06",Sold,C1950,01-06-2024,275548.06,349.0070676
30023,3,06-01-2024,Apartment,2,672.64,"$241,432.47",Available,,01-06-2024,241432.47,358.9326683
30033,3,06-01-2024,Apartment,4,719.96,"$230,528.92",Sold,C0211,01-06-2024,230528.92,320.1968443
30041,3,06-01-2024,Apartment,4,719.96,"$214,613.17",Sold,C1149,01-06-2024,214613.17,298.0904078
30061,3,06-01-2024,Office,7,744.01,"$223,349.45",Sold,C0871,01-06-2024,223349.45,300.1968388
30063,3,06-01-2024,Apartment,7,744.01,"$234,370.71",Sold,C0117,01-06-2024,234370.71,315.0101612
30064,3,06-01-2024,Apartment,7,744.01,"$212,281.58",Available,,01-06-2024,212281.58,285.3208693
30101,3,06-01-2024,Apartment,9,1125.84,"$353,144.13",Sold,C0292,01-06-2024,353144.13,313.6716851
30148,3,06-01-2024,Apartment,15,1230.25,"$319,403.26",Sold,C1399,01-06-2024,319403.26,259.6246779
30156,3,06-01-2024,Apartment,18,706.68,"$229,412.62",Sold,C0005,01-06-2024,229412.62,324.6343748
30183,3,06-01-2024,Apartment,20,802.97,"$245,079.83",Available,,01-06-2024,245079.83,305.2166706
30189,3,06-01-2024,Office,20,802.97,"$192,754.81",Sold,C0488,01-06-2024,192754.81,240.0523183
30242,3,06-01-2024,Apartment,27,1117.14,"$332,759.79",Sold,C1073,01-06-2024,332759.79,297.8675815
30263,3,06-01-2024,Apartment,29,666,"$180,178.15",Available,,01-06-2024,180178.15,270.5377628
30288,3,06-01-2024,Apartment,34,768.76,"$247,152.29",Available,,01-06-2024,247152.29,321.4947318
30327,3,06-01-2024,Apartment,40,678.71,"$240,523.77",Sold,C0834,01-06-2024,240523.77,354.3837132
30336,3,06-01-2024,Apartment,41,965.5,"$314,592.39",Sold,C1361,01-06-2024,314592.39,325.833651
30345,3,06-01-2024,Office,42,1343.96,"$439,747.03",Available,,01-06-2024,439747.03,327.2024688
30373,3,06-01-2024,Apartment,46,1599.81,"$538,098.62",Sold,C1793,01-06-2024,538098.62,336.3515793
30436,3,06-01-2024,Apartment,50,713.67,"$217,307.23",Sold,C1971,01-06-2024,217307.23,304.4925946
30459,3,06-01-2024,Apartment,54,787.64,"$226,236.28",Sold,C0508,01-06-2024,226236.28,287.2331014
30510,3,06-01-2024,Apartment,59,1353.02,"$439,606.13",Available,,01-06-2024,439606.13,324.9073406
40002,4,06-01-2024,Apartment,1,1615.98,"$486,273.90",Available,,01-06-2024,486273.9,300.915791
40003,4,06-01-2024,Apartment,1,1615.98,"$419,401.36",Sold,C0276,01-06-2024,419401.36,259.5337566
40007,4,06-01-2024,Apartment,1,1615.98,"$542,134.93",Sold,C1418,01-06-2024,542134.93,335.4836879
40015,4,06-01-2024,Apartment,2,1620.07,"$531,362.61",Sold,C0811,01-06-2024,531362.61,327.9874388
40034,4,06-01-2024,Apartment,4,783.03,"$176,619.49",Available,,01-06-2024,176619.49,225.5590335
40039,4,06-01-2024,Office,4,783.03,"$275,110.41",Sold,C0382,01-06-2024,275110.41,351.3408299
40043,4,06-01-2024,Office,4,783.03,"$246,228.64",Available,,01-06-2024,246228.64,314.4562022
40056,4,06-01-2024,Apartment,5,786.98,"$251,554.82",Sold,C1228,01-06-2024,251554.82,319.6457597
40093,4,06-01-2024,Office,12,789.38,"$243,288.52",Sold,C1496,01-06-2024,243288.52,308.202032
40098,4,06-01-2024,Apartment,13,809.06,"$228,891.79",Sold,C1038,01-06-2024,228891.79,282.910773
40101,4,06-01-2024,Apartment,13,809.06,"$230,130.03",Sold,C0097,01-06-2024,230130.03,284.4412405
40109,4,06-01-2024,Apartment,14,1322.66,"$381,470.55",Sold,C1104,01-06-2024,381470.55,288.4116477
40171,4,06-01-2024,Apartment,21,801.66,"$272,945.80",Sold,C0832,01-06-2024,272945.8,340.4757628
40178,4,06-01-2024,Apartment,22,737.92,"$200,210.26",Sold,C1311,01-06-2024,200210.26,271.3170262
40180,4,06-01-2024,Apartment,22,737.92,"$230,992.44",Sold,C0073,01-06-2024,230992.44,313.0318192
40183,4,06-01-2024,Apartment,22,737.92,"$248,198.92",Available,,01-06-2024,248198.92,336.3493604
40188,4,06-01-2024,Apartment,23,1110.99,"$357,128.99",Available,,01-06-2024,357128.99,321.4511292
40206,4,06-01-2024,Office,26,790.05,"$239,629.75",Sold,C0747,01-06-2024,239629.75,303.3096007
40231,4,06-01-2024,Office,27,1130.51,"$409,113.91",Available,,01-06-2024,409113.91,361.8843796
40270,4,06-01-2024,Apartment,31,793.1,"$255,651.88",Sold,C1119,01-06-2024,255651.88,322.3450763
40273,4,06-01-2024,Office,32,1328.09,"$425,602.22",Sold,C1045,01-06-2024,425602.22,320.4618813
40306,4,06-01-2024,Apartment,37,800.13,"$279,019.73",Sold,C1688,01-06-2024,279019.73,348.7179958
40313,4,06-01-2024,Apartment,38,800.08,"$261,905.49",Sold,C0600,01-06-2024,261905.49,327.3491276
40318,4,06-01-2024,Apartment,39,743.73,"$227,362.44",Sold,C0592,01-06-2024,227362.44,305.705619
40345,4,06-01-2024,Apartment,41,779.87,"$241,306.20",Sold,C1735,01-06-2024,241306.2,309.4184928
40352,4,06-01-2024,Apartment,42,738.34,"$220,006.69",Sold,C0196,01-06-2024,220006.69,297.9747677
40406,4,06-01-2024,Apartment,46,800.23,"$244,162.91",Available,,01-06-2024,244162.91,305.1159167
40411,4,06-01-2024,Apartment,47,805.88,"$244,393.48",Sold,C1322,01-06-2024,244393.48,303.2628679
40414,4,06-01-2024,Apartment,48,1621.39,"$511,639.20",Sold,C0978,01-06-2024,511639.2,315.5559119
40415,4,06-01-2024,Apartment,49,739.7,"$244,250.08",Sold,C0777,01-06-2024,244250.08,330.2015412
40435,4,06-01-2024,Apartment,51,802.11,"$218,500.34",Sold,C1776,01-06-2024,218500.34,272.4069517
50026,5,06-01-2024,Apartment,5,821.43,"$260,697.66",Available,,01-06-2024,260697.66,317.3705124
50058,5,06-01-2024,Office,9,793.56,"$250,072.13",Sold,C0772,01-06-2024,250072.13,315.1269343
50063,5,06-01-2024,Apartment,9,793.56,"$236,222.60",Available,,01-06-2024,236222.6,297.67453
50084,5,06-01-2024,Apartment,11,1058.56,"$322,810.75",Available,,01-06-2024,322810.75,304.9527188
50104,5,06-01-2024,Apartment,13,791.13,"$257,161.54",Sold,C0318,01-06-2024,257161.54,325.0559832
50145,5,06-01-2024,Apartment,19,819.72,"$254,253.54",Sold,C1962,01-06-2024,254253.54,310.1712048
50151,5,06-01-2024,Apartment,20,804.84,"$202,296.39",Sold,C1468,01-06-2024,202296.39,251.3498211
50153,5,06-01-2024,Apartment,20,804.84,"$202,928.64",Sold,C0135,01-06-2024,202928.64,252.1353809
50167,5,06-01-2024,Apartment,22,1059.78,"$260,715.95",Available,,01-06-2024,260715.95,246.009502
50169,5,06-01-2024,Apartment,22,1059.78,"$359,054.49",Sold,C1159,01-06-2024,359054.49,338.8009681
50172,5,06-01-2024,Apartment,23,1006.65,"$272,070.17",Sold,C1343,01-06-2024,272070.17,270.2728555
50190,5,06-01-2024,Apartment,24,807.02,"$245,591.43",Sold,C0576,01-06-2024,245591.43,304.3188892
50214,5,06-01-2024,Apartment,28,1247.24,"$388,946.75",Sold,C0646,01-06-2024,388946.75,311.8459559
50239,5,06-01-2024,Apartment,32,1051.39,"$324,712.23",Available,,01-06-2024,324712.23,308.8408963
50273,5,06-01-2024,Apartment,36,627.56,"$160,884.82",Available,,01-06-2024,160884.82,256.3656383
50301,5,06-01-2024,Apartment,40,1053.41,"$326,386.96",Sold,C1187,01-06-2024,326386.96,309.8384864
50322,5,06-01-2024,Apartment,42,791.2,"$229,347.59",Available,,01-06-2024,229347.59,289.8730915
50323,5,06-01-2024,Office,42,791.2,"$264,319.55",Sold,C0595,01-06-2024,264319.55,334.0742543
50342,5,06-01-2024,Apartment,44,806.03,"$281,332.10",Sold,C0820,01-06-2024,281332.1,349.0342791
50408,5,06-01-2024,Apartment,47,1241.14,"$361,880.91",Sold,C1272,01-06-2024,361880.91,291.571386
50410,5,06-01-2024,Apartment,47,1241.14,"$374,761.15",Sold,C1229,01-06-2024,374761.15,301.9491355
50412,5,06-01-2024,Apartment,47,1241.14,"$390,460.54",Sold,C1135,01-06-2024,390460.54,314.5983048
60037,6,06-01-2024,Apartment,4,1925.28,"$603,075.18",Available,,01-06-2024,603075.18,313.2402456
60049,6,06-01-2024,Office,4,1925.28,"$591,434.36",Sold,C0918,01-06-2024,591434.36,307.1939458
60064,6,06-01-2024,Apartment,6,951.22,"$312,973.47",Available,,01-06-2024,312973.47,329.0232228
60074,6,06-01-2024,Apartment,7,1075.42,"$336,562.17",Sold,C0597,01-06-2024,336562.17,312.9588161
60106,6,06-01-2024,Apartment,8,986.97,"$298,751.02",Sold,C1589,01-06-2024,298751.02,302.6951376
60116,6,06-01-2024,Apartment,10,942.08,"$266,254.66",Sold,C1707,01-06-2024,266254.66,282.624257
60132,6,06-01-2024,Apartment,10,942.08,"$312,462.36",Sold,C1360,01-06-2024,312462.36,331.6728516
60142,6,06-01-2024,Apartment,12,1678.17,"$486,971.08",Sold,C0241,01-06-2024,486971.08,290.1798268
60144,6,06-01-2024,Apartment,12,1678.17,"$501,616.65",Sold,C0215,01-06-2024,501616.65,298.9069343
60151,6,06-01-2024,Apartment,12,1678.17,"$516,468.06",Sold,C1858,01-06-2024,516468.06,307.7566993
60172,6,06-01-2024,Apartment,15,1392.45,"$380,225.91",Sold,C0607,01-06-2024,380225.91,273.0625229
60175,6,06-01-2024,Apartment,16,1687.92,"$583,294.59",Sold,C1048,01-06-2024,583294.59,345.5700448
60176,6,06-01-2024,Apartment,16,1687.92,"$539,630.58",Available,,01-06-2024,539630.58,319.7015143
60188,6,06-01-2024,Apartment,18,1086.3,"$290,813.53",Available,,01-06-2024,290813.53,267.7101445
60201,6,06-01-2024,Apartment,19,1542.71,"$542,596.70",Available,,01-06-2024,542596.7,351.7165896
60205,6,06-01-2024,Apartment,19,1542.71,"$421,263.63",Sold,C0222,01-06-2024,421263.63,273.0672842
60230,6,06-01-2024,Office,21,833.23,"$249,582.36",Sold,C0079,01-06-2024,249582.36,299.5359745
60266,6,06-01-2024,Apartment,28,1723.12,"$454,697.17",Available,,01-06-2024,454697.17,263.8801534
60278,6,06-01-2024,Apartment,30,552.59,"$158,528.72",Sold,C0510,01-06-2024,158528.72,286.8830779
60282,6,06-01-2024,Apartment,31,1768.9,"$389,158.00",Available,,01-06-2024,389158,220
60293,6,06-01-2024,Office,33,1131,"$285,599.91",Available,,01-06-2024,285599.91,252.5198143
60300,6,06-01-2024,Office,33,1131,"$357,969.10",Sold,C1785,01-06-2024,357969.1,316.5067197
60311,6,06-01-2024,Apartment,34,1353.81,"$404,268.31",Sold,C1729,01-06-2024,404268.31,298.6152488
60320,6,06-01-2024,Apartment,35,999.85,"$314,469.22",Available,,01-06-2024,314469.22,314.5163975
60331,6,06-01-2024,Apartment,37,1721.96,"$519,841.25",Sold,C0599,01-06-2024,519841.25,301.8892715
60339,6,06-01-2024,Apartment,37,1721.96,"$474,499.21",Sold,C0376,01-06-2024,474499.21,275.5576262
60356,6,06-01-2024,Apartment,40,1640.68,"$407,646.04",Sold,C1366,01-06-2024,407646.04,248.4616379
60362,6,06-01-2024,Apartment,41,940.72,"$338,571.79",Sold,C0322,01-06-2024,338571.79,359.9070818
60375,6,06-01-2024,Apartment,43,1492.81,"$510,616.13",Sold,C1155,01-06-2024,510616.13,342.0503145
60378,6,06-01-2024,Office,43,1492.81,"$470,276.81",Available,,01-06-2024,470276.81,315.0279071
60379,6,06-01-2024,Office,43,1492.81,"$397,046.73",Available,,01-06-2024,397046.73,265.9727159
60380,6,06-01-2024,Apartment,43,1492.81,"$463,180.98",Sold,C0176,01-06-2024,463180.98,310.2745694
60428,6,06-01-2024,Apartment,51,1476.63,"$409,110.59",Available,,01-06-2024,409110.59,277.0569405
60431,6,06-01-2024,Apartment,51,1476.63,"$443,662.17",Sold,C1036,01-06-2024,443662.17,300.4558827
70025,7,06-01-2024,Apartment,5,1144.09,"$305,670.88",Sold,C0186,01-06-2024,305670.88,267.1738063
70032,7,06-01-2024,Apartment,5,1144.09,"$362,755.75",Sold,C0138,01-06-2024,362755.75,317.0692428
70034,7,06-01-2024,Apartment,5,1144.09,"$352,076.14",Sold,C0496,01-06-2024,352076.14,307.7346537
70040,7,06-01-2024,Apartment,7,1071.02,"$291,584.63",Available,,01-06-2024,291584.63,272.2494725
70046,7,06-01-2024,Apartment,8,1561.28,"$429,513.17",Available,,01-06-2024,429513.17,275.1032294
70047,7,06-01-2024,Apartment,8,1561.28,"$491,819.70",Sold,C1837,01-06-2024,491819.7,315.0105683
70071,7,06-01-2024,Apartment,10,1495.37,"$469,669.56",Sold,C1080,01-06-2024,469669.56,314.082508
70072,7,06-01-2024,Apartment,10,1495.37,"$440,670.26",Sold,C0145,01-06-2024,440670.26,294.6897825
70080,7,06-01-2024,Apartment,12,804.65,"$219,643.49",Sold,C1431,01-06-2024,219643.49,272.9677375
70096,7,06-01-2024,Apartment,13,604.6,"$175,373.36",Sold,C0916,01-06-2024,175373.36,290.0651009
70099,7,06-01-2024,Apartment,13,604.6,"$191,788.99",Sold,C0181,01-06-2024,191788.99,317.2163248
70112,7,06-01-2024,Apartment,15,602.92,"$157,355.06",Available,,01-06-2024,157355.06,260.9882903
70126,7,06-01-2024,Apartment,15,602.92,"$180,042.93",Sold,C0688,01-06-2024,180042.93,298.6182744
70162,7,06-01-2024,Office,19,751.07,"$268,795.74",Sold,C0973,01-06-2024,268795.74,357.8837392
70166,7,06-01-2024,Apartment,19,751.07,"$220,051.06",Sold,C0687,01-06-2024,220051.06,292.9834236
70172,7,06-01-2024,Apartment,19,751.07,"$239,960.50",Sold,C0516,01-06-2024,239960.5,319.4915254
70206,7,06-01-2024,Apartment,23,1222.69,"$346,238.65",Sold,C0186,01-06-2024,346238.65,283.1777883
70208,7,06-01-2024,Office,23,1222.69,"$370,617.40",Sold,C0325,01-06-2024,370617.4,303.1164073
70238,7,06-01-2024,Apartment,26,717,"$173,139.43",Sold,C1919,01-06-2024,173139.43,241.4775872
70285,7,06-01-2024,Office,34,1487.05,"$441,928.46",Available,,01-06-2024,441928.46,297.1846676
70288,7,06-01-2024,Apartment,35,613.21,"$196,422.95",Available,,01-06-2024,196422.95,320.3192218
70294,7,06-01-2024,Apartment,35,613.21,"$192,239.46",Available,,01-06-2024,192239.46,313.4969423
70300,7,06-01-2024,Apartment,35,613.21,"$200,969.37",Sold,C1236,01-06-2024,200969.37,327.733354
70306,7,06-01-2024,Apartment,36,1748.75,"$476,178.74",Sold,C0883,01-06-2024,476178.74,272.2966347
70320,7,06-01-2024,Apartment,38,1755.26,"$508,002.04",Sold,C1302,01-06-2024,508002.04,289.4169753
70329,7,06-01-2024,Apartment,38,1755.26,"$531,318.81",Sold,C1344,01-06-2024,531318.81,302.7009161
70390,7,06-01-2024,Apartment,44,1859.83,"$531,593.91",Sold,C1109,01-06-2024,531593.91,285.8293016
70414,7,06-01-2024,Office,48,533.35,"$160,290.77",Sold,C1603,01-06-2024,160290.77,300.535802
70434,7,06-01-2024,Apartment,50,502.02,"$169,117.16",Sold,C0957,01-06-2024,169117.16,336.8733517
70452,7,06-01-2024,Apartment,54,1940.69,"$568,937.95",Sold,C1522,01-06-2024,568937.95,293.1627153
70461,7,06-01-2024,Apartment,54,1940.69,"$483,718.98",Available,,01-06-2024,483718.98,249.2510293
70478,7,06-01-2024,Apartment,56,1589.6,"$542,304.45",Sold,C0856,01-06-2024,542304.45,341.157807
80007,8,06-01-2024,Apartment,1,1109.29,"$316,502.81",Sold,C1660,01-06-2024,316502.81,285.3201688
80010,8,06-01-2024,Apartment,2,1097.36,"$301,641.79",Sold,C0321,01-06-2024,301641.79,274.8795199
80043,8,06-01-2024,Apartment,5,887.23,"$254,400.82",Sold,C0940,01-06-2024,254400.82,286.7360436
80061,8,06-01-2024,Apartment,6,1370.17,"$415,532.62",Sold,C1491,01-06-2024,415532.62,303.2708496
80081,8,06-01-2024,Apartment,9,1869.81,"$583,919.98",Sold,C0108,01-06-2024,583919.98,312.2884036
80091,8,06-01-2024,Apartment,10,737.92,"$237,539.69",Sold,C0752,01-06-2024,237539.69,321.9043934
80095,8,06-01-2024,Apartment,11,742.87,"$229,209.80",Sold,C1370,01-06-2024,229209.8,308.5463136
80103,8,06-01-2024,Apartment,13,660.3,"$198,403.06",Sold,C0255,01-06-2024,198403.06,300.4741178
80119,8,06-01-2024,Apartment,14,685.93,"$213,463.01",Sold,C1860,01-06-2024,213463.01,311.2023239
80168,8,06-01-2024,Apartment,22,1495.57,"$445,954.78",Sold,C0550,01-06-2024,445954.78,298.1838229
80182,8,06-01-2024,Apartment,26,1625.38,"$555,296.53",Sold,C1295,01-06-2024,555296.53,341.6410501
80195,8,06-01-2024,Apartment,27,1376.34,"$375,052.48",Sold,C1016,01-06-2024,375052.48,272.4998765
80196,8,06-01-2024,Apartment,27,1376.34,"$413,270.23",Sold,C0682,01-06-2024,413270.23,300.2675429
80228,8,06-01-2024,Apartment,30,1070.46,"$323,302.12",Sold,C1902,01-06-2024,323302.12,302.0216729
80252,8,06-01-2024,Apartment,31,1253.18,"$304,765.28",Sold,C1976,01-06-2024,304765.28,243.1935396
80259,8,06-01-2024,Apartment,31,1253.18,"$433,975.99",Sold,C0631,01-06-2024,433975.99,346.2998053
80276,8,06-01-2024,Apartment,33,1809.87,"$514,705.32",Sold,C1850,01-06-2024,514705.32,284.3880058
80283,8,06-01-2024,Apartment,33,1809.87,"$545,577.55",Sold,C0793,01-06-2024,545577.55,301.4457116
80286,8,06-01-2024,Apartment,33,1809.87,"$568,415.25",Sold,C1996,01-06-2024,568415.25,314.0641317
80305,8,06-01-2024,Apartment,36,673.86,"$207,100.33",Sold,C0166,01-06-2024,207100.33,307.3343573
80329,8,06-01-2024,Apartment,37,890.65,"$266,626.12",Sold,C1774,01-06-2024,266626.12,299.3612755
80332,8,06-01-2024,Apartment,37,890.65,"$285,851.51",Sold,C1839,01-06-2024,285851.51,320.9470724
80353,8,06-01-2024,Apartment,41,610.26,"$195,491.76",Sold,C0110,01-06-2024,195491.76,320.341756
80355,8,06-01-2024,Apartment,42,1473.68,"$463,480.05",Sold,C1766,01-06-2024,463480.05,314.5052182
80360,8,06-01-2024,Apartment,43,1490.59,"$453,691.82",Available,,01-06-2024,453691.82,304.3706318
80362,8,06-01-2024,Apartment,43,1490.59,"$411,103.50",Available,,01-06-2024,411103.5,275.7991802
80395,8,06-01-2024,Apartment,46,1175.51,"$362,891.42",Sold,C1600,01-06-2024,362891.42,308.7097685
80398,8,06-01-2024,Apartment,46,1175.51,"$445,068.24",Sold,C1773,01-06-2024,445068.24,378.6171449
80406,8,06-01-2024,Apartment,47,543.08,"$161,394.43",Sold,C1859,01-06-2024,161394.43,297.1835273
80479,8,06-01-2024,Apartment,56,1874.7,"$473,611.55",Sold,C0168,01-06-2024,473611.55,252.633248
90049,9,06-01-2024,Apartment,8,1315.55,"$435,222.01",Sold,C0874,01-06-2024,435222.01,330.8289385
90058,9,06-01-2024,Apartment,10,1172.34,"$311,743.31",Sold,C0057,01-06-2024,311743.31,265.9154426
90061,9,06-01-2024,Apartment,11,559.6,"$168,433.25",Sold,C1062,01-06-2024,168433.25,300.9886526
90072,9,06-01-2024,Apartment,12,952.38,"$285,574.09",Sold,C1193,01-06-2024,285574.09,299.8530944
90091,9,06-01-2024,Apartment,15,1732.33,"$545,279.84",Sold,C1293,01-06-2024,545279.84,314.7667246
90095,9,06-01-2024,Apartment,16,924.6,"$259,266.94",Sold,C1151,01-06-2024,259266.94,280.4098421
90097,9,06-01-2024,Apartment,16,924.6,"$322,492.37",Sold,C0531,01-06-2024,322492.37,348.7912286
90098,9,06-01-2024,Apartment,16,924.6,"$274,763.58",Sold,C0952,01-06-2024,274763.58,297.1702141
90118,9,06-01-2024,Office,18,860.97,"$247,067.76",Sold,C1172,01-06-2024,247067.76,286.9644238
90135,9,06-01-2024,Apartment,21,1261.65,"$409,255.12",Sold,C1855,01-06-2024,409255.12,324.3808663
90160,9,06-01-2024,Apartment,25,1904.38,"$579,567.49",Sold,C0530,01-06-2024,579567.49,304.3339512
90187,9,06-01-2024,Apartment,27,1207.33,"$375,316.39",Sold,C0992,01-06-2024,375316.39,310.8647926
90202,9,06-01-2024,Apartment,30,1250.17,"$345,570.15",Sold,C0721,01-06-2024,345570.15,276.4185271
90237,9,06-01-2024,Apartment,33,973.52,"$285,383.07",Sold,C1686,01-06-2024,285383.07,293.1455645
90244,9,06-01-2024,Apartment,34,1577.36,"$469,331.42",Sold,C1336,01-06-2024,469331.42,297.5423619
90332,9,06-01-2024,Apartment,39,1839.34,"$577,426.88",Sold,C0326,01-06-2024,577426.88,313.9315624
90350,9,06-01-2024,Apartment,41,1488.32,"$435,540.27",Available,,01-06-2024,435540.27,292.6388613
90353,9,06-01-2024,Apartment,41,1488.32,"$448,582.79",Available,,01-06-2024,448582.79,301.4021111
90355,9,06-01-2024,Apartment,41,1488.32,"$463,001.84",Sold,C1387,01-06-2024,463001.84,311.0902494
90380,9,06-01-2024,Apartment,45,786.13,"$293,555.19",Sold,C1554,01-06-2024,293555.19,373.4181242
90383,9,06-01-2024,Office,45,786.13,"$222,973.92",Sold,C0963,01-06-2024,222973.92,283.6349204
90397,9,06-01-2024,Apartment,47,1262.78,"$384,736.43",Sold,C1128,01-06-2024,384736.43,304.6741554
90493,9,06-01-2024,Apartment,58,838.34,"$242,722.37",Sold,C1060,01-06-2024,242722.37,289.5273636
90512,9,06-01-2024,Apartment,58,838.34,"$246,465.48",Sold,C1719,01-06-2024,246465.48,293.9922704
90515,9,06-01-2024,Office,59,1697.13,"$556,945.98",Sold,C1511,01-06-2024,556945.98,328.1693094
90520,9,06-01-2024,Apartment,59,1697.13,"$534,178.90",Sold,C1562,01-06-2024,534178.9,314.7542616
90522,9,06-01-2024,Apartment,59,1697.13,"$450,186.35",Sold,C1065,01-06-2024,450186.35,265.2633269
90527,9,06-01-2024,Apartment,60,1919.77,"$543,292.36",Sold,C0800,01-06-2024,543292.36,282.9986717
100003,10,06-01-2024,Apartment,1,1006.89,"$334,266.66",Sold,C1321,01-06-2024,334266.66,331.9793225
100004,10,06-01-2024,Apartment,1,1006.89,"$312,546.55",Available,,01-06-2024,312546.55,310.40784
100009,10,06-01-2024,Apartment,2,1830.46,"$592,851.63",Sold,C0579,01-06-2024,592851.63,323.8812266
100014,10,06-01-2024,Office,3,1197.61,"$394,120.88",Sold,C1031,01-06-2024,394120.88,329.0895033
100020,10,06-01-2024,Apartment,4,1765.37,"$610,483.40",Available,,01-06-2024,610483.4,345.8104533
100032,10,06-01-2024,Apartment,4,1765.37,"$510,799.00",Available,,01-06-2024,510799,289.3438769
100064,10,06-01-2024,Apartment,8,1054.86,"$310,600.71",Sold,C0740,01-06-2024,310600.71,294.4473295
100072,10,06-01-2024,Apartment,9,1849.4,"$570,604.36",Available,,01-06-2024,570604.36,308.5348545
100089,10,06-01-2024,Apartment,11,1675.44,"$490,797.12",Sold,C0737,01-06-2024,490797.12,292.9362556
100125,10,06-01-2024,Apartment,16,1169.15,"$360,551.22",Available,,01-06-2024,360551.22,308.3874781
100129,10,06-01-2024,Apartment,17,647.35,"$208,354.22",Sold,C1015,01-06-2024,208354.22,321.8571407
100151,10,06-01-2024,Apartment,19,948.04,"$268,237.71",Available,,01-06-2024,268237.71,282.9392325
100179,10,06-01-2024,Apartment,24,708.64,"$169,191.18",Sold,C1184,01-06-2024,169191.18,238.7547697
100182,10,06-01-2024,Office,25,1487.17,"$475,205.98",Sold,C0411,01-06-2024,475205.98,319.5370939
100188,10,06-01-2024,Office,25,1487.17,"$450,549.44",Available,,01-06-2024,450549.44,302.9575906
100206,10,06-01-2024,Apartment,26,1294.85,"$400,543.99",Sold,C1943,01-06-2024,400543.99,309.3362088
100224,10,06-01-2024,Apartment,28,1606.58,"$441,336.20",Available,,01-06-2024,441336.2,274.705399
100226,10,06-01-2024,Apartment,28,1606.58,"$441,602.33",Sold,C1156,01-06-2024,441602.33,274.8710491
100251,10,06-01-2024,Apartment,30,1559.4,"$448,712.69",Sold,C0794,01-06-2024,448712.69,287.7470117
100261,10,06-01-2024,Apartment,31,1499,"$388,799.01",Sold,C0654,01-06-2024,388799.01,259.3722548
100268,10,06-01-2024,Apartment,31,1499,"$344,108.77",Sold,C1489,01-06-2024,344108.77,229.5588859
100271,10,06-01-2024,Apartment,31,1499,"$448,849.01",Sold,C0358,01-06-2024,448849.01,299.4322949
100275,10,06-01-2024,Apartment,31,1499,"$403,651.55",Sold,C1527,01-06-2024,403651.55,269.2805537
100382,10,06-01-2024,Apartment,44,1224.71,"$327,026.78",Available,,01-06-2024,327026.78,267.0238505
100388,10,06-01-2024,Apartment,44,1224.71,"$399,400.23",Sold,C1708,01-06-2024,399400.23,326.1182076
100428,10,06-01-2024,Apartment,50,1138.32,"$374,160.62",Available,,01-06-2024,374160.62,328.6954635
110028,11,06-01-2024,Apartment,3,1479.84,"$429,554.86",Available,,01-06-2024,429554.86,290.2711509
110030,11,06-01-2024,Apartment,3,1479.84,"$398,527.61",Sold,C1962,01-06-2024,398527.61,269.3045262
110046,11,06-01-2024,Apartment,6,1724.08,"$459,433.77",Sold,C0935,01-06-2024,459433.77,266.4805403
110053,11,06-01-2024,Apartment,6,1724.08,"$543,452.80",Sold,C1449,01-06-2024,543452.8,315.2132152
110056,11,06-01-2024,Apartment,6,1724.08,"$537,245.49",Available,,01-06-2024,537245.49,311.6128544
110079,11,06-01-2024,Apartment,10,1519.64,"$431,989.62",Available,,01-06-2024,431989.62,284.2710247
110088,11,06-01-2024,Apartment,10,1519.64,"$442,267.25",Available,,01-06-2024,442267.25,291.0342252
110101,11,06-01-2024,Apartment,11,1581.88,"$471,126.35",Available,,01-06-2024,471126.35,297.8268579
110119,11,06-01-2024,Office,13,474.93,"$140,986.81",Sold,C0712,01-06-2024,140986.81,296.8580843
110121,11,06-01-2024,Apartment,13,474.93,"$149,499.39",Sold,C1106,01-06-2024,149499.39,314.7819468
110128,11,06-01-2024,Apartment,14,524.68,"$148,911.72",Available,,01-06-2024,148911.72,283.814363
110148,11,06-01-2024,Apartment,15,1385.68,"$412,137.45",Sold,C0706,01-06-2024,412137.45,297.4261373
110179,11,06-01-2024,Office,19,1083.98,"$439,922.56",Sold,C1063,01-06-2024,439922.56,405.8401078
110210,11,06-01-2024,Apartment,24,1481.82,"$384,711.43",Sold,C0290,01-06-2024,384711.43,259.6208919
110211,11,06-01-2024,Office,25,1802.24,"$588,353.61",Sold,C1803,01-06-2024,588353.61,326.4568592
110223,11,06-01-2024,Apartment,27,1638.1,"$450,180.79",Sold,C1829,01-06-2024,450180.79,274.8188694
110232,11,06-01-2024,Apartment,29,993.51,"$312,702.74",Sold,C0252,01-06-2024,312702.74,314.7454379
110260,11,06-01-2024,Apartment,31,1232.68,"$278,765.30",Sold,C0381,01-06-2024,278765.3,226.145715
110272,11,06-01-2024,Office,33,1632.55,"$525,078.29",Sold,C1374,01-06-2024,525078.29,321.6307556
110342,11,06-01-2024,Apartment,42,808.59,"$235,908.73",Sold,C0477,01-06-2024,235908.73,291.7532124
110357,11,06-01-2024,Apartment,42,808.59,"$243,379.65",Sold,C0586,01-06-2024,243379.65,300.9926539
110390,11,06-01-2024,Apartment,46,1798.85,"$609,149.51",Available,,01-06-2024,609149.51,338.6327431
110437,11,06-01-2024,Office,52,1397.58,"$442,272.29",Available,,01-06-2024,442272.29,316.455795
110509,11,06-01-2024,Apartment,61,1299.46,"$378,780.47",Sold,C0986,01-06-2024,378780.47,291.490673
110532,11,06-01-2024,Apartment,62,1938.82,"$505,488.89",Available,,01-06-2024,505488.89,260.7198657
110544,11,06-01-2024,Apartment,63,871.7,"$273,288.97",Sold,C0091,01-06-2024,273288.97,313.512642
110550,11,06-01-2024,Apartment,64,1916.26,"$634,786.20",Sold,C1285,01-06-2024,634786.2,331.2630854
110552,11,06-01-2024,Apartment,64,1916.26,"$440,168.38",Sold,C1558,01-06-2024,440168.38,229.7018046
120017,12,06-01-2024,Apartment,2,1285.87,"$358,930.28",Sold,C1273,01-06-2024,358930.28,279.1341893
120040,12,06-01-2024,Apartment,4,1559.34,"$469,471.11",Sold,C1198,01-06-2024,469471.11,301.0703952
120108,12,06-01-2024,Apartment,13,1394.03,"$435,919.77",Sold,C1963,01-06-2024,435919.77,312.7047266
120186,12,06-01-2024,Apartment,20,1802.21,"$581,602.93",Sold,C0457,01-06-2024,581602.93,322.7165147
120251,12,06-01-2024,Apartment,27,871.52,"$238,611.29",Sold,C1731,01-06-2024,238611.29,273.7875092
120270,12,06-01-2024,Apartment,29,688.73,"$200,881.62",Sold,C0602,01-06-2024,200881.62,291.6696238
120274,12,06-01-2024,Office,29,688.73,"$200,846.70",Available,,01-06-2024,200846.7,291.6189218
120304,12,06-01-2024,Office,34,1817.64,"$545,190.41",Sold,C1907,01-06-2024,545190.41,299.9441088
120306,12,06-01-2024,Apartment,34,1817.64,"$523,608.94",Sold,C1058,01-06-2024,523608.94,288.0707621
120341,12,06-01-2024,Apartment,38,1157.23,"$279,656.41",Sold,C0160,01-06-2024,279656.41,241.6601799
120350,12,06-01-2024,Apartment,38,1157.23,"$323,296.43",Sold,C0799,01-06-2024,323296.43,279.3709375
120369,12,06-01-2024,Apartment,38,1157.23,"$317,102.87",Sold,C1888,01-06-2024,317102.87,274.0188813
120390,12,06-01-2024,Office,45,1898.75,"$498,739.47",Available,,01-06-2024,498739.47,262.6672653
120403,12,06-01-2024,Apartment,47,1528.05,"$526,514.11",Sold,C1931,01-06-2024,526514.11,344.5660221
120414,12,06-01-2024,Office,48,1919.31,"$564,420.33",Sold,C0608,01-06-2024,564420.33,294.0746049
130010,13,06-01-2024,Apartment,1,1899.92,"$619,055.13",Sold,C1727,01-06-2024,619055.13,325.8322087
130020,13,06-01-2024,Apartment,2,1651.02,"$566,227.62",Sold,C1472,01-06-2024,566227.62,342.9562452
130034,13,06-01-2024,Apartment,2,1651.02,"$486,501.61",Sold,C0515,01-06-2024,486501.61,294.6673026
130035,13,06-01-2024,Office,3,979.64,"$312,185.78",Sold,C0666,01-06-2024,312185.78,318.6739823
130042,13,06-01-2024,Apartment,3,979.64,"$309,331.08",Sold,C0431,01-06-2024,309331.08,315.7599526
130049,13,06-01-2024,Apartment,4,1629.74,"$535,134.61",Sold,C0186,01-06-2024,535134.61,328.3558175
130061,13,06-01-2024,Apartment,6,1240.96,"$341,255.51",Sold,C0032,01-06-2024,341255.51,274.9931585
130090,13,06-01-2024,Apartment,11,1678.3,"$559,863.12",Available,,01-06-2024,559863.12,333.5894179
130093,13,06-01-2024,Office,11,1678.3,"$521,531.29",Sold,C1333,01-06-2024,521531.29,310.7497408
130108,13,06-01-2024,Apartment,13,585.77,"$144,397.69",Sold,C0681,01-06-2024,144397.69,246.509193
130110,13,06-01-2024,Apartment,14,777.75,"$241,606.12",Sold,C0711,01-06-2024,241606.12,310.6475346
130132,13,06-01-2024,Apartment,15,458.29,"$108,069.17",Available,,01-06-2024,108069.17,235.8095747
130137,13,06-01-2024,Office,16,1772.88,"$518,419.79",Sold,C0724,01-06-2024,518419.79,292.41674
130151,13,06-01-2024,Apartment,17,1278.95,"$390,044.02",Available,,01-06-2024,390044.02,304.972063
130158,13,06-01-2024,Apartment,18,1820.34,"$476,408.36",Sold,C1302,01-06-2024,476408.36,261.7139435
130163,13,06-01-2024,Apartment,19,758.69,"$241,091.13",Sold,C1682,01-06-2024,241091.13,317.7729112
130171,13,06-01-2024,Apartment,20,516.72,"$151,275.21",Sold,C1344,01-06-2024,151275.21,292.7605086
130200,13,06-01-2024,Apartment,22,1811.36,"$517,206.46",Sold,C1474,01-06-2024,517206.46,285.5348799
130211,13,06-01-2024,Apartment,24,1044.69,"$315,392.00",Available,,01-06-2024,315392,301.9000852
130216,13,06-01-2024,Office,24,1044.69,"$294,139.96",Sold,C1199,01-06-2024,294139.96,281.5571701
130217,13,06-01-2024,Apartment,25,633.86,"$189,670.56",Sold,C1212,01-06-2024,189670.56,299.2309974
130256,13,06-01-2024,Apartment,30,1777.51,"$512,970.75",Sold,C0390,01-06-2024,512970.75,288.5895157
130268,13,06-01-2024,Apartment,31,627.57,"$176,673.88",Sold,C1289,01-06-2024,176673.88,281.5205953
130269,13,06-01-2024,Apartment,31,627.57,"$190,482.11",Available,,01-06-2024,190482.11,303.5232882
130278,13,06-01-2024,Office,32,1114.07,"$315,459.54",Sold,C0050,01-06-2024,315459.54,283.1595322
130282,13,06-01-2024,Apartment,32,1114.07,"$381,358.57",Sold,C1696,01-06-2024,381358.57,342.3111384
130290,13,06-01-2024,Apartment,33,1445.84,"$402,845.37",Sold,C1826,01-06-2024,402845.37,278.623755
130357,13,06-01-2024,Apartment,39,1054.77,"$286,456.48",Sold,C1182,01-06-2024,286456.48,271.5819373
130407,13,06-01-2024,Apartment,46,1098.38,"$355,579.21",Sold,C0561,01-06-2024,355579.21,323.7305941
130413,13,06-01-2024,Apartment,47,1874.35,"$621,956.37",Sold,C0102,01-06-2024,621956.37,331.8250967
130418,13,06-01-2024,Apartment,47,1874.35,"$566,173.43",Sold,C1792,01-06-2024,566173.43,302.0638781
130472,13,06-01-2024,Apartment,53,968.77,"$282,257.94",Available,,01-06-2024,282257.94,291.3570197
130502,13,06-01-2024,Office,58,1115.72,"$336,314.86",Sold,C1821,01-06-2024,336314.86,301.4330298
130508,13,06-01-2024,Apartment,59,1434.04,"$483,778.35",Sold,C1860,01-06-2024,483778.35,337.353456
130515,13,06-01-2024,Apartment,60,1401.81,"$407,949.15",Sold,C0265,01-06-2024,407949.15,291.0160079
130534,13,06-01-2024,Apartment,61,1333.63,"$321,509.99",Available,,01-06-2024,321509.99,241.0788525
130552,13,06-01-2024,Office,64,792.66,"$282,563.03",Available,,01-06-2024,282563.03,356.4744405
130560,13,06-01-2024,Apartment,65,612.66,"$210,701.37",Sold,C1120,01-06-2024,210701.37,343.9123984
130573,13,06-01-2024,Apartment,67,524.97,"$144,901.21",Sold,C1585,01-06-2024,144901.21,276.0180772
140003,14,06-01-2024,Apartment,1,1750.63,"$582,490.75",Available,,01-06-2024,582490.75,332.7320736
140018,14,06-01-2024,Apartment,4,1797.81,"$598,972.24",Sold,C1848,01-06-2024,598972.24,333.1677096
140053,14,06-01-2024,Apartment,8,618.89,"$196,210.89",Available,,01-06-2024,196210.89,317.0367755
140061,14,06-01-2024,Apartment,8,618.89,"$192,018.85",Sold,C0249,01-06-2024,192018.85,310.263294
140085,14,06-01-2024,Apartment,11,1431.42,"$429,156.03",Sold,C1034,01-06-2024,429156.03,299.8113971
140136,14,06-01-2024,Office,15,784.04,"$245,547.57",Sold,C1375,01-06-2024,245547.57,313.1824524
140164,14,06-01-2024,Office,17,686.6,"$229,344.35",Sold,C0888,01-06-2024,229344.35,334.0290562
140197,14,06-01-2024,Apartment,22,1148.66,"$357,421.36",Sold,C0757,01-06-2024,357421.36,311.163756
140209,14,06-01-2024,Apartment,22,1148.66,"$311,731.32",Sold,C1241,01-06-2024,311731.32,271.3869378
140210,14,06-01-2024,Apartment,22,1148.66,"$324,448.32",Available,,01-06-2024,324448.32,282.458099
140211,14,06-01-2024,Apartment,23,1610.37,"$396,708.40",Sold,C0178,01-06-2024,396708.4,246.3461192
140254,14,06-01-2024,Apartment,29,1618.34,"$493,102.83",Sold,C0306,01-06-2024,493102.83,304.696683
140264,14,06-01-2024,Apartment,29,1618.34,"$604,849.17",Sold,C0369,01-06-2024,604849.17,373.7466602
140310,14,06-01-2024,Apartment,36,1034.47,"$293,495.84",Sold,C0761,01-06-2024,293495.84,283.7161445
140334,14,06-01-2024,Apartment,40,532.44,"$143,982.36",Available,,01-06-2024,143982.36,270.4198783
140385,14,06-01-2024,Apartment,47,917.53,"$246,896.31",Sold,C1073,01-06-2024,246896.31,269.0879971
140404,14,06-01-2024,Office,48,1941.78,"$679,222.65",Sold,C0949,01-06-2024,679222.65,349.7938232
140406,14,06-01-2024,Apartment,49,1231.75,"$439,396.11",Sold,C1394,01-06-2024,439396.11,356.7250741
140456,14,06-01-2024,Apartment,53,1493.72,"$502,441.47",Available,,01-06-2024,502441.47,336.3692459
140458,14,06-01-2024,Apartment,55,1415.9,"$451,042.71",Sold,C1429,01-06-2024,451042.71,318.5554841
150029,15,06-01-2024,Apartment,4,1110.88,"$351,094.29",Available,,01-06-2024,351094.29,316.0505995
150043,15,06-01-2024,Office,6,938.57,"$313,806.17",Sold,C1851,01-06-2024,313806.17,334.3449823
150049,15,06-01-2024,Apartment,8,1056.46,"$329,122.79",Sold,C0529,01-06-2024,329122.79,311.5336028
150066,15,06-01-2024,Apartment,10,1072.95,"$329,658.30",Available,,01-06-2024,329658.3,307.2447924
150101,15,06-01-2024,Apartment,15,522.71,"$184,591.55",Available,,01-06-2024,184591.55,353.14333
150113,15,06-01-2024,Apartment,16,1692.61,"$528,465.50",Sold,C1884,01-06-2024,528465.5,312.2192945
150132,15,06-01-2024,Apartment,17,562.64,"$166,635.32",Sold,C1178,01-06-2024,166635.32,296.1668562
150170,15,06-01-2024,Apartment,22,1317.29,"$404,667.67",Sold,C1143,01-06-2024,404667.67,307.1971016
150178,15,06-01-2024,Apartment,23,1279.23,"$327,686.08",Sold,C1379,01-06-2024,327686.08,256.1588456
150191,15,06-01-2024,Apartment,23,1279.23,"$352,169.27",Sold,C1964,01-06-2024,352169.27,275.2978511
150193,15,06-01-2024,Apartment,23,1279.23,"$342,309.10",Sold,C0417,01-06-2024,342309.1,267.5899565
150224,15,06-01-2024,Apartment,26,961.01,"$307,857.51",Sold,C0382,01-06-2024,307857.51,320.3478736
150234,15,06-01-2024,Apartment,26,961.01,"$312,521.87",Sold,C1667,01-06-2024,312521.87,325.2014755
150239,15,06-01-2024,Apartment,28,1567.93,"$495,891.03",Available,,01-06-2024,495891.03,316.2711537
150247,15,06-01-2024,Apartment,30,1523.22,"$467,216.30",Sold,C0043,01-06-2024,467216.3,306.7293628
150253,15,06-01-2024,Apartment,30,1523.22,"$478,984.35",Sold,C1454,01-06-2024,478984.35,314.4551345
150286,15,06-01-2024,Apartment,34,1304.22,"$376,325.86",Sold,C0340,01-06-2024,376325.86,288.5447701
150291,15,06-01-2024,Apartment,35,745.49,"$239,550.24",Sold,C0800,01-06-2024,239550.24,321.3326
150325,15,06-01-2024,Office,38,585.57,"$205,518.01",Available,,01-06-2024,205518.01,350.970866
150420,15,06-01-2024,Apartment,52,829.2,"$268,774.73",Sold,C0075,01-06-2024,268774.73,324.1373975
150456,15,06-01-2024,Apartment,55,892.75,"$267,942.56",Available,,01-06-2024,267942.56,300.131683
150469,15,06-01-2024,Apartment,56,939.93,"$294,230.82",Sold,C1045,01-06-2024,294230.82,313.0348217
150476,15,06-01-2024,Office,57,429.34,"$163,236.34",Sold,C0411,01-06-2024,163236.34,380.2029627
150489,15,06-01-2024,Apartment,58,1750.89,"$496,154.56",Sold,C1685,01-06-2024,496154.56,283.3727761
150491,15,06-01-2024,Apartment,58,1750.89,"$566,107.20",Sold,C1748,01-06-2024,566107.2,323.3253945
150494,15,06-01-2024,Apartment,58,1750.89,"$493,587.18",Sold,C0412,01-06-2024,493587.18,281.9064476
160018,16,06-01-2024,Apartment,3,466.91,"$142,187.57",Sold,C1353,01-06-2024,142187.57,304.52886
160037,16,06-01-2024,Office,5,749.15,"$188,763.30",Available,,01-06-2024,188763.3,251.969966
160038,16,06-01-2024,Apartment,5,749.15,"$194,083.34",Sold,C1126,01-06-2024,194083.34,259.0714009
160095,16,06-01-2024,Apartment,10,1608.56,"$386,634.67",Sold,C1865,01-06-2024,386634.67,240.3607388
160131,16,06-01-2024,Apartment,15,1365.29,"$424,486.73",Available,,01-06-2024,424486.73,310.9132346
160133,16,06-01-2024,Office,16,1451.17,"$512,937.54",Available,,01-06-2024,512937.54,353.464818
160150,16,06-01-2024,Apartment,19,1163.06,"$297,657.72",Sold,C0869,01-06-2024,297657.72,255.9263667
160157,16,06-01-2024,Apartment,20,1096.33,"$307,824.86",Available,,01-06-2024,307824.86,280.7775579
160162,16,06-01-2024,Apartment,21,837.95,"$231,014.30",Available,,01-06-2024,231014.3,275.6898383
160189,16,06-01-2024,Apartment,23,594.14,"$197,135.73",Available,,01-06-2024,197135.73,331.8001313
160239,16,06-01-2024,Apartment,28,1440.71,"$415,762.30",Available,,01-06-2024,415762.3,288.5815327
160263,16,06-01-2024,Apartment,31,1336.97,"$418,811.00",Sold,C0135,01-06-2024,418811,313.2538501
160272,16,06-01-2024,Office,33,881.17,"$247,247.41",Available,,01-06-2024,247247.41,280.5899089
160284,16,06-01-2024,Apartment,34,743.19,"$203,322.97",Available,,01-06-2024,203322.97,273.5814126
160286,16,06-01-2024,Office,34,743.19,"$213,124.27",Available,,01-06-2024,213124.27,286.7695609
160290,16,06-01-2024,Apartment,34,743.19,"$245,867.49",Sold,C0642,01-06-2024,245867.49,330.8272313
160332,16,06-01-2024,Apartment,39,1562.93,"$407,201.53",Sold,C0038,01-06-2024,407201.53,260.5372793
160346,16,06-01-2024,Apartment,41,1001.72,"$262,731.42",Sold,C1967,01-06-2024,262731.42,262.2802979
160357,16,06-01-2024,Apartment,41,1001.72,"$241,353.22",Sold,C1755,01-06-2024,241353.22,240.9388053
160359,16,06-01-2024,Office,42,1496.62,"$463,182.68",Sold,C0996,01-06-2024,463182.68,309.4858281
160370,16,06-01-2024,Apartment,42,1496.62,"$452,941.86",Sold,C0784,01-06-2024,452941.86,302.643196
160381,16,06-01-2024,Apartment,44,1695.03,"$518,251.94",Sold,C0150,01-06-2024,518251.94,305.7479455
160386,16,06-01-2024,Apartment,44,1695.03,"$432,814.05",Sold,C1341,01-06-2024,432814.05,255.3430028
170007,17,06-01-2024,Apartment,1,530.28,"$170,715.21",Sold,C0404,01-06-2024,170715.21,321.9340914
170019,17,06-01-2024,Apartment,1,530.28,"$189,016.63",Sold,C0920,01-06-2024,189016.63,356.4468394
170021,17,06-01-2024,Apartment,1,530.28,"$156,967.94",Available,,01-06-2024,156967.94,296.0095421
170034,17,06-01-2024,Office,2,1738.5,"$548,647.34",Available,,01-06-2024,548647.34,315.5866206
170040,17,06-01-2024,Apartment,4,448.67,"$130,070.01",Sold,C1753,01-06-2024,130070.01,289.901286
170044,17,06-01-2024,Office,5,1829.38,"$513,906.66",Sold,C0471,01-06-2024,513906.66,280.918486
170052,17,06-01-2024,Apartment,7,1300.91,"$364,977.97",Sold,C2000,01-06-2024,364977.97,280.5558955
170063,17,06-01-2024,Apartment,8,1297.3,"$337,660.44",Sold,C0780,01-06-2024,337660.44,260.2793803
170099,17,06-01-2024,Apartment,12,451.91,"$129,935.43",Sold,C0582,01-06-2024,129935.43,287.525016
170111,17,06-01-2024,Apartment,13,916.9,"$281,293.99",Available,,01-06-2024,281293.99,306.7880794
170126,17,06-01-2024,Apartment,15,1365.73,"$427,106.32",Sold,C0098,01-06-2024,427106.32,312.7311548
170131,17,06-01-2024,Apartment,15,1365.73,"$438,371.45",Sold,C0655,01-06-2024,438371.45,320.979586
170161,17,06-01-2024,Office,17,1827.25,"$668,066.43",Sold,C0366,01-06-2024,668066.43,365.6130415
170176,17,06-01-2024,Apartment,19,1712.06,"$452,486.22",Sold,C0301,01-06-2024,452486.22,264.293436
170188,17,06-01-2024,Apartment,20,792.27,"$271,464.68",Available,,01-06-2024,271464.68,342.6416247
170196,17,06-01-2024,Apartment,22,1221.66,"$393,104.03",Sold,C1661,01-06-2024,393104.03,321.7785882
170207,17,06-01-2024,Apartment,23,1025.52,"$355,893.16",Sold,C0613,01-06-2024,355893.16,347.0367813
170218,17,06-01-2024,Apartment,25,939.46,"$271,393.18",Sold,C0805,01-06-2024,271393.18,288.8821025
170222,17,06-01-2024,Apartment,26,929.59,"$301,401.46",Sold,C1436,01-06-2024,301401.46,324.2305317
170253,17,06-01-2024,Apartment,29,594.46,"$186,713.93",Available,,01-06-2024,186713.93,314.0899808
170258,17,06-01-2024,Apartment,31,1806.06,"$593,745.43",Sold,C1589,01-06-2024,593745.43,328.7517746
170301,17,06-01-2024,Apartment,38,721.83,"$213,341.63",Available,,01-06-2024,213341.63,295.5566131
170346,17,06-01-2024,Apartment,44,1176,"$358,774.09",Sold,C1526,01-06-2024,358774.09,305.0800085
170353,17,06-01-2024,Apartment,45,1574.3,"$459,422.09",Sold,C0278,01-06-2024,459422.09,291.8262656
170367,17,06-01-2024,Apartment,46,1582.61,"$467,976.15",Available,,01-06-2024,467976.15,295.698972
170388,17,06-01-2024,Apartment,48,1833.96,"$610,984.26",Available,,01-06-2024,610984.26,333.150265
170441,17,06-01-2024,Office,51,1375.52,"$492,541.63",Sold,C0158,01-06-2024,492541.63,358.0766765
180001,18,06-01-2024,Apartment,1,1379.64,"$492,067.86",Sold,C0346,01-06-2024,492067.86,356.6639558
180012,18,06-01-2024,Apartment,2,650.96,"$205,928.65",Sold,C1601,01-06-2024,205928.65,316.3460889
180028,18,06-01-2024,Apartment,4,1096.58,"$307,100.40",Sold,C1288,01-06-2024,307100.4,280.0528917
180046,18,06-01-2024,Apartment,5,883.32,"$285,682.29",Sold,C1019,01-06-2024,285682.29,323.418795
180057,18,06-01-2024,Apartment,6,840.25,"$292,899.87",Sold,C0376,01-06-2024,292899.87,348.5865754
180071,18,06-01-2024,Apartment,9,894.92,"$257,903.62",Available,,01-06-2024,257903.62,288.1862289
180106,18,06-01-2024,Office,14,1742.3,"$477,187.81",Sold,C1155,01-06-2024,477187.81,273.8838375
180142,18,06-01-2024,Apartment,18,1127.95,"$342,941.15",Sold,C0702,01-06-2024,342941.15,304.0393191
180143,18,06-01-2024,Apartment,19,1268.1,"$332,640.41",Sold,C1960,01-06-2024,332640.41,262.314021
180147,18,06-01-2024,Apartment,20,1631.48,"$487,388.83",Sold,C1324,01-06-2024,487388.83,298.7403033
180148,18,06-01-2024,Office,20,1631.48,"$476,814.14",Sold,C0347,01-06-2024,476814.14,292.2586486
180173,18,06-01-2024,Office,22,1108.09,"$389,967.22",Sold,C1731,01-06-2024,389967.22,351.9273886
180188,18,06-01-2024,Apartment,25,911.94,"$247,179.46",Sold,C0479,01-06-2024,247179.46,271.0479418
180193,18,06-01-2024,Apartment,25,911.94,"$304,385.12",Sold,C0758,01-06-2024,304385.12,333.7775731
180256,18,06-01-2024,Apartment,30,1795.66,"$508,479.12",Available,,01-06-2024,508479.12,283.1711571
180294,18,06-01-2024,Apartment,36,1089.77,"$303,758.53",Available,,01-06-2024,303758.53,278.7363664
180330,18,06-01-2024,Apartment,38,1219.8,"$377,847.00",Sold,C1640,01-06-2024,377847,309.7614363
180332,18,06-01-2024,Office,38,1219.8,"$486,664.01",Sold,C0334,01-06-2024,486664.01,398.9703312
180383,18,06-01-2024,Apartment,43,937.7,"$253,089.26",Sold,C1243,01-06-2024,253089.26,269.9042977
180388,18,06-01-2024,Office,44,1334.77,"$435,374.92",Sold,C0054,01-06-2024,435374.92,326.1797313
180392,18,06-01-2024,Apartment,44,1334.77,"$412,457.50",Sold,C1649,01-06-2024,412457.5,309.0101665
180394,18,06-01-2024,Apartment,44,1334.77,"$399,196.41",Sold,C0707,01-06-2024,399196.41,299.0750541
180404,18,06-01-2024,Apartment,45,1627.52,"$546,764.12",Sold,C1183,01-06-2024,546764.12,335.9492479
180405,18,06-01-2024,Apartment,45,1627.52,"$510,079.55",Sold,C1160,01-06-2024,510079.55,313.4090825
180410,18,06-01-2024,Apartment,46,1410.38,"$502,557.57",Available,,01-06-2024,502557.57,356.3277769
180415,18,06-01-2024,Apartment,47,520.85,"$178,580.68",Sold,C0908,01-06-2024,178580.68,342.863934
180429,18,06-01-2024,Apartment,49,1457.92,"$425,688.05",Sold,C1333,01-06-2024,425688.05,291.9831335
180430,18,06-01-2024,Apartment,49,1457.92,"$518,468.37",Sold,C0950,01-06-2024,518468.37,355.6219614
180431,18,06-01-2024,Apartment,49,1457.92,"$431,626.48",Sold,C0330,01-06-2024,431626.48,296.0563543
180448,18,06-01-2024,Apartment,50,854.74,"$226,189.65",Sold,C0711,01-06-2024,226189.65,264.6297705
180488,18,06-01-2024,Apartment,54,1756.12,"$496,516.32",Sold,C1483,01-06-2024,496516.32,282.7348473
180518,18,06-01-2024,Office,58,955.23,"$305,203.86",Sold,C1795,01-06-2024,305203.86,319.5082441
180519,18,06-01-2024,Apartment,58,955.23,"$260,647.46",Sold,C1665,01-06-2024,260647.46,272.8635617
180535,18,06-01-2024,Office,61,1019.7,"$292,246.65",Sold,C0115,01-06-2024,292246.65,286.6006178
180554,18,06-01-2024,Apartment,64,893.66,"$249,869.21",Sold,C0453,01-06-2024,249869.21,279.602097
180565,18,06-01-2024,Office,66,1631.24,"$480,048.34",Sold,C1699,01-06-2024,480048.34,294.2843113
180570,18,06-01-2024,Apartment,66,1631.24,"$377,429.44",Sold,C0571,01-06-2024,377429.44,231.3757877
190004,19,06-01-2024,Office,2,1550.33,"$519,316.10",Sold,C1546,01-06-2024,519316.1,334.9713287
190028,19,06-01-2024,Apartment,5,1408.42,"$439,470.75",Available,,01-06-2024,439470.75,312.0310348
190036,19,06-01-2024,Office,7,973.6,"$279,337.80",Sold,C1871,01-06-2024,279337.8,286.9122843
190079,19,06-01-2024,Office,11,1869.93,"$573,381.83",Sold,C0074,01-06-2024,573381.83,306.6327777
190081,19,06-01-2024,Apartment,12,1163.99,"$371,415.60",Available,,01-06-2024,371415.6,319.0883083
190147,19,06-01-2024,Apartment,19,1697.73,"$549,823.52",Available,,01-06-2024,549823.52,323.8580457
190157,19,06-01-2024,Office,20,1772.03,"$631,156.09",Sold,C1495,01-06-2024,631156.09,356.176865
190175,19,06-01-2024,Office,21,477.75,"$151,676.84",Sold,C0559,01-06-2024,151676.84,317.4816117
190216,19,06-01-2024,Apartment,26,668.24,"$200,862.39",Sold,C0974,01-06-2024,200862.39,300.5842063
190236,19,06-01-2024,Office,28,1599.78,"$460,945.04",Sold,C1891,01-06-2024,460945.04,288.1302679
190240,19,06-01-2024,Apartment,28,1599.78,"$465,355.02",Sold,C1908,01-06-2024,465355.02,290.8868844
190246,19,06-01-2024,Apartment,29,1657.84,"$433,825.87",Available,,01-06-2024,433825.87,261.6813866
190248,19,06-01-2024,Apartment,29,1657.84,"$589,758.81",Sold,C0823,01-06-2024,589758.81,355.7392812
190280,19,06-01-2024,Apartment,32,1048.61,"$335,592.41",Sold,C0415,01-06-2024,335592.41,320.0354851
190285,19,06-01-2024,Apartment,33,1454.84,"$442,600.87",Sold,C0550,01-06-2024,442600.87,304.2264923
190303,19,06-01-2024,Office,36,855.94,"$251,313.61",Sold,C0813,01-06-2024,251313.61,293.6112461
190312,19,06-01-2024,Apartment,37,1565.26,"$531,100.09",Sold,C1124,01-06-2024,531100.09,339.3047098
190328,19,06-01-2024,Apartment,39,1237.04,"$415,660.09",Sold,C1084,01-06-2024,415660.09,336.0118428
190343,19,06-01-2024,Apartment,40,893.49,"$263,286.04",Sold,C1177,01-06-2024,263286.04,294.6715016
190363,19,06-01-2024,Apartment,42,1137.59,"$354,042.02",Sold,C1319,01-06-2024,354042.02,311.2211078
190375,19,06-01-2024,Apartment,42,1137.59,"$340,657.59",Sold,C0232,01-06-2024,340657.59,299.4555068
190390,19,06-01-2024,Apartment,44,982.8,"$304,964.72",Available,,01-06-2024,304964.72,310.3019129
200048,20,06-01-2024,Apartment,5,802.5,"$266,072.95",Sold,C0190,01-06-2024,266072.95,331.5550779
200074,20,06-01-2024,Apartment,9,576.96,"$189,223.75",Sold,C0031,01-06-2024,189223.75,327.9668435
200075,20,06-01-2024,Apartment,10,1714.22,"$530,962.64",Sold,C0327,01-06-2024,530962.64,309.74008
200100,20,06-01-2024,Apartment,14,837.37,"$235,518.96",Available,,01-06-2024,235518.96,281.260327
200110,20,06-01-2024,Apartment,14,837.37,"$243,435.57",Sold,C1799,01-06-2024,243435.57,290.7144631
200125,20,06-01-2024,Apartment,16,645.44,"$195,801.49",Sold,C1149,01-06-2024,195801.49,303.3612574
200131,20,06-01-2024,Office,16,645.44,"$154,432.32",Sold,C0178,01-06-2024,154432.32,239.2667328
200142,20,06-01-2024,Apartment,17,1089.33,"$295,842.21",Sold,C0570,01-06-2024,295842.21,271.5818072
200181,20,06-01-2024,Apartment,19,759.72,"$216,311.55",Sold,C0414,01-06-2024,216311.55,284.7253593
200190,20,06-01-2024,Apartment,20,1110.23,"$321,475.82",Sold,C0275,01-06-2024,321475.82,289.5578574
200253,20,06-01-2024,Apartment,30,1703.94,"$494,574.08",Sold,C1485,01-06-2024,494574.08,290.2532249
200274,20,06-01-2024,Office,31,1414.44,"$414,731.61",Sold,C1923,01-06-2024,414731.61,293.2125859
200290,20,06-01-2024,Apartment,32,1630.81,"$428,379.46",Sold,C0288,01-06-2024,428379.46,262.678951
200317,20,06-01-2024,Apartment,34,858.93,"$300,261.31",Sold,C1611,01-06-2024,300261.31,349.5759957
200335,20,06-01-2024,Office,37,632.35,"$174,310.03",Sold,C0298,01-06-2024,174310.03,275.6543528
200362,20,06-01-2024,Apartment,40,428.03,"$123,001.89",Sold,C0026,01-06-2024,123001.89,287.3674509
200393,20,06-01-2024,Office,43,1697.49,"$528,732.35",Sold,C1340,01-06-2024,528732.35,311.4789189
200414,20,06-01-2024,Apartment,47,590.12,"$210,741.61",Sold,C0450,01-06-2024,210741.61,357.1165356
200431,20,06-01-2024,Apartment,48,860.8,"$311,981.09",Available,,01-06-2024,311981.09,362.4315637
200434,20,06-01-2024,Office,49,880.76,"$245,529.59",Sold,C0880,01-06-2024,245529.59,278.7701417
200444,20,06-01-2024,Apartment,50,493.06,"$167,067.76",Sold,C0829,01-06-2024,167067.76,338.8385998
200472,20,06-01-2024,Office,54,589.61,"$208,719.36",Sold,C1210,01-06-2024,208719.36,353.9956242
990009,3,06-01-2024,Apartment,29,1121.95,"$388,656.81",Available,,01-06-2024,388656.81,346.4118811
990013,3,06-01-2024,Apartment,50,966.57,"$327,044.37",Available,,01-06-2024,327044.37,338.3555976
1026,1,07-01-2024,Apartment,26,625.8,"$179,674.08",Sold,C0036,01-07-2024,179674.08,287.1110259
2010,2,07-01-2024,Apartment,10,927.08,"$326,885.34",Sold,C0154,01-07-2024,326885.34,352.5966907
2013,2,07-01-2024,Apartment,13,785.48,"$236,639.56",Sold,C0015,01-07-2024,236639.56,301.2674543
2028,2,07-01-2024,Apartment,28,785.48,"$195,153.16",Sold,C0074,01-07-2024,195153.16,248.4508326
2039,2,07-01-2024,Apartment,39,927.83,"$293,876.27",Sold,C0070,01-07-2024,293876.27,316.7350377
2040,2,07-01-2024,Apartment,40,649.8,"$224,463.87",Sold,C0056,01-07-2024,224463.87,345.4353186
3016,3,07-01-2024,Apartment,16,697.89,"$226,342.80",Sold,C0064,01-07-2024,226342.8,324.3244637
3048,3,07-01-2024,Apartment,48,781.07,"$249,075.66",Sold,C0021,01-07-2024,249075.66,318.8903171
3050,3,07-01-2024,Apartment,50,977.87,"$248,274.31",Sold,C0098,01-07-2024,248274.31,253.8929612
4006,4,07-01-2024,Apartment,6,733.19,"$222,138.72",Sold,C0100,01-07-2024,222138.72,302.9756543
4044,4,07-01-2024,Apartment,44,1058.25,"$298,730.40",Available,,01-07-2024,298730.4,282.2871722
5010,5,07-01-2024,Apartment,10,798.5,"$276,323.87",Available,,01-07-2024,276323.87,346.0536882
5012,5,07-01-2024,Apartment,12,1058.25,"$315,382.11",Available,,01-07-2024,315382.11,298.0223104
10068,1,07-01-2024,Apartment,8,763.88,"$259,163.17",Sold,C0496,01-07-2024,259163.17,339.2720977
10081,1,07-01-2024,Apartment,10,1439.52,"$362,906.17",Sold,C0656,01-07-2024,362906.17,252.1022077
10094,1,07-01-2024,Apartment,13,719.47,"$235,654.58",Available,,01-07-2024,235654.58,327.539133
10104,1,07-01-2024,Apartment,13,719.47,"$216,874.97",Sold,C0003,01-07-2024,216874.97,301.4371273
10115,1,07-01-2024,Office,14,1181.69,"$339,559.01",Sold,C0264,01-07-2024,339559.01,287.3503288
10140,1,07-01-2024,Apartment,18,716.85,"$211,496.24",Available,,01-07-2024,211496.24,295.0355583
10146,1,07-01-2024,Apartment,19,773.17,"$244,639.52",Available,,01-07-2024,244639.52,316.4110351
10158,1,07-01-2024,Office,20,1146.24,"$415,205.70",Sold,C0688,01-07-2024,415205.7,362.2327785
10185,1,07-01-2024,Apartment,23,1201.5,"$379,037.15",Sold,C0973,01-07-2024,379037.15,315.4699542
10236,1,07-01-2024,Apartment,27,725.12,"$224,717.83",Available,,01-07-2024,224717.83,309.9043331
10253,1,07-01-2024,Apartment,29,757.2,"$241,550.17",Sold,C0785,01-07-2024,241550.17,319.0044506
10261,1,07-01-2024,Apartment,29,757.2,"$237,825.45",Sold,C1255,01-07-2024,237825.45,314.0853803
10269,1,07-01-2024,Apartment,29,757.2,"$206,227.96",Available,,01-07-2024,206227.96,272.3559958
10275,1,07-01-2024,Apartment,30,753.29,"$222,938.40",Available,,01-07-2024,222938.4,295.952953
10312,1,07-01-2024,Apartment,34,1469.14,"$486,885.55",Sold,C1236,01-07-2024,486885.55,331.4085451
10324,1,07-01-2024,Apartment,34,1469.14,"$394,315.88",Available,,01-07-2024,394315.88,268.3991179
10334,1,07-01-2024,Office,36,613.59,"$202,761.63",Available,,01-07-2024,202761.63,330.4513274
10372,1,07-01-2024,Apartment,41,835.25,"$232,493.29",Sold,C1722,01-07-2024,232493.29,278.351739
10373,1,07-01-2024,Apartment,41,835.25,"$255,581.25",Sold,C1659,01-07-2024,255581.25,305.9937145
10402,1,07-01-2024,Apartment,46,1153.16,"$369,366.53",Sold,C1706,01-07-2024,369366.53,320.3081359
20026,2,07-01-2024,Apartment,3,645.84,"$194,884.91",Available,,01-07-2024,194884.91,301.7541651
20035,2,07-01-2024,Apartment,4,1281.85,"$381,648.34",Sold,C0161,01-07-2024,381648.34,297.7324492
20069,2,07-01-2024,Apartment,8,715.54,"$214,048.77",Sold,C1832,01-07-2024,214048.77,299.1429829
20070,2,07-01-2024,Apartment,8,715.54,"$219,915.05",Sold,C1861,01-07-2024,219915.05,307.3413785
20145,2,07-01-2024,Apartment,17,1397.4,"$488,330.35",Sold,C1227,01-07-2024,488330.35,349.4563833
20152,2,07-01-2024,Office,17,1397.4,"$373,065.95",Sold,C0627,01-07-2024,373065.95,266.9714828
20181,2,07-01-2024,Office,21,921.38,"$295,651.21",Sold,C1164,01-07-2024,295651.21,320.8786928
20219,2,07-01-2024,Apartment,24,785.12,"$256,292.81",Sold,C0521,01-07-2024,256292.81,326.4377547
20222,2,07-01-2024,Apartment,24,785.12,"$172,726.40",Sold,C0690,01-07-2024,172726.4,220
20245,2,07-01-2024,Office,27,1211.51,"$456,993.38",Available,,01-07-2024,456993.38,377.2097465
20257,2,07-01-2024,Apartment,29,1107.33,"$370,056.74",Sold,C1973,01-07-2024,370056.74,334.1883088
20323,2,07-01-2024,Apartment,38,710.81,"$216,019.96",Available,,01-07-2024,216019.96,303.9067543
20329,2,07-01-2024,Apartment,40,1599.45,"$416,875.70",Available,,01-07-2024,416875.7,260.6369064
20333,2,07-01-2024,Apartment,41,654.93,"$183,414.03",Available,,01-07-2024,183414.03,280.051349
20381,2,07-01-2024,Apartment,45,782.2,"$247,393.67",Available,,01-07-2024,247393.67,316.279302
20390,2,07-01-2024,Apartment,46,697.74,"$234,099.62",Available,,01-07-2024,234099.62,335.5112506
20401,2,07-01-2024,Apartment,47,708.32,"$215,489.22",Sold,C0189,01-07-2024,215489.22,304.2258019
20409,2,07-01-2024,Apartment,47,708.32,"$190,628.71",Sold,C0302,01-07-2024,190628.71,269.1279506
20425,2,07-01-2024,Apartment,48,788.44,"$248,879.16",Sold,C0709,01-07-2024,248879.16,315.6602405
20435,2,07-01-2024,Apartment,50,1604.8,"$482,611.94",Sold,C0762,01-07-2024,482611.94,300.7302717
20452,2,07-01-2024,Apartment,52,914.01,"$306,211.14",Sold,C1767,01-07-2024,306211.14,335.0194637
20469,2,07-01-2024,Apartment,55,579.26,"$151,563.76",Available,,01-07-2024,151563.76,261.6506577
30025,3,07-01-2024,Apartment,3,783.65,"$258,208.58",Sold,C0966,01-07-2024,258208.58,329.4947745
30039,3,07-01-2024,Apartment,4,719.96,"$201,658.15",Available,,01-07-2024,201658.15,280.0963248
30049,3,07-01-2024,Apartment,5,701.19,"$206,156.81",Sold,C0436,01-07-2024,206156.81,294.0099117
30056,3,07-01-2024,Apartment,6,668.89,"$179,708.55",Sold,C1642,01-07-2024,179708.55,268.6668212
30065,3,07-01-2024,Apartment,7,744.01,"$198,828.90",Sold,C1934,01-07-2024,198828.9,267.2395532
30077,3,07-01-2024,Office,7,744.01,"$234,747.43",Available,,01-07-2024,234747.43,315.5164984
30104,3,07-01-2024,Office,10,784.09,"$250,532.99",Sold,C1195,01-07-2024,250532.99,319.5207055
30126,3,07-01-2024,Apartment,11,1283.1,"$358,984.53",Sold,C0164,01-07-2024,358984.53,279.7790741
30127,3,07-01-2024,Apartment,11,1283.1,"$378,831.08",Sold,C1980,01-07-2024,378831.08,295.2467306
30138,3,07-01-2024,Apartment,13,754.84,"$193,299.59",Sold,C1595,01-07-2024,193299.59,256.0802157
30139,3,07-01-2024,Apartment,14,788.59,"$256,682.24",Sold,C1804,01-07-2024,256682.24,325.4951749
30166,3,07-01-2024,Apartment,19,1602.22,"$432,831.31",Available,,01-07-2024,432831.31,270.1447429
30177,3,07-01-2024,Apartment,19,1602.22,"$507,717.69",Sold,C1426,01-07-2024,507717.69,316.8838799
30178,3,07-01-2024,Apartment,19,1602.22,"$496,177.31",Sold,C0531,01-07-2024,496177.31,309.6811362
30184,3,07-01-2024,Apartment,20,802.97,"$271,262.52",Available,,01-07-2024,271262.52,337.8239785
30222,3,07-01-2024,Apartment,25,765.56,"$272,121.79",Sold,C0847,01-07-2024,272121.79,355.4545561
30253,3,07-01-2024,Apartment,28,679.93,"$193,935.27",Available,,01-07-2024,193935.27,285.2282882
30267,3,07-01-2024,Apartment,29,666,"$198,116.83",Available,,01-07-2024,198116.83,297.4727177
30274,3,07-01-2024,Office,30,796.57,"$259,294.04",Sold,C1251,01-07-2024,259294.04,325.5131878
30292,3,07-01-2024,Office,35,925.48,"$248,550.43",Sold,C0948,01-07-2024,248550.43,268.5638047
30321,3,07-01-2024,Apartment,39,1598.95,"$490,055.89",Sold,C1866,01-07-2024,490055.89,306.4860627
30325,3,07-01-2024,Apartment,40,678.71,"$224,631.79",Available,,01-07-2024,224631.79,330.9687348
30342,3,07-01-2024,Apartment,41,965.5,"$265,655.87",Available,,01-07-2024,265655.87,275.148493
30346,3,07-01-2024,Apartment,42,1343.96,"$366,128.05",Sold,C1171,01-07-2024,366128.05,272.4248118
30413,3,07-01-2024,Apartment,49,1174.48,"$325,875.47",Sold,C1214,01-07-2024,325875.47,277.4636179
40001,4,07-01-2024,Apartment,1,1615.98,"$355,616.43",Sold,C0365,01-07-2024,355616.43,220.0623956
40019,4,07-01-2024,Apartment,2,1620.07,"$545,321.51",Sold,C0619,01-07-2024,545321.51,336.6036714
40058,4,07-01-2024,Apartment,5,786.98,"$215,529.32",Sold,C0736,01-07-2024,215529.32,273.8688658
40079,4,07-01-2024,Apartment,10,1614.62,"$425,616.30",Available,,01-07-2024,425616.3,263.6015285
40091,4,07-01-2024,Apartment,12,789.38,"$238,006.64",Sold,C0734,01-07-2024,238006.64,301.5108566
40094,4,07-01-2024,Apartment,12,789.38,"$200,730.58",Sold,C0800,01-07-2024,200730.58,254.2889103
40097,4,07-01-2024,Apartment,13,809.06,"$262,390.52",Sold,C1490,01-07-2024,262390.52,324.3152795
40105,4,07-01-2024,Apartment,13,809.06,"$253,352.93",Sold,C1321,01-07-2024,253352.93,313.1447977
40133,4,07-01-2024,Apartment,16,1128.21,"$316,684.59",Sold,C0443,01-07-2024,316684.59,280.6964927
40196,4,07-01-2024,Office,25,1310.16,"$339,954.47",Sold,C0236,01-07-2024,339954.47,259.4755373
40197,4,07-01-2024,Office,25,1310.16,"$350,245.12",Available,,01-07-2024,350245.12,267.330036
40208,4,07-01-2024,Apartment,26,790.05,"$250,354.33",Sold,C0824,01-07-2024,250354.33,316.8841592
40245,4,07-01-2024,Office,29,776.79,"$204,475.84",Available,,01-07-2024,204475.84,263.231813
40254,4,07-01-2024,Apartment,30,1307.35,"$355,625.67",Available,,01-07-2024,355625.67,272.0202471
40264,4,07-01-2024,Apartment,31,793.1,"$231,977.76",Sold,C1823,01-07-2024,231977.76,292.4949691
40296,4,07-01-2024,Apartment,34,795.1,"$227,714.14",Available,,01-07-2024,227714.14,286.3968557
40314,4,07-01-2024,Office,38,800.08,"$208,482.23",Sold,C1663,01-07-2024,208482.23,260.5767298
40323,4,07-01-2024,Apartment,39,743.73,"$248,555.18",Sold,C0206,01-07-2024,248555.18,334.2008256
40331,4,07-01-2024,Apartment,40,780.74,"$271,433.87",Sold,C0499,01-07-2024,271433.87,347.6623076
40333,4,07-01-2024,Apartment,40,780.74,"$215,409.32",Sold,C0089,01-07-2024,215409.32,275.9040398
40343,4,07-01-2024,Office,41,779.87,"$231,668.75",Sold,C0498,01-07-2024,231668.75,297.0607281
40382,4,07-01-2024,Office,45,1160.48,"$416,649.42",Sold,C1489,01-07-2024,416649.42,359.0319695
40430,4,07-01-2024,Apartment,50,791.37,"$241,453.85",Sold,C1299,01-07-2024,241453.85,305.1086723
40438,4,07-01-2024,Office,51,802.11,"$252,125.08",Available,,01-07-2024,252125.08,314.3273117
50008,5,07-01-2024,Apartment,2,795.91,"$264,187.44",Sold,C1347,01-07-2024,264187.44,331.9312988
50046,5,07-01-2024,Apartment,8,782.15,"$233,513.02",Sold,C0489,01-07-2024,233513.02,298.5527329
50057,5,07-01-2024,Apartment,9,793.56,"$222,487.81",Sold,C1984,01-07-2024,222487.81,280.3667146
50081,5,07-01-2024,Apartment,10,629.27,"$164,878.55",Sold,C0575,01-07-2024,164878.55,262.0155895
50103,5,07-01-2024,Apartment,13,791.13,"$208,238.77",Sold,C0905,01-07-2024,208238.77,263.2168797
50127,5,07-01-2024,Apartment,16,1060.08,"$294,198.85",Sold,C0606,01-07-2024,294198.85,277.5251396
50142,5,07-01-2024,Apartment,18,1267.03,"$376,343.67",Sold,C0742,01-07-2024,376343.67,297.0282235
50162,5,07-01-2024,Apartment,22,1059.78,"$284,157.87",Sold,C1186,01-07-2024,284157.87,268.1291117
50194,5,07-01-2024,Apartment,24,807.02,"$240,746.66",Sold,C1226,01-07-2024,240746.66,298.3156056
50202,5,07-01-2024,Apartment,26,1272.4,"$311,354.70",Sold,C1219,01-07-2024,311354.7,244.6987583
50236,5,07-01-2024,Apartment,32,1051.39,"$295,683.62",Available,,01-07-2024,295683.62,281.2311511
50242,5,07-01-2024,Apartment,32,1051.39,"$336,428.11",Available,,01-07-2024,336428.11,319.9841258
50253,5,07-01-2024,Apartment,33,1787.13,"$617,600.77",Sold,C1357,01-07-2024,617600.77,345.5824534
50284,5,07-01-2024,Apartment,36,627.56,"$180,595.55",Available,,01-07-2024,180595.55,287.7741571
50303,5,07-01-2024,Office,41,630.83,"$193,265.77",Sold,C0540,01-07-2024,193265.77,306.3674366
50319,5,07-01-2024,Office,41,630.83,"$161,161.39",Sold,C0126,01-07-2024,161161.39,255.4751518
50332,5,07-01-2024,Apartment,42,791.2,"$202,826.35",Available,,01-07-2024,202826.35,256.3528185
50350,5,07-01-2024,Office,44,806.03,"$240,471.14",Sold,C0199,01-07-2024,240471.14,298.3401858
50353,5,07-01-2024,Apartment,44,806.03,"$261,651.44",Sold,C0884,01-07-2024,261651.44,324.6174956
50376,5,07-01-2024,Apartment,46,1272.95,"$371,545.46",Sold,C1998,01-07-2024,371545.46,291.8774972
50394,5,07-01-2024,Apartment,46,1272.95,"$380,104.83",Available,,01-07-2024,380104.83,298.6015397
50433,5,07-01-2024,Apartment,50,1261.07,"$372,948.30",Sold,C1313,01-07-2024,372948.3,295.7395704
50435,5,07-01-2024,Apartment,50,1261.07,"$365,379.52",Sold,C0314,01-07-2024,365379.52,289.7376989
60002,6,07-01-2024,Office,1,1720.95,"$461,393.51",Sold,C1244,01-07-2024,461393.51,268.10396
60040,6,07-01-2024,Apartment,4,1925.28,"$669,506.11",Sold,C1726,01-07-2024,669506.11,347.7448008
60053,6,07-01-2024,Apartment,5,1617.43,"$440,596.22",Available,,01-07-2024,440596.22,272.4051242
60079,6,07-01-2024,Apartment,7,1075.42,"$332,193.90",Available,,01-07-2024,332193.9,308.8968961
60091,6,07-01-2024,Apartment,7,1075.42,"$358,882.77",Sold,C1791,01-07-2024,358882.77,333.7140559
60129,6,07-01-2024,Apartment,10,942.08,"$257,962.62",Available,,01-07-2024,257962.62,273.8224142
60197,6,07-01-2024,Apartment,19,1542.71,"$469,223.80",Sold,C0705,01-07-2024,469223.8,304.1555445
60225,6,07-01-2024,Apartment,20,1897.17,"$650,142.73",Sold,C0708,01-07-2024,650142.73,342.6908132
60235,6,07-01-2024,Office,23,1243.4,"$365,068.70",Available,,01-07-2024,365068.7,293.6051954
60237,6,07-01-2024,Apartment,23,1243.4,"$445,780.30",Available,,01-07-2024,445780.3,358.5172109
60268,6,07-01-2024,Apartment,29,1691.02,"$515,026.76",Sold,C1648,01-07-2024,515026.76,304.5657414
60270,6,07-01-2024,Apartment,29,1691.02,"$514,808.99",Available,,01-07-2024,514808.99,304.4369611
60272,6,07-01-2024,Apartment,29,1691.02,"$541,412.00",Sold,C0845,01-07-2024,541412,320.1688921
60345,6,07-01-2024,Apartment,39,744.54,"$232,653.03",Sold,C1430,01-07-2024,232653.03,312.4788863
60395,6,07-01-2024,Office,47,550.99,"$203,127.74",Sold,C0695,01-07-2024,203127.74,368.6595764
60397,6,07-01-2024,Apartment,47,550.99,"$179,671.47",Sold,C1494,01-07-2024,179671.47,326.0884408
60408,6,07-01-2024,Apartment,49,1167.52,"$421,157.07",Sold,C1752,01-07-2024,421157.07,360.7279276
60462,6,07-01-2024,Apartment,54,1633.19,"$510,205.42",Sold,C0792,01-07-2024,510205.42,312.3980798
70067,7,07-01-2024,Apartment,10,1495.37,"$498,981.90",Available,,01-07-2024,498981.9,333.684573
70084,7,07-01-2024,Apartment,12,804.65,"$264,096.57",Sold,C0674,01-07-2024,264096.57,328.2129746
70094,7,07-01-2024,Apartment,13,604.6,"$203,878.93",Sold,C1913,01-07-2024,203878.93,337.2129176
70132,7,07-01-2024,Apartment,16,1239.87,"$396,878.27",Sold,C1894,01-07-2024,396878.27,320.0966795
70141,7,07-01-2024,Apartment,17,1586.15,"$493,624.10",Available,,01-07-2024,493624.1,311.2089651
70145,7,07-01-2024,Apartment,18,703.28,"$192,481.38",Available,,01-07-2024,192481.38,273.6909623
70164,7,07-01-2024,Apartment,19,751.07,"$218,265.82",Available,,01-07-2024,218265.82,290.6064947
70170,7,07-01-2024,Apartment,19,751.07,"$200,514.16",Sold,C1039,01-07-2024,200514.16,266.9713342
70183,7,07-01-2024,Apartment,21,1528.62,"$512,614.55",Sold,C0956,01-07-2024,512614.55,335.3446573
70199,7,07-01-2024,Apartment,22,1914.21,"$562,089.63",Sold,C0431,01-07-2024,562089.63,293.6405253
70216,7,07-01-2024,Apartment,24,852.99,"$264,877.95",Available,,01-07-2024,264877.95,310.528787
70272,7,07-01-2024,Apartment,31,839.7,"$272,820.64",Sold,C0173,01-07-2024,272820.64,324.9025128
70273,7,07-01-2024,Apartment,31,839.7,"$218,532.24",Available,,01-07-2024,218532.24,260.2503751
70276,7,07-01-2024,Apartment,32,1910.67,"$530,153.48",Available,,01-07-2024,530153.48,277.4699346
70338,7,07-01-2024,Apartment,41,1093.92,"$347,137.85",Sold,C0480,01-07-2024,347137.85,317.3338544
70344,7,07-01-2024,Apartment,41,1093.92,"$370,591.50",Available,,01-07-2024,370591.5,338.7738591
70351,7,07-01-2024,Apartment,41,1093.92,"$335,850.00",Sold,C1474,01-07-2024,335850,307.0151382
70365,7,07-01-2024,Apartment,42,702.08,"$215,066.31",Sold,C0105,01-07-2024,215066.31,306.3273559
70409,7,07-01-2024,Apartment,48,533.35,"$156,509.03",Sold,C0518,01-07-2024,156509.03,293.4452611
70430,7,07-01-2024,Apartment,50,502.02,"$144,890.28",Sold,C0161,01-07-2024,144890.28,288.6145572
70432,7,07-01-2024,Apartment,50,502.02,"$156,463.31",Sold,C0037,01-07-2024,156463.31,311.6674834
70433,7,07-01-2024,Office,50,502.02,"$169,868.29",Sold,C1826,01-07-2024,169868.29,338.3695669
70440,7,07-01-2024,Apartment,52,1281.14,"$281,850.80",Sold,C0124,01-07-2024,281850.8,220
70460,7,07-01-2024,Apartment,54,1940.69,"$600,921.42",Available,,01-07-2024,600921.42,309.6431785
70462,7,07-01-2024,Office,54,1940.69,"$464,389.02",Sold,C0538,01-07-2024,464389.02,239.290675
80009,8,07-01-2024,Apartment,1,1109.29,"$290,541.12",Available,,01-07-2024,290541.12,261.9162888
80033,8,07-01-2024,Apartment,4,1934.75,"$459,483.42",Available,,01-07-2024,459483.42,237.4898152
80065,8,07-01-2024,Office,7,1352.74,"$411,818.69",Sold,C1164,01-07-2024,411818.69,304.4329953
80070,8,07-01-2024,Apartment,8,1552.34,"$415,410.47",Sold,C0422,01-07-2024,415410.47,267.602761
80123,8,07-01-2024,Apartment,14,685.93,"$204,725.07",Sold,C0823,01-07-2024,204725.07,298.4635021
80139,8,07-01-2024,Apartment,16,424.09,"$141,182.27",Available,,01-07-2024,141182.27,332.9063878
80142,8,07-01-2024,Apartment,17,1109.27,"$331,593.61",Sold,C0407,01-07-2024,331593.61,298.9295753
80159,8,07-01-2024,Apartment,20,774.16,"$245,421.65",Sold,C0415,01-07-2024,245421.65,317.016702
80236,8,07-01-2024,Apartment,30,1070.46,"$294,652.79",Sold,C1987,01-07-2024,294652.79,275.258104
80296,8,07-01-2024,Office,34,1684.75,"$639,701.59",Available,,01-07-2024,639701.59,379.701196
80310,8,07-01-2024,Apartment,36,673.86,"$212,206.92",Sold,C0189,01-07-2024,212206.92,314.9124744
80325,8,07-01-2024,Apartment,37,890.65,"$282,558.57",Available,,01-07-2024,282558.57,317.24984
80328,8,07-01-2024,Apartment,37,890.65,"$269,637.90",Sold,C0047,01-07-2024,269637.9,302.7428283
80348,8,07-01-2024,Apartment,39,1290.89,"$398,487.78",Sold,C1456,01-07-2024,398487.78,308.6922821
80349,8,07-01-2024,Apartment,40,861.57,"$282,263.83",Sold,C0315,01-07-2024,282263.83,327.6156667
80354,8,07-01-2024,Office,42,1473.68,"$468,216.98",Available,,01-07-2024,468216.98,317.7195728
80367,8,07-01-2024,Apartment,44,1862.29,"$537,998.71",Sold,C0107,01-07-2024,537998.71,288.8909407
80376,8,07-01-2024,Apartment,45,1185.72,"$378,841.41",Available,,01-07-2024,378841.41,319.5032638
80390,8,07-01-2024,Apartment,46,1175.51,"$352,357.82",Sold,C1691,01-07-2024,352357.82,299.748892
80405,8,07-01-2024,Apartment,47,543.08,"$156,998.87",Available,,01-07-2024,156998.87,289.0897658
80436,8,07-01-2024,Apartment,50,913.15,"$252,431.30",Available,,01-07-2024,252431.3,276.4401248
80449,8,07-01-2024,Apartment,53,1891.72,"$573,332.74",Sold,C1480,01-07-2024,573332.74,303.0748419
80493,8,07-01-2024,Apartment,57,1949.35,"$639,189.99",Available,,01-07-2024,639189.99,327.8990381
90004,9,07-01-2024,Apartment,1,832.35,"$240,059.83",Sold,C0182,01-07-2024,240059.83,288.4121223
90010,9,07-01-2024,Apartment,1,832.35,"$274,831.74",Sold,C1758,01-07-2024,274831.74,330.1877095
90015,9,07-01-2024,Apartment,2,481.55,"$154,698.56",Available,,01-07-2024,154698.56,321.2512927
90043,9,07-01-2024,Office,8,1315.55,"$411,125.74",Sold,C1983,01-07-2024,411125.74,312.5124397
90056,9,07-01-2024,Office,10,1172.34,"$417,344.04",Sold,C0409,01-07-2024,417344.04,355.992323
90057,9,07-01-2024,Apartment,10,1172.34,"$343,188.25",Available,,01-07-2024,343188.25,292.737815
90074,9,07-01-2024,Apartment,12,952.38,"$254,270.21",Sold,C0005,01-07-2024,254270.21,266.9839875
90084,9,07-01-2024,Apartment,13,929.96,"$253,175.03",Available,,01-07-2024,253175.03,272.2429244
90104,9,07-01-2024,Apartment,16,924.6,"$304,774.35",Sold,C0488,01-07-2024,304774.35,329.6283258
90113,9,07-01-2024,Apartment,17,1481.32,"$448,450.76",Sold,C0139,01-07-2024,448450.76,302.7372614
90114,9,07-01-2024,Office,17,1481.32,"$404,286.98",Sold,C1693,01-07-2024,404286.98,272.9234602
90124,9,07-01-2024,Apartment,18,860.97,"$224,938.19",Sold,C0987,01-07-2024,224938.19,261.2613564
90169,9,07-01-2024,Apartment,26,1038.39,"$340,657.87",Available,,01-07-2024,340657.87,328.0635118
90196,9,07-01-2024,Apartment,29,1426.22,"$450,990.59",Available,,01-07-2024,450990.59,316.2139011
90221,9,07-01-2024,Apartment,33,973.52,"$278,475.29",Sold,C1129,01-07-2024,278475.29,286.0498911
90236,9,07-01-2024,Apartment,33,973.52,"$263,309.05",Sold,C1337,01-07-2024,263309.05,270.4711254
90250,9,07-01-2024,Apartment,34,1577.36,"$447,049.48",Sold,C0544,01-07-2024,447049.48,283.4162652
90298,9,07-01-2024,Apartment,37,731.44,"$247,204.79",Sold,C1017,01-07-2024,247204.79,337.970018
90303,9,07-01-2024,Apartment,38,1260.31,"$388,613.55",Sold,C1185,01-07-2024,388613.55,308.3475891
90323,9,07-01-2024,Apartment,39,1839.34,"$580,803.68",Available,,01-07-2024,580803.68,315.7674383
90325,9,07-01-2024,Apartment,39,1839.34,"$490,058.21",Sold,C1885,01-07-2024,490058.21,266.4315515
90340,9,07-01-2024,Apartment,40,1090.32,"$311,714.97",Sold,C1783,01-07-2024,311714.97,285.8931048
90342,9,07-01-2024,Apartment,40,1090.32,"$316,830.55",Sold,C0904,01-07-2024,316830.55,290.58492
90423,9,07-01-2024,Apartment,53,599.72,"$160,112.49",Sold,C1262,01-07-2024,160112.49,266.9787401
90439,9,07-01-2024,Apartment,56,1516.4,"$429,206.12",Sold,C1577,01-07-2024,429206.12,283.0428119
90452,9,07-01-2024,Apartment,56,1516.4,"$469,349.57",Available,,01-07-2024,469349.57,309.5156753
90484,9,07-01-2024,Apartment,58,838.34,"$298,489.15",Sold,C1228,01-07-2024,298489.15,356.0478445
90491,9,07-01-2024,Apartment,58,838.34,"$262,057.47",Sold,C1454,01-07-2024,262057.47,312.5909178
90500,9,07-01-2024,Apartment,58,838.34,"$248,810.04",Sold,C1372,01-07-2024,248810.04,296.78894
90508,9,07-01-2024,Apartment,58,838.34,"$240,363.51",Available,,01-07-2024,240363.51,286.7136365
90516,9,07-01-2024,Apartment,59,1697.13,"$540,584.92",Sold,C1107,01-07-2024,540584.92,318.5288811
90521,9,07-01-2024,Apartment,59,1697.13,"$540,051.95",Sold,C1911,01-07-2024,540051.95,318.2148392
100011,10,07-01-2024,Office,3,1197.61,"$341,197.28",Sold,C1655,01-07-2024,341197.28,284.8984895
100015,10,07-01-2024,Apartment,4,1765.37,"$557,575.88",Available,,01-07-2024,557575.88,315.8408039
100021,10,07-01-2024,Office,4,1765.37,"$594,018.07",Sold,C0449,01-07-2024,594018.07,336.4836097
100058,10,07-01-2024,Office,6,842.66,"$280,069.05",Sold,C0528,01-07-2024,280069.05,332.3630527
100080,10,07-01-2024,Apartment,10,1196.84,"$339,509.37",Available,,01-07-2024,339509.37,283.6714766
100102,10,07-01-2024,Apartment,13,876.79,"$247,809.36",Sold,C0060,01-07-2024,247809.36,282.6325118
100103,10,07-01-2024,Apartment,13,876.79,"$265,237.37",Sold,C0118,01-07-2024,265237.37,302.5095747
100112,10,07-01-2024,Apartment,15,1948.32,"$590,971.72",Sold,C0075,01-07-2024,590971.72,303.3237456
100135,10,07-01-2024,Apartment,17,647.35,"$200,717.88",Sold,C1689,01-07-2024,200717.88,310.0608326
100137,10,07-01-2024,Apartment,17,647.35,"$185,076.88",Available,,01-07-2024,185076.88,285.8992508
100160,10,07-01-2024,Apartment,20,1264.43,"$404,233.41",Available,,01-07-2024,404233.41,319.6961556
100192,10,07-01-2024,Apartment,26,1294.85,"$390,975.34",Sold,C1685,01-07-2024,390975.34,301.9464339
100194,10,07-01-2024,Apartment,26,1294.85,"$446,270.99",Available,,01-07-2024,446270.99,344.650724
100239,10,07-01-2024,Apartment,29,486.78,"$133,442.26",Sold,C1353,01-07-2024,133442.26,274.1325856
100258,10,07-01-2024,Apartment,31,1499,"$480,689.01",Available,,01-07-2024,480689.01,320.6731221
100259,10,07-01-2024,Apartment,31,1499,"$440,625.12",Sold,C1126,01-07-2024,440625.12,293.946044
100270,10,07-01-2024,Apartment,31,1499,"$539,319.21",Sold,C0194,01-07-2024,539319.21,359.7859973
100274,10,07-01-2024,Apartment,31,1499,"$442,539.26",Sold,C0922,01-07-2024,442539.26,295.2229887
100281,10,07-01-2024,Apartment,33,1010.7,"$317,118.28",Sold,C1646,01-07-2024,317118.28,313.7610369
100295,10,07-01-2024,Apartment,34,1435.44,"$456,005.52",Sold,C1789,01-07-2024,456005.52,317.6764755
100315,10,07-01-2024,Office,37,1177.85,"$392,024.60",Sold,C1296,01-07-2024,392024.6,332.830666
100350,10,07-01-2024,Apartment,42,1757.51,"$542,629.73",Available,,01-07-2024,542629.73,308.7491565
100378,10,07-01-2024,Office,44,1224.71,"$313,612.06",Sold,C1349,01-07-2024,313612.06,256.0704657
100389,10,07-01-2024,Office,45,1119.1,"$359,492.59",Sold,C0965,01-07-2024,359492.59,321.233661
100431,10,07-01-2024,Office,50,1138.32,"$410,549.30",Sold,C0029,01-07-2024,410549.3,360.6624675
110015,11,07-01-2024,Apartment,2,938,"$292,903.12",Sold,C0048,01-07-2024,292903.12,312.2634542
110064,11,07-01-2024,Apartment,8,1001.41,"$328,405.23",Sold,C0137,01-07-2024,328405.23,327.9428306
110069,11,07-01-2024,Apartment,8,1001.41,"$294,707.51",Sold,C1116,01-07-2024,294707.51,294.2925575
110074,11,07-01-2024,Apartment,8,1001.41,"$315,005.02",Sold,C1054,01-07-2024,315005.02,314.5614883
110076,11,07-01-2024,Apartment,9,904.49,"$288,226.70",Sold,C1007,01-07-2024,288226.7,318.662119
110127,11,07-01-2024,Apartment,14,524.68,"$152,470.27",Sold,C1588,01-07-2024,152470.27,290.5966875
110135,11,07-01-2024,Apartment,14,524.68,"$145,565.84",Sold,C1755,01-07-2024,145565.84,277.4373714
110149,11,07-01-2024,Apartment,15,1385.68,"$464,805.57",Available,,01-07-2024,464805.57,335.4349994
110175,11,07-01-2024,Apartment,19,1083.98,"$312,370.43",Sold,C0846,01-07-2024,312370.43,288.1699201
110197,11,07-01-2024,Apartment,23,1098.83,"$304,533.78",Sold,C1959,01-07-2024,304533.78,277.143671
110206,11,07-01-2024,Apartment,24,1481.82,"$447,905.13",Sold,C0920,01-07-2024,447905.13,302.2668948
110215,11,07-01-2024,Apartment,26,490.37,"$146,985.56",Available,,01-07-2024,146985.56,299.7441932
110220,11,07-01-2024,Apartment,27,1638.1,"$491,968.22",Available,,01-07-2024,491968.22,300.3285636
110248,11,07-01-2024,Apartment,30,642.72,"$188,918.69",Available,,01-07-2024,188918.69,293.9362242
110307,11,07-01-2024,Apartment,38,788.47,"$231,425.47",Sold,C0167,01-07-2024,231425.47,293.5120804
110314,11,07-01-2024,Apartment,38,788.47,"$292,783.10",Sold,C0655,01-07-2024,292783.1,371.3306784
110327,11,07-01-2024,Apartment,39,1816.63,"$542,356.68",Sold,C1276,01-07-2024,542356.68,298.5509873
110356,11,07-01-2024,Apartment,42,808.59,"$241,981.51",Available,,01-07-2024,241981.51,299.2635452
110363,11,07-01-2024,Office,43,810.65,"$247,337.51",Available,,01-07-2024,247337.51,305.1101092
110417,11,07-01-2024,Office,49,1095.85,"$290,170.99",Sold,C1432,01-07-2024,290170.99,264.7907925
110433,11,07-01-2024,Apartment,51,1318.98,"$394,037.08",Sold,C0703,01-07-2024,394037.08,298.7437869
110448,11,07-01-2024,Apartment,52,1397.58,"$410,950.81",Sold,C0423,01-07-2024,410950.81,294.0445699
110486,11,07-01-2024,Office,57,1008.58,"$364,600.40",Sold,C1710,01-07-2024,364600.4,361.4987408
110495,11,07-01-2024,Apartment,58,1159.31,"$307,063.74",Sold,C0548,01-07-2024,307063.74,264.8676713
110498,11,07-01-2024,Apartment,59,782.92,"$250,827.86",Sold,C0403,01-07-2024,250827.86,320.3748276
110540,11,07-01-2024,Apartment,62,1938.82,"$661,095.49",Sold,C0885,01-07-2024,661095.49,340.9782703
110557,11,07-01-2024,Apartment,65,1427.09,"$386,439.95",Sold,C0148,01-07-2024,386439.95,270.788773
120061,12,07-01-2024,Apartment,7,1179.99,"$324,417.75",Available,,01-07-2024,324417.75,274.9326265
120063,12,07-01-2024,Apartment,8,1803.36,"$504,262.01",Sold,C0833,01-07-2024,504262.01,279.6235971
120065,12,07-01-2024,Apartment,8,1803.36,"$458,523.67",Available,,01-07-2024,458523.67,254.2607522
120074,12,07-01-2024,Apartment,8,1803.36,"$509,389.85",Available,,01-07-2024,509389.85,282.4670892
120087,12,07-01-2024,Apartment,11,1348.81,"$407,336.90",Sold,C1796,01-07-2024,407336.9,301.997242
120091,12,07-01-2024,Office,12,959.05,"$294,502.81",Available,,01-07-2024,294502.81,307.0776393
120104,12,07-01-2024,Apartment,13,1394.03,"$488,077.62",Sold,C0059,01-07-2024,488077.62,350.1198826
120106,12,07-01-2024,Apartment,13,1394.03,"$428,998.23",Available,,01-07-2024,428998.23,307.7395967
120119,12,07-01-2024,Apartment,14,1369.96,"$411,210.31",Sold,C0933,01-07-2024,411210.31,300.1622748
120122,12,07-01-2024,Apartment,14,1369.96,"$467,818.66",Sold,C0779,01-07-2024,467818.66,341.4834448
120159,12,07-01-2024,Apartment,18,1702.66,"$567,781.40",Sold,C1388,01-07-2024,567781.4,333.4672806
120183,12,07-01-2024,Apartment,20,1802.21,"$514,479.75",Sold,C1250,01-07-2024,514479.75,285.4715877
120215,12,07-01-2024,Apartment,24,1306.75,"$404,553.77",Sold,C1078,01-07-2024,404553.77,309.5877329
120243,12,07-01-2024,Apartment,26,557.9,"$167,180.02",Sold,C0459,01-07-2024,167180.02,299.659473
120276,12,07-01-2024,Office,30,622.2,"$182,644.63",Sold,C0835,01-07-2024,182644.63,293.5464963
120288,12,07-01-2024,Apartment,33,1232.2,"$373,786.79",Sold,C0171,01-07-2024,373786.79,303.3491235
120298,12,07-01-2024,Apartment,33,1232.2,"$416,143.54",Sold,C0398,01-07-2024,416143.54,337.7240221
120309,12,07-01-2024,Apartment,34,1817.64,"$543,784.77",Available,,01-07-2024,543784.77,299.1707764
120312,12,07-01-2024,Apartment,34,1817.64,"$547,275.83",Available,,01-07-2024,547275.83,301.0914317
120318,12,07-01-2024,Apartment,35,1690.62,"$536,339.30",Sold,C1613,01-07-2024,536339.3,317.2441471
120349,12,07-01-2024,Apartment,38,1157.23,"$303,689.38",Available,,01-07-2024,303689.38,262.4278493
120379,12,07-01-2024,Apartment,41,938.23,"$308,266.76",Sold,C1711,01-07-2024,308266.76,328.562037
120391,12,07-01-2024,Apartment,45,1898.75,"$578,903.12",Sold,C1391,01-07-2024,578903.12,304.8864358
120400,12,07-01-2024,Apartment,47,1528.05,"$459,689.25",Sold,C0959,01-07-2024,459689.25,300.833906
120410,12,07-01-2024,Apartment,47,1528.05,"$458,559.81",Sold,C1477,01-07-2024,458559.81,300.0947678
120413,12,07-01-2024,Apartment,48,1919.31,"$573,864.12",Available,,01-07-2024,573864.12,298.9950138
130007,13,07-01-2024,Apartment,1,1899.92,"$523,557.94",Available,,01-07-2024,523557.94,275.5684134
130026,13,07-01-2024,Apartment,2,1651.02,"$502,850.13",Available,,01-07-2024,502850.13,304.5693753
130032,13,07-01-2024,Apartment,2,1651.02,"$517,417.70",Sold,C1460,01-07-2024,517417.7,313.3927511
130084,13,07-01-2024,Apartment,10,1314.38,"$443,598.83",Available,,01-07-2024,443598.83,337.4966372
130152,13,07-01-2024,Apartment,17,1278.95,"$339,994.36",Sold,C0442,01-07-2024,339994.36,265.8386645
130174,13,07-01-2024,Office,20,516.72,"$161,535.12",Available,,01-07-2024,161535.12,312.6163493
130187,13,07-01-2024,Office,20,516.72,"$192,246.55",Sold,C1795,01-07-2024,192246.55,372.0516914
130202,13,07-01-2024,Apartment,23,882.35,"$241,711.66",Available,,01-07-2024,241711.66,273.9407945
130235,13,07-01-2024,Apartment,28,1173.72,"$366,660.34",Available,,01-07-2024,366660.34,312.3916607
130265,13,07-01-2024,Apartment,31,627.57,"$177,086.90",Available,,01-07-2024,177086.9,282.1787211
130285,13,07-01-2024,Apartment,32,1114.07,"$324,092.48",Sold,C1838,01-07-2024,324092.48,290.9085426
130287,13,07-01-2024,Office,32,1114.07,"$376,982.89",Sold,C0161,01-07-2024,376982.89,338.3834858
130303,13,07-01-2024,Office,33,1445.84,"$396,320.37",Available,,01-07-2024,396320.37,274.1108076
130322,13,07-01-2024,Office,36,1061.26,"$319,634.34",Sold,C0116,01-07-2024,319634.34,301.1838192
130334,13,07-01-2024,Apartment,37,1555.67,"$540,337.18",Sold,C0021,01-07-2024,540337.18,347.3340619
130346,13,07-01-2024,Office,38,656.42,"$172,732.59",Available,,01-07-2024,172732.59,263.143399
130355,13,07-01-2024,Apartment,39,1054.77,"$333,335.63",Sold,C0367,01-07-2024,333335.63,316.02684
130356,13,07-01-2024,Apartment,39,1054.77,"$297,137.03",Sold,C0155,01-07-2024,297137.03,281.7078889
130363,13,07-01-2024,Apartment,40,571.5,"$146,624.11",Sold,C0151,01-07-2024,146624.11,256.5601225
130366,13,07-01-2024,Apartment,40,571.5,"$157,697.13",Sold,C0040,01-07-2024,157697.13,275.9354856
130371,13,07-01-2024,Apartment,41,1168.7,"$351,482.71",Sold,C1594,01-07-2024,351482.71,300.7467357
130396,13,07-01-2024,Apartment,44,470.06,"$122,529.33",Available,,01-07-2024,122529.33,260.6674254
130420,13,07-01-2024,Apartment,47,1874.35,"$574,750.15",Sold,C0319,01-07-2024,574750.15,306.6397151
130424,13,07-01-2024,Apartment,47,1874.35,"$599,735.43",Sold,C0433,01-07-2024,599735.43,319.9698189
130453,13,07-01-2024,Apartment,51,1253.03,"$409,716.46",Sold,C1254,01-07-2024,409716.46,326.9805671
130464,13,07-01-2024,Apartment,53,968.77,"$277,313.63",Sold,C1042,01-07-2024,277313.63,286.2533212
130491,13,07-01-2024,Apartment,57,1717.49,"$553,202.56",Sold,C0255,01-07-2024,553202.56,322.0994358
130510,13,07-01-2024,Apartment,59,1434.04,"$466,896.33",Sold,C0539,01-07-2024,466896.33,325.5811065
130543,13,07-01-2024,Apartment,63,1623.8,"$522,871.62",Available,,01-07-2024,522871.62,322.004939
130549,13,07-01-2024,Apartment,63,1623.8,"$558,406.39",Sold,C1359,01-07-2024,558406.39,343.8886501
130554,13,07-01-2024,Apartment,64,792.66,"$236,127.27",Available,,01-07-2024,236127.27,297.8922489
130567,13,07-01-2024,Apartment,67,524.97,"$177,305.61",Sold,C1555,01-07-2024,177305.61,337.7442711
130582,13,07-01-2024,Apartment,67,524.97,"$157,671.38",Sold,C0682,01-07-2024,157671.38,300.3436006
140006,14,07-01-2024,Office,2,922.7,"$254,776.77",Sold,C0514,01-07-2024,254776.77,276.1209169
140029,14,07-01-2024,Apartment,5,424.34,"$137,345.87",Sold,C0268,01-07-2024,137345.87,323.6693925
140046,14,07-01-2024,Apartment,7,641.37,"$186,621.79",Available,,01-07-2024,186621.79,290.9736813
140071,14,07-01-2024,Apartment,9,803.5,"$228,660.27",Sold,C1395,01-07-2024,228660.27,284.5802987
140074,14,07-01-2024,Apartment,9,803.5,"$229,900.05",Sold,C1235,01-07-2024,229900.05,286.1232732
140106,14,07-01-2024,Apartment,12,459.44,"$138,735.20",Sold,C0762,01-07-2024,138735.2,301.9658715
140108,14,07-01-2024,Apartment,12,459.44,"$145,299.39",Sold,C1456,01-07-2024,145299.39,316.2532431
140127,14,07-01-2024,Apartment,13,442.74,"$127,404.10",Available,,01-07-2024,127404.1,287.7627953
140137,14,07-01-2024,Office,15,784.04,"$230,382.24",Sold,C1448,01-07-2024,230382.24,293.8399061
140144,14,07-01-2024,Apartment,15,784.04,"$247,670.78",Available,,01-07-2024,247670.78,315.8904903
140155,14,07-01-2024,Apartment,16,915.37,"$259,971.99",Sold,C0914,01-07-2024,259971.99,284.0075489
140165,14,07-01-2024,Office,17,686.6,"$252,539.96",Sold,C1687,01-07-2024,252539.96,367.8123507
140174,14,07-01-2024,Apartment,18,500.17,"$123,583.21",Sold,C0890,01-07-2024,123583.21,247.082412
140177,14,07-01-2024,Apartment,18,500.17,"$170,526.78",Sold,C1592,01-07-2024,170526.78,340.9376412
140186,14,07-01-2024,Apartment,21,1560.87,"$370,802.58",Sold,C0788,01-07-2024,370802.58,237.5614753
140204,14,07-01-2024,Apartment,22,1148.66,"$371,392.04",Sold,C0023,01-07-2024,371392.04,323.3263455
140246,14,07-01-2024,Apartment,28,486.35,"$147,025.21",Sold,C0581,01-07-2024,147025.21,302.3033001
140251,14,07-01-2024,Office,29,1618.34,"$521,382.10",Sold,C0630,01-07-2024,521382.1,322.1709282
140268,14,07-01-2024,Apartment,29,1618.34,"$468,922.65",Sold,C1173,01-07-2024,468922.65,289.7553357
140273,14,07-01-2024,Apartment,30,1746.48,"$497,116.96",Sold,C1590,01-07-2024,497116.96,284.639366
140292,14,07-01-2024,Apartment,33,1894.96,"$548,558.56",Sold,C1175,01-07-2024,548558.56,289.4829231
140293,14,07-01-2024,Apartment,33,1894.96,"$520,074.64",Sold,C1062,01-07-2024,520074.64,274.4515135
140305,14,07-01-2024,Apartment,35,1152.84,"$387,012.23",Sold,C1740,01-07-2024,387012.23,335.7033326
140325,14,07-01-2024,Apartment,38,1170.11,"$345,923.44",Sold,C1485,01-07-2024,345923.44,295.6332652
140335,14,07-01-2024,Apartment,40,532.44,"$163,904.14",Available,,01-07-2024,163904.14,307.8358876
140344,14,07-01-2024,Apartment,41,543.61,"$154,091.71",Sold,C1741,01-07-2024,154091.71,283.4600357
140352,14,07-01-2024,Apartment,43,520.49,"$145,055.82",Sold,C1044,01-07-2024,145055.82,278.6908874
140358,14,07-01-2024,Office,43,520.49,"$170,872.82",Sold,C0987,01-07-2024,170872.82,328.2922246
140394,14,07-01-2024,Apartment,47,917.53,"$258,518.28",Sold,C0197,01-07-2024,258518.28,281.7545802
140395,14,07-01-2024,Office,47,917.53,"$252,713.76",Sold,C0466,01-07-2024,252713.76,275.4283348
140399,14,07-01-2024,Apartment,48,1941.78,"$497,893.52",Sold,C0243,01-07-2024,497893.52,256.4108807
140454,14,07-01-2024,Office,53,1493.72,"$450,023.59",Available,,01-07-2024,450023.59,301.2770733
140459,14,07-01-2024,Apartment,55,1415.9,"$493,593.22",Available,,01-07-2024,493593.22,348.6074017
140463,14,07-01-2024,Apartment,55,1415.9,"$370,665.44",Available,,01-07-2024,370665.44,261.7878664
140475,14,07-01-2024,Apartment,55,1415.9,"$425,691.80",Sold,C1361,01-07-2024,425691.8,300.6510347
150030,15,07-01-2024,Apartment,4,1110.88,"$322,354.35",Available,,01-07-2024,322354.35,290.1792723
150128,15,07-01-2024,Apartment,17,562.64,"$190,102.41",Sold,C1554,01-07-2024,190102.41,337.8757465
150150,15,07-01-2024,Apartment,18,567.74,"$189,284.34",Sold,C1268,01-07-2024,189284.34,333.39969
150157,15,07-01-2024,Apartment,20,1662.01,"$557,939.40",Sold,C1012,01-07-2024,557939.4,335.7015902
150173,15,07-01-2024,Apartment,22,1317.29,"$357,942.90",Sold,C0964,01-07-2024,357942.9,271.7267268
150180,15,07-01-2024,Office,23,1279.23,"$447,987.69",Available,,01-07-2024,447987.69,350.2010506
150252,15,07-01-2024,Apartment,30,1523.22,"$491,938.80",Sold,C0513,01-07-2024,491938.8,322.9597826
150256,15,07-01-2024,Office,30,1523.22,"$485,590.73",Sold,C0190,01-07-2024,485590.73,318.7922493
150262,15,07-01-2024,Apartment,30,1523.22,"$377,450.49",Available,,01-07-2024,377450.49,247.7977508
150279,15,07-01-2024,Apartment,34,1304.22,"$439,700.17",Available,,01-07-2024,439700.17,337.136503
150300,15,07-01-2024,Office,35,745.49,"$218,602.71",Sold,C0097,01-07-2024,218602.71,293.2335913
150302,15,07-01-2024,Apartment,35,745.49,"$254,110.40",Sold,C0838,01-07-2024,254110.4,340.8635931
150336,15,07-01-2024,Apartment,39,1713.42,"$483,241.64",Sold,C0443,01-07-2024,483241.64,282.0333835
150354,15,07-01-2024,Apartment,43,1655.05,"$508,753.30",Sold,C0822,01-07-2024,508753.3,307.3945198
150361,15,07-01-2024,Apartment,44,1713.09,"$501,574.06",Sold,C0350,01-07-2024,501574.06,292.7890887
150387,15,07-01-2024,Office,49,460.17,"$130,666.74",Sold,C1231,01-07-2024,130666.74,283.9531912
150435,15,07-01-2024,Apartment,54,1495.13,"$330,239.65",Sold,C1621,01-07-2024,330239.65,220.8768803
150442,15,07-01-2024,Apartment,55,892.75,"$283,367.29",Sold,C0384,01-07-2024,283367.29,317.4094539
150453,15,07-01-2024,Apartment,55,892.75,"$301,756.77",Available,,01-07-2024,301756.77,338.0081434
150462,15,07-01-2024,Apartment,56,939.93,"$263,394.17",Available,,01-07-2024,263394.17,280.2274318
150466,15,07-01-2024,Apartment,56,939.93,"$297,518.31",Sold,C0096,01-07-2024,297518.31,316.532412
150503,15,07-01-2024,Apartment,60,1033.2,"$331,613.25",Sold,C0600,01-07-2024,331613.25,320.9574623
150505,15,07-01-2024,Apartment,60,1033.2,"$317,869.59",Sold,C1663,01-07-2024,317869.59,307.6554297
160013,16,07-01-2024,Apartment,2,1388.75,"$406,095.59",Sold,C1735,01-07-2024,406095.59,292.4180666
160019,16,07-01-2024,Apartment,3,466.91,"$124,643.03",Sold,C0251,01-07-2024,124643.03,266.9530102
160020,16,07-01-2024,Apartment,3,466.91,"$153,928.17",Available,,01-07-2024,153928.17,329.674177
160021,16,07-01-2024,Apartment,4,1561.55,"$545,582.64",Sold,C0342,01-07-2024,545582.64,349.3853159
160034,16,07-01-2024,Apartment,5,749.15,"$223,589.36",Sold,C0323,01-07-2024,223589.36,298.4573984
160050,16,07-01-2024,Apartment,6,1062.34,"$377,317.05",Sold,C0358,01-07-2024,377317.05,355.1754147
160091,16,07-01-2024,Apartment,10,1608.56,"$507,543.33",Sold,C0184,01-07-2024,507543.33,315.5265144
160102,16,07-01-2024,Apartment,11,1288.42,"$361,857.17",Sold,C1301,01-07-2024,361857.17,280.8534251
160118,16,07-01-2024,Apartment,12,549.98,"$167,127.37",Sold,C0440,01-07-2024,167127.37,303.8789956
160148,16,07-01-2024,Apartment,18,1432.77,"$439,792.36",Sold,C0489,01-07-2024,439792.36,306.9525185
160163,16,07-01-2024,Apartment,21,837.95,"$214,050.49",Sold,C1349,01-07-2024,214050.49,255.4454204
160165,16,07-01-2024,Office,21,837.95,"$291,601.39",Sold,C0213,01-07-2024,291601.39,347.9937824
160207,16,07-01-2024,Office,26,1458.08,"$470,123.96",Sold,C0735,01-07-2024,470123.96,322.4267256
160208,16,07-01-2024,Apartment,26,1458.08,"$420,929.08",Sold,C1716,01-07-2024,420929.08,288.6872325
160219,16,07-01-2024,Apartment,27,1164.55,"$395,393.94",Sold,C0388,01-07-2024,395393.94,339.5250869
160236,16,07-01-2024,Apartment,28,1440.71,"$453,519.83",Sold,C0274,01-07-2024,453519.83,314.7891179
160296,16,07-01-2024,Apartment,35,629.97,"$190,389.18",Available,,01-07-2024,190389.18,302.219439
160349,16,07-01-2024,Apartment,41,1001.72,"$288,157.93",Sold,C0227,01-07-2024,288157.93,287.6631494
160367,16,07-01-2024,Apartment,42,1496.62,"$442,773.17",Sold,C1598,01-07-2024,442773.17,295.8487592
160368,16,07-01-2024,Apartment,42,1496.62,"$440,294.20",Sold,C1131,01-07-2024,440294.2,294.1923802
170001,17,07-01-2024,Office,1,530.28,"$177,186.48",Available,,01-07-2024,177186.48,334.1375877
170015,17,07-01-2024,Apartment,1,530.28,"$161,864.85",Sold,C1882,01-07-2024,161864.85,305.2441163
170017,17,07-01-2024,Apartment,1,530.28,"$142,052.01",Available,,01-07-2024,142052.01,267.8811383
170103,17,07-01-2024,Apartment,12,451.91,"$158,962.11",Available,,01-07-2024,158962.11,351.756124
170110,17,07-01-2024,Apartment,13,916.9,"$254,096.51",Sold,C1229,01-07-2024,254096.51,277.1256517
170121,17,07-01-2024,Apartment,14,1646.02,"$586,216.96",Sold,C1543,01-07-2024,586216.96,356.1420639
170125,17,07-01-2024,Apartment,15,1365.73,"$464,700.64",Sold,C0167,01-07-2024,464700.64,340.2580598
170128,17,07-01-2024,Apartment,15,1365.73,"$366,314.00",Sold,C0066,01-07-2024,366314,268.2184619
170149,17,07-01-2024,Apartment,16,1693,"$538,823.79",Available,,01-07-2024,538823.79,318.2656763
170167,17,07-01-2024,Apartment,17,1827.25,"$573,420.94",Available,,01-07-2024,573420.94,313.8163579
170184,17,07-01-2024,Apartment,20,792.27,"$217,783.60",Sold,C0993,01-07-2024,217783.6,274.8855819
170204,17,07-01-2024,Apartment,23,1025.52,"$301,579.24",Sold,C1807,01-07-2024,301579.24,294.0744598
170270,17,07-01-2024,Apartment,32,954.54,"$266,964.50",Sold,C0578,01-07-2024,266964.5,279.6786934
170281,17,07-01-2024,Apartment,33,1532.89,"$429,757.11",Available,,01-07-2024,429757.11,280.357436
170285,17,07-01-2024,Apartment,35,1667.01,"$491,123.63",Sold,C1695,01-07-2024,491123.63,294.6134876
170297,17,07-01-2024,Apartment,37,644.06,"$218,636.37",Available,,01-07-2024,218636.37,339.4658417
170299,17,07-01-2024,Apartment,37,644.06,"$232,811.65",Available,,01-07-2024,232811.65,361.4750955
170302,17,07-01-2024,Apartment,38,721.83,"$224,494.14",Sold,C0969,01-07-2024,224494.14,311.0069407
170304,17,07-01-2024,Apartment,38,721.83,"$198,833.21",Sold,C1385,01-07-2024,198833.21,275.4571159
170330,17,07-01-2024,Office,41,1422.93,"$455,542.16",Sold,C0475,01-07-2024,455542.16,320.1437597
170332,17,07-01-2024,Apartment,41,1422.93,"$454,070.47",Available,,01-07-2024,454070.47,319.1094924
170349,17,07-01-2024,Apartment,45,1574.3,"$500,164.38",Available,,01-07-2024,500164.38,317.7058883
170351,17,07-01-2024,Apartment,45,1574.3,"$470,199.52",Sold,C0885,01-07-2024,470199.52,298.6721209
170370,17,07-01-2024,Apartment,46,1582.61,"$471,629.61",Available,,01-07-2024,471629.61,298.007475
170389,17,07-01-2024,Apartment,48,1833.96,"$567,989.30",Sold,C1876,01-07-2024,567989.3,309.7064821
170395,17,07-01-2024,Apartment,48,1833.96,"$655,054.84",Sold,C0081,01-07-2024,655054.84,357.1805492
170420,17,07-01-2024,Apartment,49,1283.67,"$407,447.04",Sold,C0591,01-07-2024,407447.04,317.4079319
170430,17,07-01-2024,Apartment,49,1283.67,"$334,547.53",Sold,C0565,01-07-2024,334547.53,260.6180171
170444,17,07-01-2024,Office,51,1375.52,"$518,981.38",Sold,C1027,01-07-2024,518981.38,377.2983163
180006,18,07-01-2024,Apartment,1,1379.64,"$416,556.23",Sold,C1486,01-07-2024,416556.23,301.9311052
180020,18,07-01-2024,Office,3,524.48,"$129,489.00",Sold,C0059,01-07-2024,129489,246.8902532
180029,18,07-01-2024,Office,4,1096.58,"$349,185.44",Sold,C1506,01-07-2024,349185.44,318.4313411
180041,18,07-01-2024,Apartment,4,1096.58,"$267,154.02",Sold,C1633,01-07-2024,267154.02,243.6247424
180051,18,07-01-2024,Apartment,6,840.25,"$252,877.62",Sold,C0049,01-07-2024,252877.62,300.9552157
180056,18,07-01-2024,Apartment,6,840.25,"$247,667.71",Available,,01-07-2024,247667.71,294.7547873
180091,18,07-01-2024,Apartment,12,1692.5,"$522,661.73",Sold,C1280,01-07-2024,522661.73,308.8104756
180108,18,07-01-2024,Apartment,14,1742.3,"$604,691.57",Available,,01-07-2024,604691.57,347.0651266
180136,18,07-01-2024,Apartment,18,1127.95,"$291,840.57",Sold,C1003,01-07-2024,291840.57,258.7353783
180150,18,07-01-2024,Apartment,20,1631.48,"$487,710.82",Sold,C0817,01-07-2024,487710.82,298.937664
180218,18,07-01-2024,Apartment,28,514.67,"$175,483.61",Sold,C0896,01-07-2024,175483.61,340.9633552
180219,18,07-01-2024,Apartment,28,514.67,"$129,469.70",Sold,C0398,01-07-2024,129469.7,251.5586687
180229,18,07-01-2024,Apartment,29,578.36,"$186,304.06",Sold,C1188,01-07-2024,186304.06,322.124732
180239,18,07-01-2024,Office,30,1795.66,"$454,622.46",Sold,C1613,01-07-2024,454622.46,253.1784748
180267,18,07-01-2024,Apartment,31,945.46,"$271,698.96",Sold,C0264,01-07-2024,271698.96,287.3722421
180282,18,07-01-2024,Apartment,35,799.05,"$245,628.59",Sold,C0614,01-07-2024,245628.59,307.4007759
180287,18,07-01-2024,Apartment,35,799.05,"$228,204.67",Available,,01-07-2024,228204.67,285.5949815
180314,18,07-01-2024,Apartment,36,1089.77,"$362,075.38",Sold,C1238,01-07-2024,362075.38,332.2493554
180329,18,07-01-2024,Apartment,38,1219.8,"$358,264.33",Available,,01-07-2024,358264.33,293.7074356
180360,18,07-01-2024,Apartment,40,990.46,"$327,105.33",Available,,01-07-2024,327105.33,330.255972
180366,18,07-01-2024,Apartment,41,852.83,"$247,036.12",Sold,C0956,01-07-2024,247036.12,289.666311
180372,18,07-01-2024,Apartment,41,852.83,"$252,728.55",Available,,01-07-2024,252728.55,296.3410645
180390,18,07-01-2024,Office,44,1334.77,"$354,368.72",Sold,C1220,01-07-2024,354368.72,265.490474
180418,18,07-01-2024,Apartment,47,520.85,"$189,135.71",Available,,01-07-2024,189135.71,363.1289431
180432,18,07-01-2024,Apartment,49,1457.92,"$480,772.76",Available,,01-07-2024,480772.76,329.7662149
180449,18,07-01-2024,Apartment,50,854.74,"$255,654.13",Sold,C1995,01-07-2024,255654.13,299.1016332
180469,18,07-01-2024,Apartment,53,1806.7,"$508,462.97",Sold,C0034,01-07-2024,508462.97,281.4318758
180473,18,07-01-2024,Apartment,53,1806.7,"$501,341.88",Available,,01-07-2024,501341.88,277.4903858
180492,18,07-01-2024,Apartment,54,1756.12,"$572,514.83",Sold,C1507,01-07-2024,572514.83,326.0112236
180504,18,07-01-2024,Apartment,56,1311.59,"$392,997.85",Sold,C0746,01-07-2024,392997.85,299.63468
180533,18,07-01-2024,Apartment,60,1488.67,"$507,522.85",Sold,C0825,01-07-2024,507522.85,340.9236768
180534,18,07-01-2024,Apartment,60,1488.67,"$441,900.44",Sold,C1784,01-07-2024,441900.44,296.8424433
180540,18,07-01-2024,Office,61,1019.7,"$338,774.34",Sold,C0105,01-07-2024,338774.34,332.2294204
180575,18,07-01-2024,Office,66,1631.24,"$532,766.89",Sold,C0857,01-07-2024,532766.89,326.6023945
180583,18,07-01-2024,Apartment,67,1664.17,"$550,273.32",Sold,C0390,01-07-2024,550273.32,330.6593197
180585,18,07-01-2024,Apartment,68,1445.28,"$462,353.91",Sold,C0076,01-07-2024,462353.91,319.9061151
190039,19,07-01-2024,Apartment,7,973.6,"$317,064.49",Available,,01-07-2024,317064.49,325.6619659
190042,19,07-01-2024,Apartment,7,973.6,"$280,625.88",Sold,C0841,01-07-2024,280625.88,288.2352917
190057,19,07-01-2024,Apartment,8,974.77,"$308,389.38",Sold,C1763,01-07-2024,308389.38,316.3714312
190098,19,07-01-2024,Apartment,14,630.47,"$186,144.12",Sold,C0040,01-07-2024,186144.12,295.2465938
190122,19,07-01-2024,Apartment,17,574.75,"$211,158.38",Available,,01-07-2024,211158.38,367.3917007
190127,19,07-01-2024,Apartment,17,574.75,"$170,914.80",Sold,C0902,01-07-2024,170914.8,297.3724228
190130,19,07-01-2024,Apartment,18,1599.44,"$495,705.73",Sold,C0990,01-07-2024,495705.73,309.9245548
190212,19,07-01-2024,Apartment,26,668.24,"$213,645.72",Sold,C1519,01-07-2024,213645.72,319.7140548
190219,19,07-01-2024,Office,26,668.24,"$185,626.99",Sold,C0752,01-07-2024,185626.99,277.7849126
190243,19,07-01-2024,Apartment,29,1657.84,"$467,738.46",Sold,C1860,01-07-2024,467738.46,282.137275
190291,19,07-01-2024,Apartment,34,783.42,"$246,652.14",Sold,C0547,01-07-2024,246652.14,314.840239
190302,19,07-01-2024,Office,36,855.94,"$276,512.82",Sold,C1411,01-07-2024,276512.82,323.0516391
190322,19,07-01-2024,Apartment,39,1237.04,"$375,074.00",Available,,01-07-2024,375074,303.2028067
190333,19,07-01-2024,Apartment,40,893.49,"$240,304.86",Sold,C1662,01-07-2024,240304.86,268.9508109
190341,19,07-01-2024,Apartment,40,893.49,"$232,188.92",Sold,C0356,01-07-2024,232188.92,259.8673964
190397,19,07-01-2024,Apartment,45,1869.11,"$581,236.54",Sold,C1202,01-07-2024,581236.54,310.9696808
190406,19,07-01-2024,Apartment,46,1926.19,"$623,819.92",Sold,C0826,01-07-2024,623819.92,323.8620904
190427,19,07-01-2024,Apartment,49,1004.26,"$294,799.49",Available,,01-07-2024,294799.49,293.5489714
190433,19,07-01-2024,Apartment,50,1227.01,"$352,469.52",Available,,01-07-2024,352469.52,287.2588813
200042,20,07-01-2024,Office,4,631.75,"$183,516.50",Sold,C0364,01-07-2024,183516.5,290.4891175
200103,20,07-01-2024,Apartment,14,837.37,"$283,480.34",Available,,01-07-2024,283480.34,338.536537
200127,20,07-01-2024,Apartment,16,645.44,"$175,693.74",Available,,01-07-2024,175693.74,272.2077033
200144,20,07-01-2024,Apartment,18,1868.01,"$612,113.60",Sold,C0871,01-07-2024,612113.6,327.6821859
200165,20,07-01-2024,Apartment,18,1868.01,"$575,785.08",Sold,C0285,01-07-2024,575785.08,308.2344741
200208,20,07-01-2024,Apartment,25,780.74,"$215,914.27",Sold,C1595,01-07-2024,215914.27,276.550798
200238,20,07-01-2024,Apartment,29,1844.16,"$637,391.94",Available,,01-07-2024,637391.94,345.6272449
200254,20,07-01-2024,Apartment,30,1703.94,"$545,707.37",Sold,C1151,01-07-2024,545707.37,320.2620808
200271,20,07-01-2024,Apartment,31,1414.44,"$343,623.68",Sold,C0405,01-07-2024,343623.68,242.9397359
200272,20,07-01-2024,Apartment,31,1414.44,"$394,309.09",Sold,C1941,01-07-2024,394309.09,278.7739954
200341,20,07-01-2024,Apartment,37,632.35,"$220,469.20",Sold,C1251,01-07-2024,220469.2,348.6505891
200358,20,07-01-2024,Apartment,39,1106.36,"$291,164.92",Sold,C1814,01-07-2024,291164.92,263.173759
200409,20,07-01-2024,Apartment,46,1227.49,"$335,667.42",Available,,01-07-2024,335667.42,273.4583744
200483,20,07-01-2024,Apartment,55,1804.87,"$553,235.72",Sold,C1937,01-07-2024,553235.72,306.5238604
200484,20,07-01-2024,Apartment,55,1804.87,"$519,657.03",Sold,C1885,01-07-2024,519657.03,287.9193682
200499,20,07-01-2024,Apartment,58,1208.52,"$387,708.89",Sold,C1783,01-07-2024,387708.89,320.8129696
990011,3,07-01-2024,Apartment,38,1596.35,"$526,947.16",Available,,01-07-2024,526947.16,330.0950042
990015,4,07-01-2024,Apartment,23,794.52,"$255,243.11",Available,,01-07-2024,255243.11,321.2544807
990016,4,07-01-2024,Apartment,29,794.52,"$233,834.00",Available,,01-07-2024,233834,294.3085133
1007,1,08-01-2024,Apartment,7,775.69,"$250,312.53",Sold,C0058,01-08-2024,250312.53,322.6966056
1018,1,08-01-2024,Apartment,18,625.8,"$191,389.87",Sold,C0075,01-08-2024,191389.87,305.8323266
1043,1,08-01-2024,Apartment,43,1160.36,"$377,313.56",Sold,C0078,01-08-2024,377313.56,325.1693957
2014,2,08-01-2024,Apartment,14,1109.25,"$336,695.25",Sold,C0024,01-08-2024,336695.25,303.5341447
2042,2,08-01-2024,Apartment,42,785.48,"$220,606.28",Sold,C0145,01-08-2024,220606.28,280.8553751
3009,3,08-01-2024,Apartment,9,743.41,"$222,867.42",Sold,C0109,01-08-2024,222867.42,299.7907211
3028,3,08-01-2024,Apartment,28,781.07,"$206,631.81",Sold,C0160,01-08-2024,206631.81,264.549669
3040,3,08-01-2024,Apartment,40,670.89,"$204,292.49",Sold,C0088,01-08-2024,204292.49,304.5096663
4032,4,08-01-2024,Apartment,32,1611.85,"$523,373.45",Available,,01-08-2024,523373.45,324.7035704
4035,4,08-01-2024,Apartment,35,794.52,"$217,786.38",Sold,C0142,01-08-2024,217786.38,274.1106328
10018,1,08-01-2024,Apartment,3,788.73,"$219,789.59",Available,,01-08-2024,219789.59,278.6626475
10071,1,08-01-2024,Apartment,8,763.88,"$252,439.28",Sold,C0590,01-08-2024,252439.28,330.469812
10137,1,08-01-2024,Apartment,17,608.25,"$209,028.70",Sold,C1827,01-08-2024,209028.7,343.6558981
10160,1,08-01-2024,Apartment,20,1146.24,"$312,577.25",Sold,C0603,01-08-2024,312577.25,272.6979079
10197,1,08-01-2024,Office,24,1146.11,"$400,078.46",Sold,C0516,01-08-2024,400078.46,349.0750975
10203,1,08-01-2024,Apartment,24,1146.11,"$353,757.18",Sold,C0093,01-08-2024,353757.18,308.6590118
10217,1,08-01-2024,Apartment,25,1154.92,"$374,160.93",Available,,01-08-2024,374160.93,323.9712967
10266,1,08-01-2024,Office,29,757.2,"$291,390.39",Sold,C1113,01-08-2024,291390.39,384.8261886
10294,1,08-01-2024,Apartment,31,619.78,"$206,016.94",Available,,01-08-2024,206016.94,332.4033367
10329,1,08-01-2024,Apartment,35,1168.59,"$343,118.08",Available,,01-08-2024,343118.08,293.6171626
10341,1,08-01-2024,Apartment,36,613.59,"$200,432.99",Sold,C1161,01-08-2024,200432.99,326.65622
10415,1,08-01-2024,Apartment,48,1170.93,"$372,802.31",Available,,01-08-2024,372802.31,318.3813806
10421,1,08-01-2024,Apartment,49,629.24,"$187,717.66",Sold,C0849,01-08-2024,187717.66,298.3244231
20006,2,08-01-2024,Apartment,1,706.3,"$249,209.28",Sold,C0390,01-08-2024,249209.28,352.8377177
20007,2,08-01-2024,Apartment,1,706.3,"$223,901.16",Sold,C0667,01-08-2024,223901.16,317.0057483
20012,2,08-01-2024,Apartment,2,788.72,"$248,313.23",Sold,C0932,01-08-2024,248313.23,314.8306497
20014,2,08-01-2024,Apartment,2,788.72,"$263,129.48",Sold,C1546,01-08-2024,263129.48,333.6158332
20041,2,08-01-2024,Apartment,5,933.95,"$309,045.30",Sold,C0957,01-08-2024,309045.3,330.901333
20075,2,08-01-2024,Apartment,9,584.19,"$174,150.21",Sold,C1739,01-08-2024,174150.21,298.105428
20084,2,08-01-2024,Apartment,10,788.79,"$252,850.45",Available,,01-08-2024,252850.45,320.5548372
20092,2,08-01-2024,Apartment,11,1625.05,"$456,819.98",Sold,C0155,01-08-2024,456819.98,281.1113381
20107,2,08-01-2024,Apartment,12,1610.5,"$552,556.37",Available,,01-08-2024,552556.37,343.0961627
20182,2,08-01-2024,Apartment,21,921.38,"$202,703.60",Available,,01-08-2024,202703.6,220
20211,2,08-01-2024,Apartment,24,785.12,"$234,283.57",Sold,C0008,01-08-2024,234283.57,298.4047916
20215,2,08-01-2024,Apartment,24,785.12,"$252,200.58",Sold,C0090,01-08-2024,252200.58,321.2255197
20240,2,08-01-2024,Office,26,1577.79,"$539,543.52",Sold,C0316,01-08-2024,539543.52,341.9615538
20244,2,08-01-2024,Office,26,1577.79,"$484,534.28",Sold,C1760,01-08-2024,484534.28,307.0968126
20273,2,08-01-2024,Apartment,32,925.63,"$261,310.59",Available,,01-08-2024,261310.59,282.3056621
20278,2,08-01-2024,Apartment,33,931.4,"$339,356.02",Sold,C0550,01-08-2024,339356.02,364.3504617
20281,2,08-01-2024,Apartment,33,931.4,"$213,769.96",Available,,01-08-2024,213769.96,229.5146661
20302,2,08-01-2024,Office,35,1391.68,"$536,215.12",Sold,C1016,01-08-2024,536215.12,385.3005863
20309,2,08-01-2024,Apartment,36,641.72,"$202,812.08",Sold,C1903,01-08-2024,202812.08,316.0445054
20320,2,08-01-2024,Apartment,37,780.46,"$264,688.84",Available,,01-08-2024,264688.84,339.1446583
20338,2,08-01-2024,Office,41,654.93,"$216,265.08",Sold,C1987,01-08-2024,216265.08,330.2109844
20346,2,08-01-2024,Office,41,654.93,"$213,060.39",Available,,01-08-2024,213060.39,325.317805
20362,2,08-01-2024,Apartment,42,786.45,"$231,735.21",Sold,C0284,01-08-2024,231735.21,294.6598131
20394,2,08-01-2024,Apartment,46,697.74,"$203,362.09",Sold,C1234,01-08-2024,203362.09,291.4582653
20397,2,08-01-2024,Apartment,46,697.74,"$255,546.30",Sold,C0080,01-08-2024,255546.3,366.2486026
20420,2,08-01-2024,Apartment,47,708.32,"$219,270.97",Sold,C1258,01-08-2024,219270.97,309.5648436
20450,2,08-01-2024,Apartment,52,914.01,"$290,161.41",Sold,C0458,01-08-2024,290161.41,317.4597762
20458,2,08-01-2024,Apartment,54,924.4,"$269,789.64",Sold,C0438,01-08-2024,269789.64,291.8537862
30005,3,08-01-2024,Apartment,1,689.75,"$189,856.09",Sold,C1362,01-08-2024,189856.09,275.2534831
30012,3,08-01-2024,Apartment,1,689.75,"$225,478.74",Sold,C0890,01-08-2024,225478.74,326.8992244
30028,3,08-01-2024,Apartment,3,783.65,"$223,180.66",Sold,C0806,01-08-2024,223180.66,284.7963504
30107,3,08-01-2024,Apartment,10,784.09,"$240,031.71",Sold,C1011,01-08-2024,240031.71,306.1277532
30117,3,08-01-2024,Apartment,10,784.09,"$211,715.31",Sold,C0304,01-08-2024,211715.31,270.0140418
30120,3,08-01-2024,Apartment,10,784.09,"$255,680.85",Available,,01-08-2024,255680.85,326.0860998
30143,3,08-01-2024,Apartment,14,788.59,"$243,606.31",Sold,C0057,01-08-2024,243606.31,308.9137701
30147,3,08-01-2024,Apartment,15,1230.25,"$373,566.16",Sold,C1062,01-08-2024,373566.16,303.6506076
30171,3,08-01-2024,Apartment,19,1602.22,"$433,064.97",Sold,C1293,01-08-2024,433064.97,270.2905781
30194,3,08-01-2024,Apartment,21,1122.15,"$321,062.01",Sold,C1741,01-08-2024,321062.01,286.1132736
30197,3,08-01-2024,Apartment,21,1122.15,"$329,526.86",Available,,01-08-2024,329526.86,293.6566947
30230,3,08-01-2024,Apartment,27,1117.14,"$370,806.45",Sold,C0694,01-08-2024,370806.45,331.9247811
30278,3,08-01-2024,Apartment,31,915.38,"$292,620.94",Sold,C0583,01-08-2024,292620.94,319.6715462
30313,3,08-01-2024,Apartment,38,1173.4,"$342,236.84",Sold,C0007,01-08-2024,342236.84,291.6625533
30314,3,08-01-2024,Office,38,1173.4,"$339,686.19",Sold,C1512,01-08-2024,339686.19,289.4888273
30318,3,08-01-2024,Office,39,1598.95,"$499,234.71",Sold,C1429,01-08-2024,499234.71,312.2265925
30337,3,08-01-2024,Apartment,41,965.5,"$276,837.25",Sold,C1591,01-08-2024,276837.25,286.7294148
30401,3,08-01-2024,Office,49,1174.48,"$380,891.56",Sold,C0271,01-08-2024,380891.56,324.3065527
30418,3,08-01-2024,Apartment,49,1174.48,"$353,070.70",Sold,C0798,01-08-2024,353070.7,300.6187419
30445,3,08-01-2024,Apartment,51,693.85,"$205,147.40",Sold,C1884,01-08-2024,205147.4,295.6653455
30468,3,08-01-2024,Apartment,56,1179.42,"$341,233.68",Sold,C1230,01-08-2024,341233.68,289.3232945
30483,3,08-01-2024,Apartment,56,1179.42,"$282,867.04",Sold,C0020,01-08-2024,282867.04,239.8357159
30501,3,08-01-2024,Apartment,58,1588.14,"$476,292.14",Available,,01-08-2024,476292.14,299.905638
30507,3,08-01-2024,Apartment,58,1588.14,"$433,348.26",Sold,C0467,01-08-2024,433348.26,272.8652764
40012,4,08-01-2024,Apartment,2,1620.07,"$583,440.71",Sold,C0417,01-08-2024,583440.71,360.1330251
40018,4,08-01-2024,Apartment,2,1620.07,"$467,514.28",Sold,C1754,01-08-2024,467514.28,288.5765924
40037,4,08-01-2024,Apartment,4,783.03,"$233,531.67",Sold,C1703,01-08-2024,233531.67,298.2410252
40063,4,08-01-2024,Apartment,6,1602.95,"$557,611.23",Sold,C1060,01-08-2024,557611.23,347.8656415
40073,4,08-01-2024,Office,8,732.42,"$257,348.69",Sold,C0461,01-08-2024,257348.69,351.3676442
40116,4,08-01-2024,Apartment,14,1322.66,"$375,564.29",Sold,C1031,01-08-2024,375564.29,283.9462069
40143,4,08-01-2024,Apartment,17,780.68,"$217,753.60",Available,,01-08-2024,217753.6,278.928114
40162,4,08-01-2024,Apartment,20,1609.62,"$474,937.38",Sold,C0281,01-08-2024,474937.38,295.0618034
40166,4,08-01-2024,Apartment,20,1609.62,"$603,903.40",Sold,C0434,01-08-2024,603903.4,375.1838322
40176,4,08-01-2024,Apartment,21,801.66,"$210,695.91",Available,,01-08-2024,210695.91,262.8245266
40216,4,08-01-2024,Office,26,790.05,"$261,884.29",Sold,C0118,01-08-2024,261884.29,331.4781216
40237,4,08-01-2024,Office,29,776.79,"$227,118.11",Sold,C1497,01-08-2024,227118.11,292.3803216
40336,4,08-01-2024,Office,40,780.74,"$228,773.81",Available,,01-08-2024,228773.81,293.0217614
40388,4,08-01-2024,Apartment,45,1160.48,"$281,622.19",Sold,C0522,01-08-2024,281622.19,242.6773318
40392,4,08-01-2024,Apartment,45,1160.48,"$290,250.51",Available,,01-08-2024,290250.51,250.1124621
40397,4,08-01-2024,Apartment,45,1160.48,"$356,950.70",Sold,C1646,01-08-2024,356950.7,307.5888425
50001,5,08-01-2024,Apartment,1,790.55,"$245,496.02",Sold,C0938,01-08-2024,245496.02,310.5382582
50002,5,08-01-2024,Office,1,790.55,"$237,072.90",Sold,C1301,01-08-2024,237072.9,299.8834988
50034,5,08-01-2024,Office,8,782.15,"$237,346.84",Sold,C1800,01-08-2024,237346.84,303.4543758
50047,5,08-01-2024,Apartment,8,782.15,"$227,603.90",Available,,01-08-2024,227603.9,290.9977626
50077,5,08-01-2024,Apartment,10,629.27,"$218,231.20",Available,,01-08-2024,218231.2,346.8005784
50117,5,08-01-2024,Apartment,15,1050.95,"$286,511.17",Sold,C0029,01-08-2024,286511.17,272.6211237
50138,5,08-01-2024,Office,18,1267.03,"$453,254.04",Sold,C0460,01-08-2024,453254.04,357.729525
50161,5,08-01-2024,Apartment,22,1059.78,"$359,572.52",Sold,C0935,01-08-2024,359572.52,339.2897771
50170,5,08-01-2024,Office,22,1059.78,"$333,147.15",Sold,C1638,01-08-2024,333147.15,314.3550076
50189,5,08-01-2024,Apartment,24,807.02,"$270,484.00",Sold,C1179,01-08-2024,270484,335.1639365
50213,5,08-01-2024,Apartment,28,1247.24,"$343,136.11",Sold,C0934,01-08-2024,343136.11,275.1163449
50227,5,08-01-2024,Apartment,30,794.93,"$226,818.88",Available,,01-08-2024,226818.88,285.3318909
50229,5,08-01-2024,Apartment,31,1008.52,"$306,320.78",Sold,C0988,01-08-2024,306320.78,303.7329751
50234,5,08-01-2024,Apartment,32,1051.39,"$286,703.44",Available,,01-08-2024,286703.44,272.6899057
50264,5,08-01-2024,Apartment,35,605.55,"$185,735.17",Sold,C0706,01-08-2024,185735.17,306.7214433
50279,5,08-01-2024,Apartment,36,627.56,"$210,288.87",Sold,C1874,01-08-2024,210288.87,335.0896647
50282,5,08-01-2024,Apartment,36,627.56,"$177,591.32",Sold,C0846,01-08-2024,177591.32,282.9869973
50292,5,08-01-2024,Office,38,1283.87,"$392,711.04",Sold,C1905,01-08-2024,392711.04,305.8806889
50302,5,08-01-2024,Apartment,40,1053.41,"$332,426.72",Sold,C0977,01-08-2024,332426.72,315.5720185
50392,5,08-01-2024,Apartment,46,1272.95,"$351,688.67",Sold,C0892,01-08-2024,351688.67,276.2784634
50393,5,08-01-2024,Apartment,46,1272.95,"$427,006.84",Sold,C0573,01-08-2024,427006.84,335.4466711
50396,5,08-01-2024,Apartment,47,1241.14,"$327,053.12",Sold,C1939,01-08-2024,327053.12,263.5102567
50409,5,08-01-2024,Apartment,47,1241.14,"$378,538.97",Available,,01-08-2024,378538.97,304.9929661
60010,6,08-01-2024,Apartment,1,1720.95,"$463,140.93",Available,,01-08-2024,463140.93,269.1193411
60024,6,08-01-2024,Apartment,2,1338.63,"$429,245.17",Sold,C0586,01-08-2024,429245.17,320.6600554
60027,6,08-01-2024,Office,3,605.21,"$208,249.96",Sold,C1025,01-08-2024,208249.96,344.0953719
60030,6,08-01-2024,Apartment,3,605.21,"$185,644.59",Sold,C0117,01-08-2024,185644.59,306.7440888
60099,6,08-01-2024,Apartment,7,1075.42,"$296,456.53",Sold,C0212,01-08-2024,296456.53,275.6658143
60127,6,08-01-2024,Apartment,10,942.08,"$313,437.89",Sold,C0675,01-08-2024,313437.89,332.7083581
60155,6,08-01-2024,Apartment,12,1678.17,"$476,123.08",Sold,C0500,01-08-2024,476123.08,283.7156426
60171,6,08-01-2024,Apartment,15,1392.45,"$466,941.91",Sold,C1294,01-08-2024,466941.91,335.3383676
60193,6,08-01-2024,Office,19,1542.71,"$582,517.27",Available,,01-08-2024,582517.27,377.593501
60199,6,08-01-2024,Apartment,19,1542.71,"$411,162.25",Sold,C1285,01-08-2024,411162.25,266.519469
60251,6,08-01-2024,Apartment,25,1086.43,"$339,295.67",Sold,C1433,01-08-2024,339295.67,312.3032961
60257,6,08-01-2024,Apartment,26,1538.47,"$510,290.62",Sold,C1317,01-08-2024,510290.62,331.6870787
60269,6,08-01-2024,Apartment,29,1691.02,"$478,576.39",Available,,01-08-2024,478576.39,283.0104848
60271,6,08-01-2024,Apartment,29,1691.02,"$584,272.04",Sold,C1197,01-08-2024,584272.04,345.5145652
60280,6,08-01-2024,Apartment,30,552.59,"$164,016.58",Available,,01-08-2024,164016.58,296.8142384
60299,6,08-01-2024,Apartment,33,1131,"$337,198.08",Sold,C0783,01-08-2024,337198.08,298.1415385
60301,6,08-01-2024,Apartment,33,1131,"$305,756.04",Sold,C0858,01-08-2024,305756.04,270.3413263
60318,6,08-01-2024,Apartment,35,999.85,"$291,113.56",Sold,C1506,01-08-2024,291113.56,291.1572336
60323,6,08-01-2024,Apartment,35,999.85,"$355,294.14",Available,,01-08-2024,355294.14,355.3474421
60355,6,08-01-2024,Apartment,40,1640.68,"$589,191.73",Sold,C0915,01-08-2024,589191.73,359.1143489
60371,6,08-01-2024,Apartment,42,1766.89,"$476,822.55",Sold,C0237,01-08-2024,476822.55,269.8654415
60429,6,08-01-2024,Apartment,51,1476.63,"$413,502.81",Available,,01-08-2024,413502.81,280.0314297
60441,6,08-01-2024,Apartment,52,1408.23,"$438,900.35",Sold,C0456,01-08-2024,438900.35,311.6680869
70042,7,08-01-2024,Apartment,7,1071.02,"$279,574.71",Available,,01-08-2024,279574.71,261.0359377
70077,7,08-01-2024,Apartment,11,834.5,"$241,300.36",Sold,C0003,01-08-2024,241300.36,289.1556141
70100,7,08-01-2024,Apartment,13,604.6,"$169,223.27",Sold,C0363,01-08-2024,169223.27,279.8929375
70113,7,08-01-2024,Office,15,602.92,"$181,279.77",Sold,C1827,01-08-2024,181279.77,300.6696908
70150,7,08-01-2024,Apartment,18,703.28,"$222,983.24",Sold,C1640,01-08-2024,222983.24,317.0618246
70156,7,08-01-2024,Apartment,19,751.07,"$193,701.86",Sold,C1477,01-08-2024,193701.86,257.9012076
70163,7,08-01-2024,Apartment,19,751.07,"$230,427.73",Available,,01-08-2024,230427.73,306.799273
70167,7,08-01-2024,Apartment,19,751.07,"$218,479.78",Sold,C1133,01-08-2024,218479.78,290.8913683
70181,7,08-01-2024,Apartment,20,1160.82,"$323,305.20",Sold,C0093,01-08-2024,323305.2,278.5144984
70202,7,08-01-2024,Apartment,23,1222.69,"$341,957.18",Sold,C1004,01-08-2024,341957.18,279.6761076
70203,7,08-01-2024,Apartment,23,1222.69,"$432,928.46",Available,,01-08-2024,432928.46,354.078679
70215,7,08-01-2024,Apartment,24,852.99,"$258,367.77",Available,,01-08-2024,258367.77,302.896599
70218,7,08-01-2024,Apartment,24,852.99,"$268,522.40",Sold,C1446,01-08-2024,268522.4,314.8013459
70253,7,08-01-2024,Office,28,694.55,"$207,675.26",Sold,C1249,01-08-2024,207675.26,299.0069253
70284,7,08-01-2024,Apartment,34,1487.05,"$378,580.53",Sold,C1103,01-08-2024,378580.53,254.5849366
70299,7,08-01-2024,Apartment,35,613.21,"$192,036.99",Sold,C0609,01-08-2024,192036.99,313.1667618
70305,7,08-01-2024,Office,36,1748.75,"$529,621.35",Available,,01-08-2024,529621.35,302.8570979
70308,7,08-01-2024,Apartment,36,1748.75,"$534,783.12",Available,,01-08-2024,534783.12,305.8087891
70316,7,08-01-2024,Apartment,38,1755.26,"$505,133.36",Sold,C1529,01-08-2024,505133.36,287.7826419
70336,7,08-01-2024,Apartment,40,1138.18,"$381,828.88",Sold,C0041,01-08-2024,381828.88,335.473194
70349,7,08-01-2024,Apartment,41,1093.92,"$370,762.54",Sold,C1722,01-08-2024,370762.54,338.9302143
70357,7,08-01-2024,Apartment,41,1093.92,"$317,085.47",Available,,01-08-2024,317085.47,289.8616626
70369,7,08-01-2024,Apartment,43,498.61,"$175,249.55",Available,,01-08-2024,175249.55,351.4762038
70398,7,08-01-2024,Apartment,45,1150.93,"$362,977.13",Available,,01-08-2024,362977.13,315.3772428
70420,7,08-01-2024,Apartment,49,1383.05,"$486,685.38",Sold,C0050,01-08-2024,486685.38,351.8928311
70437,7,08-01-2024,Office,51,648.27,"$212,701.42",Sold,C1657,01-08-2024,212701.42,328.1062212
70442,7,08-01-2024,Apartment,52,1281.14,"$393,758.89",Sold,C0307,01-08-2024,393758.89,307.3503989
70446,7,08-01-2024,Apartment,52,1281.14,"$388,919.52",Sold,C1290,01-08-2024,388919.52,303.5730053
70457,7,08-01-2024,Office,54,1940.69,"$598,695.66",Sold,C1763,01-08-2024,598695.66,308.4962874
70471,7,08-01-2024,Apartment,55,601.23,"$180,777.41",Sold,C1634,01-08-2024,180777.41,300.6792908
70474,7,08-01-2024,Apartment,55,601.23,"$170,210.09",Available,,01-08-2024,170210.09,283.1031219
70484,7,08-01-2024,Apartment,57,1347.67,"$382,331.32",Sold,C1189,01-08-2024,382331.32,283.698027
70492,7,08-01-2024,Apartment,58,1629.83,"$539,392.07",Sold,C1182,01-08-2024,539392.07,330.9498966
70509,7,08-01-2024,Apartment,58,1629.83,"$397,372.65",Available,,01-08-2024,397372.65,243.8123301
80016,8,08-01-2024,Apartment,2,1097.36,"$302,307.79",Sold,C0561,01-08-2024,302307.79,275.4864311
80045,8,08-01-2024,Apartment,5,887.23,"$210,402.96",Available,,01-08-2024,210402.96,237.1459035
80048,8,08-01-2024,Apartment,5,887.23,"$252,631.93",Available,,01-08-2024,252631.93,284.7423216
80076,8,08-01-2024,Apartment,9,1869.81,"$606,491.63",Sold,C1736,01-08-2024,606491.63,324.3600312
80092,8,08-01-2024,Apartment,10,737.92,"$192,499.00",Sold,C1330,01-08-2024,192499,260.8670317
80122,8,08-01-2024,Apartment,14,685.93,"$218,880.85",Sold,C1369,01-08-2024,218880.85,319.1008558
80126,8,08-01-2024,Apartment,14,685.93,"$194,612.17",Available,,01-08-2024,194612.17,283.7201609
80143,8,08-01-2024,Apartment,17,1109.27,"$315,922.46",Sold,C1790,01-08-2024,315922.46,284.8021311
80148,8,08-01-2024,Apartment,18,1328.53,"$427,127.89",Sold,C0233,01-08-2024,427127.89,321.5041362
80157,8,08-01-2024,Office,20,774.16,"$227,335.39",Sold,C0399,01-08-2024,227335.39,293.6542704
80205,8,08-01-2024,Apartment,28,1431.61,"$438,079.73",Available,,01-08-2024,438079.73,306.0049385
80213,8,08-01-2024,Apartment,29,1848.51,"$624,082.56",Available,,01-08-2024,624082.56,337.6138403
80232,8,08-01-2024,Apartment,30,1070.46,"$321,100.73",Sold,C1177,01-08-2024,321100.73,299.9651832
80238,8,08-01-2024,Apartment,30,1070.46,"$332,426.38",Sold,C0487,01-08-2024,332426.38,310.5453543
80263,8,08-01-2024,Apartment,32,1410.88,"$414,696.68",Available,,01-08-2024,414696.68,293.9276763
80273,8,08-01-2024,Apartment,33,1809.87,"$502,549.18",Available,,01-08-2024,502549.18,277.6714239
80311,8,08-01-2024,Office,36,673.86,"$244,195.59",Sold,C1427,01-08-2024,244195.59,362.3832695
80372,8,08-01-2024,Apartment,45,1185.72,"$333,845.19",Sold,C1989,01-08-2024,333845.19,281.5548274
80438,8,08-01-2024,Apartment,50,913.15,"$272,720.31",Sold,C0374,01-08-2024,272720.31,298.6588293
80482,8,08-01-2024,Apartment,56,1874.7,"$571,044.62",Sold,C0117,01-08-2024,571044.62,304.6058676
80488,8,08-01-2024,Apartment,56,1874.7,"$530,885.12",Sold,C0297,01-08-2024,530885.12,283.1840401
80499,8,08-01-2024,Apartment,58,1448.59,"$415,718.49",Available,,01-08-2024,415718.49,286.9814716
90007,9,08-01-2024,Office,1,832.35,"$261,007.06",Sold,C1260,01-08-2024,261007.06,313.5784946
90039,9,08-01-2024,Apartment,7,697.68,"$257,009.74",Sold,C0572,01-08-2024,257009.74,368.3776803
90120,9,08-01-2024,Apartment,18,860.97,"$299,547.84",Sold,C1658,01-08-2024,299547.84,347.9190216
90164,9,08-01-2024,Apartment,26,1038.39,"$320,014.48",Sold,C0328,01-08-2024,320014.48,308.1833223
90197,9,08-01-2024,Apartment,29,1426.22,"$404,559.45",Sold,C0948,01-08-2024,404559.45,283.6585169
90199,9,08-01-2024,Apartment,29,1426.22,"$411,141.04",Sold,C1099,01-08-2024,411141.04,288.2732257
90215,9,08-01-2024,Apartment,31,1052.27,"$283,937.37",Sold,C1768,01-08-2024,283937.37,269.8331892
90216,9,08-01-2024,Apartment,31,1052.27,"$310,906.26",Sold,C1869,01-08-2024,310906.26,295.4624383
90218,9,08-01-2024,Apartment,31,1052.27,"$326,901.19",Sold,C0007,01-08-2024,326901.19,310.6628432
90220,9,08-01-2024,Apartment,32,707,"$218,245.79",Available,,01-08-2024,218245.79,308.6927723
90222,9,08-01-2024,Apartment,33,973.52,"$278,284.91",Sold,C0693,01-08-2024,278284.91,285.8543327
90224,9,08-01-2024,Apartment,33,973.52,"$341,783.76",Available,,01-08-2024,341783.76,351.0803681
90249,9,08-01-2024,Apartment,34,1577.36,"$473,301.04",Sold,C0450,01-08-2024,473301.04,300.0589846
90253,9,08-01-2024,Apartment,34,1577.36,"$492,869.13",Sold,C1142,01-08-2024,492869.13,312.4645801
90268,9,08-01-2024,Apartment,35,1376.88,"$460,200.31",Available,,01-08-2024,460200.31,334.2341453
90273,9,08-01-2024,Apartment,35,1376.88,"$441,956.77",Sold,C1406,01-08-2024,441956.77,320.9842325
90275,9,08-01-2024,Apartment,35,1376.88,"$514,773.68",Available,,01-08-2024,514773.68,373.8696764
90311,9,08-01-2024,Apartment,38,1260.31,"$348,186.07",Sold,C1382,01-08-2024,348186.07,276.2701796
90337,9,08-01-2024,Apartment,40,1090.32,"$364,491.02",Sold,C0197,01-08-2024,364491.02,334.2972889
90361,9,08-01-2024,Apartment,43,1908.91,"$524,488.63",Sold,C1742,01-08-2024,524488.63,274.7581761
90372,9,08-01-2024,Apartment,44,1351.57,"$387,311.48",Available,,01-08-2024,387311.48,286.5641291
90373,9,08-01-2024,Apartment,44,1351.57,"$466,999.14",Available,,01-08-2024,466999.14,345.5234579
90391,9,08-01-2024,Apartment,46,662.32,"$170,559.17",Sold,C0273,01-08-2024,170559.17,257.5177709
90393,9,08-01-2024,Apartment,46,662.32,"$158,053.14",Sold,C0437,01-08-2024,158053.14,238.6356142
90406,9,08-01-2024,Apartment,51,1816.78,"$573,374.63",Available,,01-08-2024,573374.63,315.5993736
90414,9,08-01-2024,Apartment,53,599.72,"$171,217.61",Available,,01-08-2024,171217.61,285.4959148
90437,9,08-01-2024,Apartment,56,1516.4,"$440,730.74",Sold,C1647,01-08-2024,440730.74,290.6427987
90441,9,08-01-2024,Apartment,56,1516.4,"$506,527.22",Sold,C1754,01-08-2024,506527.22,334.0327222
90464,9,08-01-2024,Apartment,57,1198.57,"$358,849.76",Sold,C1703,01-08-2024,358849.76,299.3982496
90469,9,08-01-2024,Apartment,57,1198.57,"$359,371.65",Sold,C1846,01-08-2024,359371.65,299.8336768
90479,9,08-01-2024,Apartment,58,838.34,"$290,803.21",Sold,C0391,01-08-2024,290803.21,346.8797982
90486,9,08-01-2024,Apartment,58,838.34,"$253,836.97",Available,,01-08-2024,253836.97,302.7852303
90498,9,08-01-2024,Office,58,838.34,"$295,150.09",Available,,01-08-2024,295150.09,352.0649021
100007,10,08-01-2024,Apartment,2,1830.46,"$544,170.95",Sold,C0527,01-08-2024,544170.95,297.2864471
100034,10,08-01-2024,Apartment,4,1765.37,"$542,873.36",Available,,01-08-2024,542873.36,307.5125101
100078,10,08-01-2024,Apartment,9,1849.4,"$547,111.08",Sold,C1047,01-08-2024,547111.08,295.8316643
100094,10,08-01-2024,Apartment,11,1675.44,"$497,015.99",Sold,C1771,01-08-2024,497015.99,296.6480387
100107,10,08-01-2024,Office,14,1318.01,"$393,983.06",Sold,C0831,01-08-2024,393983.06,298.9226637
100124,10,08-01-2024,Apartment,16,1169.15,"$453,763.04",Sold,C1651,01-08-2024,453763.04,388.113621
100152,10,08-01-2024,Apartment,19,948.04,"$263,713.04",Sold,C1029,01-08-2024,263713.04,278.1665752
100155,10,08-01-2024,Apartment,19,948.04,"$294,620.75",Sold,C0300,01-08-2024,294620.75,310.7682693
100172,10,08-01-2024,Apartment,23,912.32,"$273,969.84",Sold,C1743,01-08-2024,273969.84,300.3001578
100177,10,08-01-2024,Office,24,708.64,"$233,599.56",Available,,01-08-2024,233599.56,329.6448973
100187,10,08-01-2024,Apartment,25,1487.17,"$475,179.93",Sold,C1615,01-08-2024,475179.93,319.5195775
100190,10,08-01-2024,Apartment,26,1294.85,"$354,267.31",Sold,C1204,01-08-2024,354267.31,273.5971811
100215,10,08-01-2024,Apartment,27,777.35,"$274,700.53",Available,,01-08-2024,274700.53,353.3807551
100242,10,08-01-2024,Apartment,29,486.78,"$127,461.75",Sold,C0251,01-08-2024,127461.75,261.8467275
100253,10,08-01-2024,Apartment,30,1559.4,"$480,665.23",Sold,C1636,01-08-2024,480665.23,308.23729
100331,10,08-01-2024,Apartment,39,1188.51,"$361,037.18",Available,,01-08-2024,361037.18,303.7729426
100353,10,08-01-2024,Apartment,42,1757.51,"$539,648.88",Sold,C1800,01-08-2024,539648.88,307.0530922
100358,10,08-01-2024,Office,43,1093.67,"$324,856.86",Sold,C1067,01-08-2024,324856.86,297.0337122
100363,10,08-01-2024,Apartment,43,1093.67,"$351,969.39",Sold,C0489,01-08-2024,351969.39,321.8241243
100364,10,08-01-2024,Apartment,43,1093.67,"$357,710.20",Sold,C1307,01-08-2024,357710.2,327.0732488
110013,11,08-01-2024,Apartment,2,938,"$280,183.26",Sold,C0867,01-08-2024,280183.26,298.7028358
110032,11,08-01-2024,Apartment,4,1414.25,"$499,833.64",Sold,C1037,01-08-2024,499833.64,353.4266502
110082,11,08-01-2024,Apartment,10,1519.64,"$469,572.27",Available,,01-08-2024,469572.27,309.0023098
110083,11,08-01-2024,Apartment,10,1519.64,"$439,896.91",Sold,C0652,01-08-2024,439896.91,289.4744216
110087,11,08-01-2024,Apartment,10,1519.64,"$413,286.53",Sold,C1226,01-08-2024,413286.53,271.9634453
110102,11,08-01-2024,Apartment,11,1581.88,"$426,691.03",Sold,C0934,01-08-2024,426691.03,269.7366614
110115,11,08-01-2024,Apartment,13,474.93,"$128,668.21",Sold,C1870,01-08-2024,128668.21,270.9203672
110118,11,08-01-2024,Apartment,13,474.93,"$138,440.15",Sold,C1510,01-08-2024,138440.15,291.4959047
110131,11,08-01-2024,Apartment,14,524.68,"$171,907.93",Sold,C1215,01-08-2024,171907.93,327.6433826
110139,11,08-01-2024,Apartment,14,524.68,"$154,877.28",Available,,01-08-2024,154877.28,295.1842647
110142,11,08-01-2024,Apartment,14,524.68,"$166,682.58",Sold,C0085,01-08-2024,166682.58,317.6842647
110189,11,08-01-2024,Apartment,21,1389.63,"$452,919.18",Sold,C0106,01-08-2024,452919.18,325.9278945
110203,11,08-01-2024,Apartment,24,1481.82,"$437,974.40",Sold,C1882,01-08-2024,437974.4,295.5651834
110228,11,08-01-2024,Apartment,27,1638.1,"$425,499.05",Sold,C1753,01-08-2024,425499.05,259.7515719
110261,11,08-01-2024,Office,31,1232.68,"$351,866.84",Available,,01-08-2024,351866.84,285.4486485
110273,11,08-01-2024,Apartment,33,1632.55,"$526,802.73",Sold,C0100,01-08-2024,526802.73,322.6870417
110288,11,08-01-2024,Apartment,35,540.82,"$164,387.68",Sold,C1248,01-08-2024,164387.68,303.9600606
110294,11,08-01-2024,Apartment,36,1752.38,"$566,711.76",Sold,C1990,01-08-2024,566711.76,323.3954736
110309,11,08-01-2024,Apartment,38,788.47,"$252,394.68",Sold,C0098,01-08-2024,252394.68,320.1068906
110359,11,08-01-2024,Office,42,808.59,"$284,322.08",Available,,01-08-2024,284322.08,351.627005
110369,11,08-01-2024,Apartment,44,434.38,"$133,955.38",Available,,01-08-2024,133955.38,308.3829366
110384,11,08-01-2024,Apartment,44,434.38,"$113,212.24",Sold,C1561,01-08-2024,113212.24,260.6294949
110396,11,08-01-2024,Apartment,47,1456.74,"$429,662.41",Sold,C1770,01-08-2024,429662.41,294.9479042
110439,11,08-01-2024,Apartment,52,1397.58,"$446,919.96",Sold,C1582,01-08-2024,446919.96,319.7813077
110454,11,08-01-2024,Apartment,52,1397.58,"$338,606.44",Sold,C1398,01-08-2024,338606.44,242.2805421
110470,11,08-01-2024,Office,56,724.8,"$275,203.33",Sold,C0675,01-08-2024,275203.33,379.6955436
110477,11,08-01-2024,Apartment,56,724.8,"$240,507.75",Sold,C1623,01-08-2024,240507.75,331.8263659
110500,11,08-01-2024,Apartment,60,1295.04,"$364,614.80",Sold,C1405,01-08-2024,364614.8,281.5471337
110501,11,08-01-2024,Apartment,60,1295.04,"$402,637.69",Available,,01-08-2024,402637.69,310.9075318
110505,11,08-01-2024,Apartment,60,1295.04,"$390,197.22",Sold,C0205,01-08-2024,390197.22,301.301288
110515,11,08-01-2024,Apartment,61,1299.46,"$371,382.35",Sold,C0196,01-08-2024,371382.35,285.7974466
110517,11,08-01-2024,Apartment,61,1299.46,"$325,677.30",Sold,C0475,01-08-2024,325677.3,250.6251058
110522,11,08-01-2024,Apartment,62,1938.82,"$608,153.01",Sold,C1914,01-08-2024,608153.01,313.671723
120005,12,08-01-2024,Apartment,1,839.95,"$239,395.32",Sold,C1499,01-08-2024,239395.32,285.0113935
120012,12,08-01-2024,Office,2,1285.87,"$316,852.12",Sold,C0081,01-08-2024,316852.12,246.4106947
120062,12,08-01-2024,Apartment,8,1803.36,"$569,991.39",Available,,01-08-2024,569991.39,316.0718825
120080,12,08-01-2024,Apartment,10,1642.26,"$460,422.98",Available,,01-08-2024,460422.98,280.3593706
120082,12,08-01-2024,Apartment,10,1642.26,"$459,833.04",Sold,C0980,01-08-2024,459833.04,280.0001461
120086,12,08-01-2024,Apartment,11,1348.81,"$441,469.06",Available,,01-08-2024,441469.06,327.3026297
120111,12,08-01-2024,Apartment,14,1369.96,"$360,212.79",Available,,01-08-2024,360212.79,262.9367208
120138,12,08-01-2024,Apartment,16,1523.02,"$394,259.83",Available,,01-08-2024,394259.83,258.867139
120167,12,08-01-2024,Apartment,19,1381.22,"$466,289.68",Sold,C1630,01-08-2024,466289.68,337.592621
120169,12,08-01-2024,Apartment,19,1381.22,"$388,642.30",Sold,C1082,01-08-2024,388642.3,281.3761023
120250,12,08-01-2024,Apartment,27,871.52,"$267,678.19",Available,,01-08-2024,267678.19,307.139469
120252,12,08-01-2024,Apartment,27,871.52,"$252,330.60",Available,,01-08-2024,252330.6,289.5293281
120255,12,08-01-2024,Apartment,27,871.52,"$210,380.12",Sold,C1809,01-08-2024,210380.12,241.3944832
120303,12,08-01-2024,Apartment,34,1817.64,"$527,252.15",Sold,C0680,01-08-2024,527252.15,290.0751249
120358,12,08-01-2024,Apartment,38,1157.23,"$342,143.75",Sold,C0181,01-08-2024,342143.75,295.6575184
130037,13,08-01-2024,Apartment,3,979.64,"$286,118.52",Sold,C0961,01-08-2024,286118.52,292.0649626
130050,13,08-01-2024,Apartment,4,1629.74,"$478,684.48",Available,,01-08-2024,478684.48,293.7183109
130063,13,08-01-2024,Apartment,6,1240.96,"$390,916.24",Sold,C1284,01-08-2024,390916.24,315.0111527
130133,13,08-01-2024,Apartment,15,458.29,"$136,078.52",Sold,C0121,01-08-2024,136078.52,296.9266622
130159,13,08-01-2024,Apartment,18,1820.34,"$559,214.04",Available,,01-08-2024,559214.04,307.203072
130215,13,08-01-2024,Apartment,24,1044.69,"$269,707.97",Sold,C1169,01-08-2024,269707.97,258.1703376
130231,13,08-01-2024,Apartment,27,885.68,"$288,464.28",Sold,C1953,01-08-2024,288464.28,325.6980851
130294,13,08-01-2024,Apartment,33,1445.84,"$487,604.60",Sold,C1657,01-08-2024,487604.6,337.2465833
130345,13,08-01-2024,Apartment,38,656.42,"$196,835.54",Sold,C1046,01-08-2024,196835.54,299.8621919
130347,13,08-01-2024,Apartment,38,656.42,"$183,622.20",Available,,01-08-2024,183622.2,279.732793
130360,13,08-01-2024,Apartment,40,571.5,"$165,789.26",Sold,C0855,01-08-2024,165789.26,290.0949431
130369,13,08-01-2024,Apartment,40,571.5,"$167,979.77",Available,,01-08-2024,167979.77,293.9278565
130380,13,08-01-2024,Office,42,1044.42,"$368,709.90",Available,,01-08-2024,368709.9,353.0283794
130381,13,08-01-2024,Apartment,42,1044.42,"$303,510.54",Sold,C0494,01-08-2024,303510.54,290.6019992
130397,13,08-01-2024,Apartment,44,470.06,"$151,969.10",Sold,C0710,01-08-2024,151969.1,323.2972387
130409,13,08-01-2024,Office,46,1098.38,"$389,593.41",Sold,C0393,01-08-2024,389593.41,354.698201
130414,13,08-01-2024,Apartment,47,1874.35,"$547,366.98",Sold,C0261,01-08-2024,547366.98,292.0302932
130422,13,08-01-2024,Apartment,47,1874.35,"$561,188.46",Available,,01-08-2024,561188.46,299.4043055
130481,13,08-01-2024,Apartment,55,710.41,"$215,193.49",Sold,C0008,01-08-2024,215193.49,302.9145001
130509,13,08-01-2024,Apartment,59,1434.04,"$365,230.54",Sold,C1339,01-08-2024,365230.54,254.6864383
130519,13,08-01-2024,Apartment,60,1401.81,"$415,905.22",Available,,01-08-2024,415905.22,296.6915773
140002,14,08-01-2024,Apartment,1,1750.63,"$491,311.61",Sold,C1662,01-08-2024,491311.61,280.648458
140013,14,08-01-2024,Office,3,645.76,"$214,955.52",Sold,C1177,01-08-2024,214955.52,332.8721506
140024,14,08-01-2024,Apartment,5,424.34,"$121,700.70",Sold,C0208,01-08-2024,121700.7,286.7999717
140043,14,08-01-2024,Office,7,641.37,"$174,222.31",Sold,C1010,01-08-2024,174222.31,271.6408781
140062,14,08-01-2024,Office,8,618.89,"$186,137.23",Available,,01-08-2024,186137.23,300.7597958
140080,14,08-01-2024,Apartment,11,1431.42,"$447,757.81",Sold,C1326,01-08-2024,447757.81,312.8067304
140105,14,08-01-2024,Apartment,12,459.44,"$139,857.47",Sold,C1033,01-08-2024,139857.47,304.4085626
140163,14,08-01-2024,Apartment,17,686.6,"$206,078.02",Sold,C1950,01-08-2024,206078.02,300.1427614
140167,14,08-01-2024,Apartment,17,686.6,"$179,985.88",Sold,C1434,01-08-2024,179985.88,262.1408098
140205,14,08-01-2024,Apartment,22,1148.66,"$252,705.20",Available,,01-08-2024,252705.2,220
140243,14,08-01-2024,Apartment,27,1866.49,"$490,641.90",Sold,C1260,01-08-2024,490641.9,262.8687536
140260,14,08-01-2024,Apartment,29,1618.34,"$493,040.60",Available,,01-08-2024,493040.6,304.65823
140276,14,08-01-2024,Apartment,32,1120.81,"$406,491.67",Sold,C1030,01-08-2024,406491.67,362.6766981
140281,14,08-01-2024,Apartment,33,1894.96,"$537,445.29",Sold,C1713,01-08-2024,537445.29,283.6182769
140319,14,08-01-2024,Office,38,1170.11,"$399,503.66",Available,,01-08-2024,399503.66,341.42402
140411,14,08-01-2024,Apartment,49,1231.75,"$344,775.72",Sold,C0312,01-08-2024,344775.72,279.9072214
140434,14,08-01-2024,Apartment,51,1346.3,"$413,563.21",Sold,C1083,01-08-2024,413563.21,307.1850331
140441,14,08-01-2024,Apartment,52,571.74,"$190,085.31",Available,,01-08-2024,190085.31,332.4680974
150025,15,08-01-2024,Apartment,3,748.99,"$229,219.76",Sold,C0880,01-08-2024,229219.76,306.0384785
150041,15,08-01-2024,Apartment,6,938.57,"$315,848.16",Sold,C1712,01-08-2024,315848.16,336.5206218
150067,15,08-01-2024,Apartment,10,1072.95,"$315,265.89",Sold,C1382,01-08-2024,315265.89,293.8309241
150166,15,08-01-2024,Apartment,21,1271.25,"$307,847.52",Available,,01-08-2024,307847.52,242.1612743
150167,15,08-01-2024,Apartment,21,1271.25,"$436,379.26",Sold,C1947,01-08-2024,436379.26,343.2678545
150200,15,08-01-2024,Apartment,23,1279.23,"$356,606.94",Available,,01-08-2024,356606.94,278.7668676
150205,15,08-01-2024,Office,24,924.36,"$296,117.51",Available,,01-08-2024,296117.51,320.3486845
150227,15,08-01-2024,Apartment,26,961.01,"$292,321.20",Sold,C1846,01-08-2024,292321.2,304.181226
150251,15,08-01-2024,Apartment,30,1523.22,"$335,108.40",Available,,01-08-2024,335108.4,220
150347,15,08-01-2024,Apartment,40,982.37,"$332,218.24",Sold,C1819,01-08-2024,332218.24,338.1803597
150374,15,08-01-2024,Apartment,47,1358.77,"$362,372.68",Sold,C1079,01-08-2024,362372.68,266.6916991
150379,15,08-01-2024,Apartment,48,1403.33,"$438,050.18",Sold,C0113,01-08-2024,438050.18,312.1505134
150386,15,08-01-2024,Apartment,49,460.17,"$110,967.48",Sold,C1488,01-08-2024,110967.48,241.1445335
150397,15,08-01-2024,Apartment,50,1841.5,"$565,444.67",Sold,C0747,01-08-2024,565444.67,307.056568
150457,15,08-01-2024,Apartment,55,892.75,"$247,337.57",Sold,C0378,01-08-2024,247337.57,277.0513246
150468,15,08-01-2024,Apartment,56,939.93,"$283,283.47",Sold,C1743,01-08-2024,283283.47,301.3878374
150509,15,08-01-2024,Apartment,60,1033.2,"$353,140.87",Sold,C0592,01-08-2024,353140.87,341.7933314
160063,16,08-01-2024,Apartment,8,986.18,"$290,736.09",Sold,C0650,01-08-2024,290736.09,294.8103693
160064,16,08-01-2024,Apartment,8,986.18,"$300,082.74",Sold,C0183,01-08-2024,300082.74,304.2880002
160072,16,08-01-2024,Office,9,1524.04,"$398,189.98",Available,,01-08-2024,398189.98,261.2726569
160089,16,08-01-2024,Office,10,1608.56,"$512,534.15",Sold,C1801,01-08-2024,512534.15,318.6291776
160099,16,08-01-2024,Apartment,11,1288.42,"$398,516.06",Sold,C1296,01-08-2024,398516.06,309.3060182
160119,16,08-01-2024,Apartment,13,500.49,"$145,140.27",Sold,C1746,01-08-2024,145140.27,289.9963436
160120,16,08-01-2024,Apartment,13,500.49,"$134,618.94",Sold,C0426,01-08-2024,134618.94,268.9742852
160123,16,08-01-2024,Apartment,13,500.49,"$138,369.04",Available,,01-08-2024,138369.04,276.4671422
160124,16,08-01-2024,Apartment,14,660.84,"$195,270.55",Sold,C1335,01-08-2024,195270.55,295.4883936
160132,16,08-01-2024,Apartment,15,1365.29,"$343,967.38",Sold,C1800,01-08-2024,343967.38,251.9372295
160147,16,08-01-2024,Apartment,18,1432.77,"$415,439.74",Sold,C0945,01-08-2024,415439.74,289.9556384
160181,16,08-01-2024,Office,22,1575.06,"$521,903.27",Available,,01-08-2024,521903.27,331.3545325
160204,16,08-01-2024,Apartment,25,853.37,"$284,273.40",Sold,C0318,01-08-2024,284273.4,333.1185769
160233,16,08-01-2024,Apartment,28,1440.71,"$387,494.05",Sold,C1626,01-08-2024,387494.05,268.9604778
160244,16,08-01-2024,Office,28,1440.71,"$420,981.07",Sold,C0189,01-08-2024,420981.07,292.2038925
160260,16,08-01-2024,Apartment,31,1336.97,"$467,065.87",Sold,C0313,01-08-2024,467065.87,349.3465598
160291,16,08-01-2024,Apartment,35,629.97,"$190,909.23",Sold,C0718,01-08-2024,190909.23,303.0449545
160313,16,08-01-2024,Apartment,37,922.03,"$285,774.24",Sold,C1478,01-08-2024,285774.24,309.9402839
160317,16,08-01-2024,Apartment,37,922.03,"$272,780.53",Sold,C0296,01-08-2024,272780.53,295.8477815
160333,16,08-01-2024,Apartment,39,1562.93,"$394,524.62",Sold,C1538,01-08-2024,394524.62,252.4262891
160340,16,08-01-2024,Office,41,1001.72,"$369,988.32",Sold,C0371,01-08-2024,369988.32,369.3530328
160353,16,08-01-2024,Apartment,41,1001.72,"$285,360.69",Sold,C1357,01-08-2024,285360.69,284.8707124
160375,16,08-01-2024,Apartment,43,1185.4,"$300,276.81",Sold,C0713,01-08-2024,300276.81,253.3126455
160387,16,08-01-2024,Apartment,44,1695.03,"$461,029.16",Sold,C1303,01-08-2024,461029.16,271.9887908
170004,17,08-01-2024,Apartment,1,530.28,"$134,038.01",Sold,C0106,01-08-2024,134038.01,252.7683677
170006,17,08-01-2024,Office,1,530.28,"$157,263.39",Sold,C1158,01-08-2024,157263.39,296.5667006
170008,17,08-01-2024,Apartment,1,530.28,"$146,707.13",Sold,C1959,01-08-2024,146707.13,276.6597458
170009,17,08-01-2024,Apartment,1,530.28,"$122,112.70",Sold,C0900,01-08-2024,122112.7,230.2796636
170036,17,08-01-2024,Apartment,3,484.72,"$141,290.15",Sold,C0820,01-08-2024,141290.15,291.4881787
170056,17,08-01-2024,Apartment,7,1300.91,"$420,451.63",Available,,01-08-2024,420451.63,323.1980921
170087,17,08-01-2024,Office,10,1059.07,"$339,839.54",Available,,01-08-2024,339839.54,320.8848707
170088,17,08-01-2024,Office,11,596.22,"$183,555.68",Sold,C0892,01-08-2024,183555.68,307.8656872
170109,17,08-01-2024,Apartment,13,916.9,"$257,050.56",Sold,C1272,01-08-2024,257050.56,280.3474316
170113,17,08-01-2024,Office,13,916.9,"$296,861.39",Available,,01-08-2024,296861.39,323.7663758
170143,17,08-01-2024,Apartment,16,1693,"$516,518.28",Available,,01-08-2024,516518.28,305.0905375
170148,17,08-01-2024,Apartment,16,1693,"$476,221.14",Sold,C1056,01-08-2024,476221.14,281.2883284
170153,17,08-01-2024,Apartment,16,1693,"$472,201.01",Available,,01-08-2024,472201.01,278.9137685
170187,17,08-01-2024,Apartment,20,792.27,"$225,004.18",Available,,01-08-2024,225004.18,283.9993689
170198,17,08-01-2024,Apartment,22,1221.66,"$337,688.76",Sold,C0669,01-08-2024,337688.76,276.4179559
170220,17,08-01-2024,Apartment,26,929.59,"$306,045.09",Sold,C1936,01-08-2024,306045.09,329.2258845
170243,17,08-01-2024,Apartment,27,677.24,"$220,091.71",Available,,01-08-2024,220091.71,324.9833294
170290,17,08-01-2024,Apartment,35,1667.01,"$551,578.92",Sold,C0875,01-08-2024,551578.92,330.8791909
170305,17,08-01-2024,Apartment,38,721.83,"$192,842.11",Available,,01-08-2024,192842.11,267.1572392
170334,17,08-01-2024,Apartment,41,1422.93,"$345,739.94",Sold,C1294,01-08-2024,345739.94,242.9774761
170342,17,08-01-2024,Office,42,691.03,"$237,824.52",Sold,C1139,01-08-2024,237824.52,344.1594721
170356,17,08-01-2024,Apartment,46,1582.61,"$425,505.24",Sold,C0091,01-08-2024,425505.24,268.8629795
170364,17,08-01-2024,Office,46,1582.61,"$463,208.89",Sold,C1558,01-08-2024,463208.89,292.6866948
170379,17,08-01-2024,Office,47,1106.83,"$345,733.89",Available,,01-08-2024,345733.89,312.3640396
170391,17,08-01-2024,Office,48,1833.96,"$658,501.84",Sold,C0708,01-08-2024,658501.84,359.0600886
170398,17,08-01-2024,Apartment,48,1833.96,"$654,336.12",Sold,C1922,01-08-2024,654336.12,356.7886541
170412,17,08-01-2024,Apartment,48,1833.96,"$554,502.82",Sold,C0873,01-08-2024,554502.82,302.352734
170423,17,08-01-2024,Apartment,49,1283.67,"$296,670.36",Sold,C1317,01-08-2024,296670.36,231.11108
170445,17,08-01-2024,Apartment,51,1375.52,"$374,278.05",Sold,C1596,01-08-2024,374278.05,272.0993152
180024,18,08-01-2024,Apartment,3,524.48,"$169,127.84",Available,,01-08-2024,169127.84,322.4676632
180070,18,08-01-2024,Apartment,9,894.92,"$290,846.46",Available,,01-08-2024,290846.46,324.9971618
180087,18,08-01-2024,Office,12,1692.5,"$537,026.30",Available,,01-08-2024,537026.3,317.2976662
180141,18,08-01-2024,Apartment,18,1127.95,"$276,836.97",Sold,C0133,01-08-2024,276836.97,245.4337249
180146,18,08-01-2024,Apartment,19,1268.1,"$463,019.11",Sold,C1332,01-08-2024,463019.11,365.1282312
180163,18,08-01-2024,Apartment,21,1790.69,"$525,651.46",Sold,C0258,01-08-2024,525651.46,293.5468786
180208,18,08-01-2024,Apartment,26,1147.71,"$293,263.17",Sold,C0182,01-08-2024,293263.17,255.5202708
180216,18,08-01-2024,Apartment,27,650.82,"$195,055.13",Sold,C0976,01-08-2024,195055.13,299.7067238
180238,18,08-01-2024,Apartment,29,578.36,"$179,317.03",Sold,C0254,01-08-2024,179317.03,310.0439692
180246,18,08-01-2024,Office,30,1795.66,"$499,388.61",Sold,C0145,01-08-2024,499388.61,278.1086676
180277,18,08-01-2024,Apartment,33,1191.96,"$371,990.04",Sold,C1420,01-08-2024,371990.04,312.0826538
180289,18,08-01-2024,Apartment,35,799.05,"$279,951.27",Sold,C0203,01-08-2024,279951.27,350.3551342
180298,18,08-01-2024,Apartment,36,1089.77,"$341,709.06",Available,,01-08-2024,341709.06,313.5607146
180304,18,08-01-2024,Apartment,36,1089.77,"$407,549.02",Available,,01-08-2024,407549.02,373.9770961
180310,18,08-01-2024,Office,36,1089.77,"$316,197.42",Available,,01-08-2024,316197.42,290.1506006
180319,18,08-01-2024,Office,37,1092.32,"$264,876.66",Sold,C0501,01-08-2024,264876.66,242.4899846
180337,18,08-01-2024,Apartment,38,1219.8,"$413,395.19",Available,,01-08-2024,413395.19,338.9040744
180353,18,08-01-2024,Apartment,40,990.46,"$314,671.53",Sold,C1727,01-08-2024,314671.53,317.702411
180403,18,08-01-2024,Apartment,45,1627.52,"$546,912.64",Available,,01-08-2024,546912.64,336.0405033
180413,18,08-01-2024,Apartment,47,520.85,"$186,191.12",Available,,01-08-2024,186191.12,357.4755112
180422,18,08-01-2024,Apartment,48,564.59,"$191,460.18",Available,,01-08-2024,191460.18,339.1136577
180438,18,08-01-2024,Office,49,1457.92,"$521,808.80",Sold,C1756,01-08-2024,521808.8,357.9131914
180490,18,08-01-2024,Office,54,1756.12,"$562,560.39",Sold,C1302,01-08-2024,562560.39,320.3427955
180500,18,08-01-2024,Apartment,55,930.04,"$291,612.26",Sold,C1700,01-08-2024,291612.26,313.548084
180516,18,08-01-2024,Apartment,58,955.23,"$304,588.09",Sold,C0480,01-08-2024,304588.09,318.863614
180527,18,08-01-2024,Apartment,59,1900.58,"$609,119.66",Available,,01-08-2024,609119.66,320.4914605
180548,18,08-01-2024,Apartment,62,1330.41,"$396,779.80",Sold,C1212,01-08-2024,396779.8,298.2387384
180580,18,08-01-2024,Office,67,1664.17,"$455,695.00",Sold,C0280,01-08-2024,455695,273.8271931
180584,18,08-01-2024,Apartment,67,1664.17,"$528,551.13",Sold,C0667,01-08-2024,528551.13,317.6064525
190003,19,08-01-2024,Apartment,2,1550.33,"$465,588.20",Available,,01-08-2024,465588.2,300.3155457
190023,19,08-01-2024,Apartment,4,1225.38,"$412,343.56",Available,,01-08-2024,412343.56,336.5026033
190044,19,08-01-2024,Apartment,7,973.6,"$291,591.44",Available,,01-08-2024,291591.44,299.4981923
190046,19,08-01-2024,Apartment,8,974.77,"$291,671.99",Sold,C1725,01-08-2024,291671.99,299.2213445
190050,19,08-01-2024,Office,8,974.77,"$325,785.51",Sold,C0739,01-08-2024,325785.51,334.2178257
190058,19,08-01-2024,Apartment,8,974.77,"$287,361.39",Sold,C1841,01-08-2024,287361.39,294.7991731
190084,19,08-01-2024,Apartment,13,766.61,"$249,885.73",Available,,01-08-2024,249885.73,325.9620015
190087,19,08-01-2024,Apartment,13,766.61,"$215,063.40",Available,,01-08-2024,215063.4,280.5382137
190119,19,08-01-2024,Apartment,16,1711.98,"$578,707.72",Sold,C0593,01-08-2024,578707.72,338.0341593
190156,19,08-01-2024,Apartment,20,1772.03,"$621,748.81",Sold,C1535,01-08-2024,621748.81,350.8681061
190163,19,08-01-2024,Office,20,1772.03,"$627,200.92",Sold,C0940,01-08-2024,627200.92,353.9448655
190192,19,08-01-2024,Apartment,23,1592.45,"$471,923.26",Sold,C1254,01-08-2024,471923.26,296.3504411
190193,19,08-01-2024,Office,23,1592.45,"$480,540.62",Sold,C0010,01-08-2024,480540.62,301.7618261
190234,19,08-01-2024,Apartment,28,1599.78,"$515,843.73",Sold,C0452,01-08-2024,515843.73,322.4466677
190250,19,08-01-2024,Apartment,29,1657.84,"$541,632.06",Sold,C0316,01-08-2024,541632.06,326.7094895
190269,19,08-01-2024,Office,31,1089.64,"$325,758.94",Sold,C0791,01-08-2024,325758.94,298.960152
190274,19,08-01-2024,Apartment,31,1089.64,"$300,577.88",Sold,C1787,01-08-2024,300577.88,275.8506296
190324,19,08-01-2024,Office,39,1237.04,"$410,805.27",Available,,01-08-2024,410805.27,332.0872971
190332,19,08-01-2024,Apartment,40,893.49,"$261,981.89",Available,,01-08-2024,261981.89,293.2118882
190346,19,08-01-2024,Apartment,40,893.49,"$287,637.11",Available,,01-08-2024,287637.11,321.9253825
190351,19,08-01-2024,Apartment,41,1657.19,"$522,575.71",Sold,C0188,01-08-2024,522575.71,315.3384404
190361,19,08-01-2024,Apartment,42,1137.59,"$321,147.34",Available,,01-08-2024,321147.34,282.3049956
190374,19,08-01-2024,Apartment,42,1137.59,"$321,042.52",Sold,C1310,01-08-2024,321042.52,282.2128535
190430,19,08-01-2024,Apartment,50,1227.01,"$364,302.20",Sold,C1258,01-08-2024,364302.2,296.9023887
200006,20,08-01-2024,Apartment,1,1898.39,"$537,290.74",Sold,C1940,01-08-2024,537290.74,283.024426
200011,20,08-01-2024,Apartment,1,1898.39,"$631,978.89",Available,,01-08-2024,631978.89,332.9025595
200021,20,08-01-2024,Apartment,2,1669.84,"$523,453.53",Available,,01-08-2024,523453.53,313.4752611
200027,20,08-01-2024,Apartment,2,1669.84,"$456,062.20",Available,,01-08-2024,456062.2,273.1173047
200077,20,08-01-2024,Apartment,10,1714.22,"$539,502.22",Available,,01-08-2024,539502.22,314.7216927
200078,20,08-01-2024,Office,10,1714.22,"$506,626.34",Sold,C0888,01-08-2024,506626.34,295.5433608
200122,20,08-01-2024,Office,16,645.44,"$222,102.75",Sold,C0757,01-08-2024,222102.75,344.1106067
200123,20,08-01-2024,Apartment,16,645.44,"$214,159.01",Sold,C1466,01-08-2024,214159.01,331.8031265
200124,20,08-01-2024,Apartment,16,645.44,"$210,514.61",Sold,C0653,01-08-2024,210514.61,326.1567458
200130,20,08-01-2024,Apartment,16,645.44,"$187,628.25",Sold,C1241,01-08-2024,187628.25,290.6982059
200183,20,08-01-2024,Apartment,19,759.72,"$219,368.74",Available,,01-08-2024,219368.74,288.7494603
200195,20,08-01-2024,Apartment,23,501.48,"$156,439.68",Sold,C0432,01-08-2024,156439.68,311.9559703
200198,20,08-01-2024,Apartment,24,1188.07,"$298,840.09",Available,,01-08-2024,298840.09,251.5340763
200210,20,08-01-2024,Office,26,1941.62,"$649,429.33",Sold,C1641,01-08-2024,649429.33,334.4780802
200231,20,08-01-2024,Apartment,29,1844.16,"$498,763.21",Available,,01-08-2024,498763.21,270.4554974
200241,20,08-01-2024,Apartment,30,1703.94,"$520,269.17",Sold,C0387,01-08-2024,520269.17,305.333034
200249,20,08-01-2024,Apartment,30,1703.94,"$457,896.70",Sold,C0913,01-08-2024,457896.7,268.7281829
200292,20,08-01-2024,Apartment,32,1630.81,"$491,343.75",Sold,C0860,01-08-2024,491343.75,301.2881636
200302,20,08-01-2024,Apartment,33,630.53,"$171,040.21",Sold,C1985,01-08-2024,171040.21,271.2641904
200321,20,08-01-2024,Apartment,35,1689.54,"$527,460.48",Available,,01-08-2024,527460.48,312.1917682
200383,20,08-01-2024,Apartment,42,811.56,"$270,501.66",Sold,C1402,01-08-2024,270501.66,333.3107349
200446,20,08-01-2024,Apartment,50,493.06,"$115,337.65",Sold,C1712,01-08-2024,115337.65,233.9221393
200456,20,08-01-2024,Apartment,51,1062.33,"$323,664.25",Sold,C0529,01-08-2024,323664.25,304.6739243
200492,20,08-01-2024,Apartment,57,445.15,"$131,530.57",Sold,C1820,01-08-2024,131530.57,295.4747164
1017,1,09-01-2024,Apartment,17,1434.09,"$432,679.91",Sold,C0013,01-09-2024,432679.91,301.7104296
1031,1,09-01-2024,Apartment,31,782.25,"$265,467.68",Sold,C0111,01-09-2024,265467.68,339.3642442
1042,1,09-01-2024,Apartment,42,625.8,"$204,027.09",Sold,C0005,01-09-2024,204027.09,326.0260307
2012,2,09-01-2024,Apartment,12,785.48,"$237,207.68",Sold,C0156,01-09-2024,237207.68,301.9907318
2054,2,09-01-2024,Apartment,54,1203.29,"$306,363.64",Sold,C0062,01-09-2024,306363.64,254.6049913
3024,3,09-01-2024,Apartment,24,1596.35,"$495,570.44",Available,,01-09-2024,495570.44,310.4397156
3047,3,09-01-2024,Apartment,47,669.16,"$188,273.73",Sold,C0152,01-09-2024,188273.73,281.3583149
3049,3,09-01-2024,Apartment,49,1283.45,"$338,181.18",Sold,C0035,01-09-2024,338181.18,263.4938486
5021,5,09-01-2024,Apartment,21,798.28,"$234,750.59",Sold,C0072,01-09-2024,234750.59,294.0704891
5032,5,09-01-2024,Apartment,32,1273.55,"$338,472.13",Available,,01-09-2024,338472.13,265.7705862
5034,5,09-01-2024,Apartment,34,798.28,"$252,053.03",Sold,C0063,01-09-2024,252053.03,315.7451396
5035,5,09-01-2024,Apartment,35,798.28,"$261,742.74",Sold,C0129,01-09-2024,261742.74,327.8833743
5038,5,09-01-2024,Apartment,38,1273.55,"$448,574.67",Available,,01-09-2024,448574.67,352.2238389
10093,1,09-01-2024,Apartment,13,719.47,"$214,875.44",Available,,01-09-2024,214875.44,298.6579566
10125,1,09-01-2024,Apartment,15,765,"$194,962.40",Sold,C1825,01-09-2024,194962.4,254.8528105
10166,1,09-01-2024,Office,21,1957.16,"$669,332.95",Sold,C0154,01-09-2024,669332.95,341.9919424
10169,1,09-01-2024,Office,21,1957.16,"$484,259.13",Sold,C0172,01-09-2024,484259.13,247.429505
10176,1,09-01-2024,Apartment,22,740.83,"$197,115.11",Sold,C0334,01-09-2024,197115.11,266.0733367
10181,1,09-01-2024,Apartment,22,740.83,"$243,726.07",Sold,C0200,01-09-2024,243726.07,328.9905511
10201,1,09-01-2024,Apartment,24,1146.11,"$357,161.43",Sold,C1472,01-09-2024,357161.43,311.6292764
10206,1,09-01-2024,Apartment,24,1146.11,"$333,730.54",Sold,C1461,01-09-2024,333730.54,291.185436
10215,1,09-01-2024,Apartment,25,1154.92,"$357,694.00",Available,,01-09-2024,357694,309.7132269
10221,1,09-01-2024,Apartment,25,1154.92,"$298,524.77",Sold,C1904,01-09-2024,298524.77,258.4809078
10229,1,09-01-2024,Apartment,26,828.98,"$238,250.44",Available,,01-09-2024,238250.44,287.4019156
10241,1,09-01-2024,Apartment,28,1946.26,"$560,190.99",Available,,01-09-2024,560190.99,287.8294729
10254,1,09-01-2024,Apartment,29,757.2,"$226,296.24",Sold,C1653,01-09-2024,226296.24,298.859271
10268,1,09-01-2024,Apartment,29,757.2,"$216,506.59",Sold,C0950,01-09-2024,216506.59,285.9305203
10286,1,09-01-2024,Apartment,30,753.29,"$194,186.18",Sold,C0711,01-09-2024,194186.18,257.7840938
10289,1,09-01-2024,Apartment,31,619.78,"$138,775.59",Sold,C1271,01-09-2024,138775.59,223.9110491
10318,1,09-01-2024,Apartment,34,1469.14,"$408,958.01",Available,,01-09-2024,408958.01,278.3655812
10339,1,09-01-2024,Apartment,36,613.59,"$190,023.11",Sold,C0035,01-09-2024,190023.11,309.6906892
10340,1,09-01-2024,Apartment,36,613.59,"$162,561.81",Sold,C1302,01-09-2024,162561.81,264.9355596
10342,1,09-01-2024,Apartment,36,613.59,"$181,125.52",Available,,01-09-2024,181125.52,295.1898173
10378,1,09-01-2024,Apartment,42,800.21,"$251,143.26",Sold,C1784,01-09-2024,251143.26,313.8466902
10383,1,09-01-2024,Apartment,44,779.24,"$193,408.00",Sold,C0179,01-09-2024,193408,248.200811
10397,1,09-01-2024,Apartment,46,1153.16,"$315,385.63",Sold,C0453,01-09-2024,315385.63,273.4968521
10403,1,09-01-2024,Apartment,46,1153.16,"$327,615.65",Sold,C1890,01-09-2024,327615.65,284.1025096
10404,1,09-01-2024,Apartment,46,1153.16,"$350,443.70",Sold,C1100,01-09-2024,350443.7,303.8985917
10410,1,09-01-2024,Office,47,771.08,"$269,319.89",Sold,C0698,01-09-2024,269319.89,349.276197
20048,2,09-01-2024,Apartment,5,933.95,"$290,589.28",Sold,C0124,01-09-2024,290589.28,311.1400824
20052,2,09-01-2024,Apartment,6,967.84,"$342,436.55",Sold,C1211,01-09-2024,342436.55,353.8152484
20068,2,09-01-2024,Apartment,8,715.54,"$200,925.98",Available,,01-09-2024,200925.98,280.8032814
20072,2,09-01-2024,Apartment,8,715.54,"$222,122.40",Available,,01-09-2024,222122.4,310.4262515
20097,2,09-01-2024,Apartment,11,1625.05,"$467,367.79",Available,,01-09-2024,467367.79,287.6020984
20117,2,09-01-2024,Office,14,1296.39,"$471,747.53",Sold,C0807,01-09-2024,471747.53,363.8932189
20118,2,09-01-2024,Apartment,15,1603.33,"$510,854.18",Sold,C1883,01-09-2024,510854.18,318.6207331
20128,2,09-01-2024,Apartment,15,1603.33,"$510,596.18",Sold,C0710,01-09-2024,510596.18,318.459818
20205,2,09-01-2024,Office,23,1416.33,"$469,252.91",Sold,C0311,01-09-2024,469252.91,331.3160845
20207,2,09-01-2024,Apartment,24,785.12,"$258,831.53",Sold,C1519,01-09-2024,258831.53,329.6712987
20246,2,09-01-2024,Apartment,27,1211.51,"$324,573.71",Available,,01-09-2024,324573.71,267.9084036
20284,2,09-01-2024,Apartment,33,931.4,"$236,340.44",Sold,C0547,01-09-2024,236340.44,253.7475199
20307,2,09-01-2024,Apartment,36,641.72,"$174,905.89",Sold,C1124,01-09-2024,174905.89,272.5579536
20332,2,09-01-2024,Apartment,40,1599.45,"$449,085.55",Sold,C1218,01-09-2024,449085.55,280.7749852
20350,2,09-01-2024,Apartment,42,786.45,"$285,608.10",Sold,C1991,01-09-2024,285608.1,363.1611673
20403,2,09-01-2024,Apartment,47,708.32,"$227,037.41",Sold,C0848,01-09-2024,227037.41,320.5294358
20449,2,09-01-2024,Office,52,914.01,"$253,110.20",Sold,C1407,01-09-2024,253110.2,276.9227908
20480,2,09-01-2024,Apartment,55,579.26,"$177,044.70",Sold,C1773,01-09-2024,177044.7,305.6394365
20488,2,09-01-2024,Office,57,789.52,"$214,333.55",Available,,01-09-2024,214333.55,271.4732369
30010,3,09-01-2024,Apartment,1,689.75,"$199,404.41",Available,,01-09-2024,199404.41,289.0966437
30024,3,09-01-2024,Apartment,2,672.64,"$225,149.08",Sold,C1509,01-09-2024,225149.08,334.7244886
30067,3,09-01-2024,Apartment,7,744.01,"$222,946.88",Sold,C1673,01-09-2024,222946.88,299.6557573
30095,3,09-01-2024,Apartment,9,1125.84,"$288,325.95",Available,,01-09-2024,288325.95,256.0985131
30103,3,09-01-2024,Apartment,10,784.09,"$199,634.30",Available,,01-09-2024,199634.3,254.606359
30125,3,09-01-2024,Apartment,11,1283.1,"$386,247.15",Sold,C0432,01-09-2024,386247.15,301.0265373
30133,3,09-01-2024,Apartment,12,657.47,"$199,816.53",Sold,C1095,01-09-2024,199816.53,303.9173346
30151,3,09-01-2024,Apartment,16,1587.26,"$561,242.82",Sold,C0239,01-09-2024,561242.82,353.5922407
30157,3,09-01-2024,Apartment,18,706.68,"$222,032.52",Sold,C1781,01-09-2024,222032.52,314.1910341
30164,3,09-01-2024,Apartment,18,706.68,"$220,806.64",Sold,C0361,01-09-2024,220806.64,312.456331
30212,3,09-01-2024,Apartment,24,776.04,"$259,304.05",Sold,C1868,01-09-2024,259304.05,334.13748
30229,3,09-01-2024,Apartment,26,923.9,"$294,213.22",Sold,C1926,01-09-2024,294213.22,318.4470397
30235,3,09-01-2024,Apartment,27,1117.14,"$331,425.23",Sold,C1721,01-09-2024,331425.23,296.6729595
30241,3,09-01-2024,Apartment,27,1117.14,"$318,660.06",Available,,01-09-2024,318660.06,285.2463075
30243,3,09-01-2024,Office,28,679.93,"$242,053.92",Available,,01-09-2024,242053.92,355.9982939
30271,3,09-01-2024,Apartment,30,796.57,"$218,357.69",Sold,C1786,01-09-2024,218357.69,274.1224123
30275,3,09-01-2024,Apartment,30,796.57,"$243,603.83",Sold,C0751,01-09-2024,243603.83,305.8159735
30282,3,09-01-2024,Apartment,33,683.33,"$231,932.27",Sold,C1282,01-09-2024,231932.27,339.4147337
30285,3,09-01-2024,Apartment,34,768.76,"$266,133.71",Sold,C0028,01-09-2024,266133.71,346.1856886
30322,3,09-01-2024,Apartment,39,1598.95,"$446,265.37",Sold,C1955,01-09-2024,446265.37,279.099015
30324,3,09-01-2024,Apartment,40,678.71,"$188,578.82",Sold,C1957,01-09-2024,188578.82,277.8488898
30326,3,09-01-2024,Apartment,40,678.71,"$204,319.70",Sold,C1750,01-09-2024,204319.7,301.04124
30332,3,09-01-2024,Apartment,40,678.71,"$173,400.82",Available,,01-09-2024,173400.82,255.4858776
30341,3,09-01-2024,Apartment,41,965.5,"$282,714.64",Sold,C1656,01-09-2024,282714.64,292.8168203
30353,3,09-01-2024,Apartment,43,928.43,"$250,208.08",Sold,C0852,01-09-2024,250208.08,269.4959017
30357,3,09-01-2024,Apartment,44,673.86,"$215,993.99",Sold,C0180,01-09-2024,215993.99,320.53244
30358,3,09-01-2024,Apartment,44,673.86,"$206,911.50",Sold,C0199,01-09-2024,206911.5,307.0541359
30391,3,09-01-2024,Office,48,783.39,"$295,212.95",Sold,C1419,01-09-2024,295212.95,376.840335
30395,3,09-01-2024,Apartment,48,783.39,"$211,107.79",Available,,01-09-2024,211107.79,269.4798121
30398,3,09-01-2024,Apartment,49,1174.48,"$345,694.12",Sold,C1210,01-09-2024,345694.12,294.3380219
30441,3,09-01-2024,Apartment,51,693.85,"$172,998.05",Sold,C1387,01-09-2024,172998.05,249.330619
40013,4,09-01-2024,Apartment,2,1620.07,"$474,177.38",Sold,C1647,01-09-2024,474177.38,292.6894393
40075,4,09-01-2024,Apartment,10,1614.62,"$503,108.67",Sold,C0759,01-09-2024,503108.67,311.5957129
40122,4,09-01-2024,Apartment,14,1322.66,"$428,558.17",Sold,C0620,01-09-2024,428558.17,324.0123463
40148,4,09-01-2024,Office,18,1294.91,"$409,266.01",Sold,C0386,01-09-2024,409266.01,316.0574943
40182,4,09-01-2024,Apartment,22,737.92,"$236,557.17",Sold,C0420,01-09-2024,236557.17,320.5729212
40211,4,09-01-2024,Apartment,26,790.05,"$270,084.21",Sold,C0801,01-09-2024,270084.21,341.8571103
40295,4,09-01-2024,Apartment,34,795.1,"$273,177.97",Sold,C1204,01-09-2024,273177.97,343.5768708
40304,4,09-01-2024,Apartment,36,736.77,"$208,529.56",Sold,C0416,01-09-2024,208529.56,283.0320996
40361,4,09-01-2024,Apartment,43,1616.99,"$564,033.78",Sold,C1895,01-09-2024,564033.78,348.8171108
40379,4,09-01-2024,Apartment,45,1160.48,"$375,334.56",Available,,01-09-2024,375334.56,323.4304426
40385,4,09-01-2024,Apartment,45,1160.48,"$376,005.15",Sold,C0194,01-09-2024,376005.15,324.0082983
40407,4,09-01-2024,Apartment,46,800.23,"$224,651.58",Sold,C1857,01-09-2024,224651.58,280.733764
40409,4,09-01-2024,Apartment,47,805.88,"$219,069.86",Sold,C1396,01-09-2024,219069.86,271.8393061
40436,4,09-01-2024,Office,51,802.11,"$281,964.37",Sold,C1865,01-09-2024,281964.37,351.5283066
50005,5,09-01-2024,Apartment,2,795.91,"$256,829.42",Sold,C1091,01-09-2024,256829.42,322.6865098
50009,5,09-01-2024,Apartment,2,795.91,"$237,033.66",Sold,C0931,01-09-2024,237033.66,297.8146524
50039,5,09-01-2024,Apartment,8,782.15,"$258,168.24",Sold,C1067,01-09-2024,258168.24,330.0751007
50085,5,09-01-2024,Apartment,11,1058.56,"$311,827.97",Sold,C0468,01-09-2024,311827.97,294.577511
50110,5,09-01-2024,Apartment,13,791.13,"$278,539.81",Sold,C1320,01-09-2024,278539.81,352.0784321
50133,5,09-01-2024,Apartment,17,798.74,"$249,689.04",Sold,C0189,01-09-2024,249689.04,312.6036507
50148,5,09-01-2024,Apartment,19,819.72,"$242,140.66",Sold,C0313,01-09-2024,242140.66,295.3943542
50158,5,09-01-2024,Apartment,22,1059.78,"$295,506.38",Sold,C1148,01-09-2024,295506.38,278.8374757
50182,5,09-01-2024,Apartment,23,1006.65,"$236,109.63",Sold,C0967,01-09-2024,236109.63,234.5498733
50245,5,09-01-2024,Apartment,32,1051.39,"$294,558.36",Sold,C1106,01-09-2024,294558.36,280.1608918
50251,5,09-01-2024,Apartment,33,1787.13,"$533,390.74",Sold,C0207,01-09-2024,533390.74,298.4621936
50281,5,09-01-2024,Apartment,36,627.56,"$213,990.68",Sold,C0238,01-09-2024,213990.68,340.9883995
50285,5,09-01-2024,Apartment,36,627.56,"$201,970.13",Available,,01-09-2024,201970.13,321.833976
50299,5,09-01-2024,Apartment,40,1053.41,"$281,442.76",Available,,01-09-2024,281442.76,267.1730475
50334,5,09-01-2024,Apartment,43,802.72,"$254,694.60",Sold,C0352,01-09-2024,254694.6,317.2894658
50363,5,09-01-2024,Apartment,44,806.03,"$218,646.74",Sold,C1018,01-09-2024,218646.74,271.2637743
50364,5,09-01-2024,Apartment,44,806.03,"$239,939.60",Available,,01-09-2024,239939.6,297.6807315
50387,5,09-01-2024,Office,46,1272.95,"$483,565.19",Sold,C0287,01-09-2024,483565.19,379.8775993
50403,5,09-01-2024,Apartment,47,1241.14,"$384,719.50",Sold,C0557,01-09-2024,384719.5,309.9726864
50418,5,09-01-2024,Apartment,48,788.04,"$247,655.06",Sold,C0506,01-09-2024,247655.06,314.2671184
50424,5,09-01-2024,Apartment,48,788.04,"$246,317.94",Sold,C0167,01-09-2024,246317.94,312.5703518
50427,5,09-01-2024,Apartment,49,795.75,"$228,567.85",Sold,C1118,01-09-2024,228567.85,287.2357524
60009,6,09-01-2024,Apartment,1,1720.95,"$542,533.89",Sold,C1872,01-09-2024,542533.89,315.2525582
60026,6,09-01-2024,Apartment,2,1338.63,"$388,031.05",Sold,C0277,01-09-2024,388031.05,289.8717719
60033,6,09-01-2024,Apartment,3,605.21,"$170,201.06",Sold,C0850,01-09-2024,170201.06,281.2264503
60050,6,09-01-2024,Office,4,1925.28,"$720,719.85",Sold,C1807,01-09-2024,720719.85,374.3454718
60082,6,09-01-2024,Apartment,7,1075.42,"$334,313.56",Sold,C1093,01-09-2024,334313.56,310.8679028
60092,6,09-01-2024,Apartment,7,1075.42,"$343,401.00",Sold,C0975,01-09-2024,343401,319.3180339
60094,6,09-01-2024,Apartment,7,1075.42,"$296,292.91",Sold,C0448,01-09-2024,296292.91,275.5136691
60095,6,09-01-2024,Office,7,1075.42,"$308,722.73",Sold,C0248,01-09-2024,308722.73,287.0717766
60107,6,09-01-2024,Apartment,9,1194.12,"$377,530.79",Available,,01-09-2024,377530.79,316.1581667
60182,6,09-01-2024,Apartment,16,1687.92,"$478,671.87",Available,,01-09-2024,478671.87,283.5868228
60184,6,09-01-2024,Apartment,16,1687.92,"$510,876.28",Sold,C0725,01-09-2024,510876.28,302.666169
60224,6,09-01-2024,Apartment,20,1897.17,"$597,196.58",Available,,01-09-2024,597196.58,314.7828502
60267,6,09-01-2024,Office,28,1723.12,"$544,042.09",Sold,C0333,01-09-2024,544042.09,315.7308197
60321,6,09-01-2024,Office,35,999.85,"$272,816.91",Sold,C0482,01-09-2024,272816.91,272.8578387
60328,6,09-01-2024,Apartment,37,1721.96,"$575,027.48",Available,,01-09-2024,575027.48,333.9377686
60348,6,09-01-2024,Office,39,744.54,"$227,687.32",Sold,C0240,01-09-2024,227687.32,305.8093857
60353,6,09-01-2024,Apartment,40,1640.68,"$438,270.08",Sold,C0944,01-09-2024,438270.08,267.1270936
60376,6,09-01-2024,Apartment,43,1492.81,"$401,408.97",Sold,C1544,01-09-2024,401408.97,268.8948828
60386,6,09-01-2024,Apartment,44,842.69,"$250,469.75",Available,,01-09-2024,250469.75,297.2264415
60415,6,09-01-2024,Apartment,50,1579.99,"$433,524.31",Sold,C1978,01-09-2024,433524.31,274.3842113
60427,6,09-01-2024,Apartment,51,1476.63,"$434,102.29",Sold,C0702,01-09-2024,434102.29,293.9817625
60433,6,09-01-2024,Apartment,51,1476.63,"$410,494.81",Available,,01-09-2024,410494.81,277.9943588
60461,6,09-01-2024,Apartment,53,1170.96,"$376,525.86",Sold,C1809,01-09-2024,376525.86,321.5531359
60470,6,09-01-2024,Apartment,55,562.37,"$153,159.21",Available,,01-09-2024,153159.21,272.3459822
70061,7,09-01-2024,Apartment,10,1495.37,"$399,023.14",Available,,01-09-2024,399023.14,266.8390699
70085,7,09-01-2024,Apartment,12,804.65,"$210,426.14",Sold,C1105,01-09-2024,210426.14,261.5126328
70109,7,09-01-2024,Apartment,14,714.65,"$248,239.89",Sold,C0444,01-09-2024,248239.89,347.3586931
70131,7,09-01-2024,Apartment,16,1239.87,"$402,393.19",Sold,C0603,01-09-2024,402393.19,324.5446619
70165,7,09-01-2024,Apartment,19,751.07,"$191,303.17",Sold,C1900,01-09-2024,191303.17,254.7075106
70169,7,09-01-2024,Apartment,19,751.07,"$235,505.29",Sold,C1403,01-09-2024,235505.29,313.5597081
70212,7,09-01-2024,Apartment,23,1222.69,"$353,560.25",Sold,C0032,01-09-2024,353560.25,289.1658965
70286,7,09-01-2024,Office,34,1487.05,"$508,149.11",Sold,C1368,01-09-2024,508149.11,341.7162234
70290,7,09-01-2024,Apartment,35,613.21,"$182,415.09",Sold,C0474,01-09-2024,182415.09,297.4757261
70321,7,09-01-2024,Apartment,38,1755.26,"$512,122.41",Sold,C1161,01-09-2024,512122.41,291.7644167
70331,7,09-01-2024,Apartment,39,1298.32,"$375,792.14",Sold,C1364,01-09-2024,375792.14,289.4449288
70346,7,09-01-2024,Office,41,1093.92,"$351,068.04",Sold,C0493,01-09-2024,351068.04,320.9266125
70395,7,09-01-2024,Office,45,1150.93,"$330,795.27",Available,,01-09-2024,330795.27,287.4156291
70399,7,09-01-2024,Apartment,46,1677.84,"$481,355.10",Sold,C0623,01-09-2024,481355.1,286.8897511
70403,7,09-01-2024,Office,47,1033.08,"$366,308.72",Sold,C0390,01-09-2024,366308.72,354.5792388
70422,7,09-01-2024,Apartment,49,1383.05,"$426,442.43",Sold,C0015,01-09-2024,426442.43,308.3347891
80039,8,09-01-2024,Apartment,5,887.23,"$238,037.76",Available,,01-09-2024,238037.76,268.2931822
80056,8,09-01-2024,Apartment,5,887.23,"$280,450.33",Sold,C1593,01-09-2024,280450.33,316.0965364
80058,8,09-01-2024,Office,6,1370.17,"$367,368.12",Sold,C1481,01-09-2024,367368.12,268.1186422
80078,8,09-01-2024,Apartment,9,1869.81,"$530,985.40",Sold,C1042,01-09-2024,530985.4,283.9782652
80113,8,09-01-2024,Apartment,14,685.93,"$182,835.19",Available,,01-09-2024,182835.19,266.5507996
80131,8,09-01-2024,Apartment,16,424.09,"$131,552.38",Available,,01-09-2024,131552.38,310.199203
80150,8,09-01-2024,Apartment,19,865.63,"$265,389.17",Available,,01-09-2024,265389.17,306.5849959
80151,8,09-01-2024,Apartment,19,865.63,"$252,615.77",Available,,01-09-2024,252615.77,291.8288068
80169,8,09-01-2024,Apartment,22,1495.57,"$436,572.80",Sold,C1120,01-09-2024,436572.8,291.9106428
80191,8,09-01-2024,Apartment,26,1625.38,"$572,288.70",Available,,01-09-2024,572288.7,352.0953254
80215,8,09-01-2024,Apartment,29,1848.51,"$604,532.80",Sold,C0562,01-09-2024,604532.8,327.0378846
80302,8,09-01-2024,Office,34,1684.75,"$486,694.78",Sold,C1395,01-09-2024,486694.78,288.882493
80309,8,09-01-2024,Apartment,36,673.86,"$198,662.43",Sold,C0826,01-09-2024,198662.43,294.8126169
80324,8,09-01-2024,Office,37,890.65,"$243,462.74",Sold,C0179,01-09-2024,243462.74,273.3539999
80334,8,09-01-2024,Apartment,37,890.65,"$293,037.28",Sold,C1473,01-09-2024,293037.28,329.0150789
80340,8,09-01-2024,Apartment,37,890.65,"$272,906.21",Available,,01-09-2024,272906.21,306.4124067
80347,8,09-01-2024,Office,39,1290.89,"$417,333.06",Sold,C0175,01-09-2024,417333.06,323.2909543
80358,8,09-01-2024,Apartment,43,1490.59,"$515,685.12",Available,,01-09-2024,515685.12,345.9604049
80370,8,09-01-2024,Apartment,44,1862.29,"$480,379.75",Sold,C0438,01-09-2024,480379.75,257.9510978
80388,8,09-01-2024,Apartment,46,1175.51,"$275,770.45",Sold,C1692,01-09-2024,275770.45,234.5964305
80397,8,09-01-2024,Office,46,1175.51,"$352,324.96",Available,,01-09-2024,352324.96,299.7209381
80403,8,09-01-2024,Apartment,46,1175.51,"$347,487.04",Available,,01-09-2024,347487.04,295.6053458
80413,8,09-01-2024,Apartment,47,543.08,"$174,551.95",Sold,C1950,01-09-2024,174551.95,321.4111181
80426,8,09-01-2024,Apartment,49,1081,"$344,999.81",Available,,01-09-2024,344999.81,319.1487604
80440,8,09-01-2024,Office,52,559.73,"$168,349.69",Sold,C1997,01-09-2024,168349.69,300.7694603
80447,8,09-01-2024,Apartment,53,1891.72,"$601,608.38",Sold,C1509,01-09-2024,601608.38,318.0218954
80448,8,09-01-2024,Office,53,1891.72,"$456,114.72",Sold,C0966,01-09-2024,456114.72,241.1111158
80452,8,09-01-2024,Office,53,1891.72,"$715,271.16",Available,,01-09-2024,715271.16,378.1062525
80455,8,09-01-2024,Apartment,54,1699.02,"$514,096.93",Sold,C0211,01-09-2024,514096.93,302.5843898
80492,8,09-01-2024,Apartment,57,1949.35,"$547,966.21",Available,,01-09-2024,547966.21,281.1020135
90002,9,09-01-2024,Apartment,1,832.35,"$269,152.80",Available,,01-09-2024,269152.8,323.3649306
90014,9,09-01-2024,Apartment,2,481.55,"$166,515.01",Sold,C1195,01-09-2024,166515.01,345.7896584
90016,9,09-01-2024,Apartment,3,1577.09,"$474,208.49",Sold,C1822,01-09-2024,474208.49,300.6857503
90019,9,09-01-2024,Apartment,4,1139.87,"$325,905.90",Available,,01-09-2024,325905.9,285.9149728
90085,9,09-01-2024,Apartment,14,1445.3,"$439,795.30",Available,,01-09-2024,439795.3,304.2934339
90116,9,09-01-2024,Apartment,17,1481.32,"$443,365.72",Sold,C1044,01-09-2024,443365.72,299.3044852
90122,9,09-01-2024,Apartment,18,860.97,"$220,007.41",Sold,C1028,01-09-2024,220007.41,255.5343508
90151,9,09-01-2024,Apartment,24,914.61,"$269,296.29",Sold,C0754,01-09-2024,269296.29,294.4383836
90181,9,09-01-2024,Apartment,27,1207.33,"$299,244.24",Sold,C0751,01-09-2024,299244.24,247.8562116
90183,9,09-01-2024,Apartment,27,1207.33,"$363,263.79",Sold,C0312,01-09-2024,363263.79,300.8819378
90192,9,09-01-2024,Apartment,28,1931.82,"$530,069.18",Sold,C1413,01-09-2024,530069.18,274.3884938
90213,9,09-01-2024,Apartment,31,1052.27,"$318,001.46",Sold,C0898,01-09-2024,318001.46,302.2051945
90217,9,09-01-2024,Apartment,31,1052.27,"$328,063.42",Sold,C1402,01-09-2024,328063.42,311.7673411
90227,9,09-01-2024,Apartment,33,973.52,"$266,823.90",Sold,C1866,01-09-2024,266823.9,274.0815802
90234,9,09-01-2024,Apartment,33,973.52,"$342,414.51",Sold,C0834,01-09-2024,342414.51,351.7282747
90271,9,09-01-2024,Apartment,35,1376.88,"$392,258.56",Sold,C1447,01-09-2024,392258.56,284.8894312
90272,9,09-01-2024,Apartment,35,1376.88,"$361,473.36",Available,,01-09-2024,361473.36,262.5307652
90300,9,09-01-2024,Office,37,731.44,"$221,099.86",Sold,C0842,01-09-2024,221099.86,302.2802417
90313,9,09-01-2024,Apartment,38,1260.31,"$343,641.50",Available,,01-09-2024,343641.5,272.6642651
90320,9,09-01-2024,Apartment,38,1260.31,"$324,641.18",Available,,01-09-2024,324641.18,257.5883552
90322,9,09-01-2024,Apartment,38,1260.31,"$371,715.86",Available,,01-09-2024,371715.86,294.9400227
90400,9,09-01-2024,Apartment,48,1264.94,"$388,635.18",Sold,C0039,01-09-2024,388635.18,307.2360586
90409,9,09-01-2024,Apartment,52,1126.02,"$338,497.95",Sold,C1143,01-09-2024,338497.95,300.6145095
90435,9,09-01-2024,Apartment,56,1516.4,"$429,024.15",Sold,C0417,01-09-2024,429024.15,282.9228106
90453,9,09-01-2024,Apartment,56,1516.4,"$395,043.14",Sold,C1833,01-09-2024,395043.14,260.513809
90466,9,09-01-2024,Apartment,57,1198.57,"$397,171.33",Sold,C0382,01-09-2024,397171.33,331.3709921
90478,9,09-01-2024,Office,58,838.34,"$253,598.92",Available,,01-09-2024,253598.92,302.5012763
90502,9,09-01-2024,Apartment,58,838.34,"$199,667.31",Sold,C0380,01-09-2024,199667.31,238.1698476
90510,9,09-01-2024,Apartment,58,838.34,"$226,861.20",Sold,C1049,01-09-2024,226861.2,270.6076294
100060,10,09-01-2024,Apartment,7,1628.71,"$462,676.04",Sold,C1678,01-09-2024,462676.04,284.0751515
100063,10,09-01-2024,Apartment,8,1054.86,"$275,862.16",Sold,C0434,01-09-2024,275862.16,261.5154238
100073,10,09-01-2024,Apartment,9,1849.4,"$562,973.82",Available,,01-09-2024,562973.82,304.4089002
100118,10,09-01-2024,Apartment,15,1948.32,"$597,112.10",Available,,01-09-2024,597112.1,306.4753737
100191,10,09-01-2024,Apartment,26,1294.85,"$398,571.59",Sold,C0895,01-09-2024,398571.59,307.8129436
100193,10,09-01-2024,Apartment,26,1294.85,"$358,860.18",Sold,C1748,01-09-2024,358860.18,277.1442098
100200,10,09-01-2024,Apartment,26,1294.85,"$365,163.25",Sold,C1881,01-09-2024,365163.25,282.0120091
100213,10,09-01-2024,Apartment,27,777.35,"$209,156.78",Available,,01-09-2024,209156.78,269.0638451
100404,10,09-01-2024,Office,47,1047.27,"$340,376.82",Sold,C1383,01-09-2024,340376.82,325.0134349
100430,10,09-01-2024,Apartment,50,1138.32,"$399,036.98",Available,,01-09-2024,399036.98,350.5490372
110003,11,09-01-2024,Apartment,1,1902.88,"$589,917.02",Available,,01-09-2024,589917.02,310.0127281
110006,11,09-01-2024,Apartment,1,1902.88,"$506,351.81",Sold,C1626,01-09-2024,506351.81,266.0976047
110023,11,09-01-2024,Apartment,3,1479.84,"$330,692.17",Available,,01-09-2024,330692.17,223.4648138
110040,11,09-01-2024,Apartment,5,1723.2,"$523,867.62",Sold,C1148,01-09-2024,523867.62,304.0086003
110095,11,09-01-2024,Apartment,10,1519.64,"$459,717.65",Sold,C0250,01-09-2024,459717.65,302.5174712
110098,11,09-01-2024,Office,10,1519.64,"$536,079.52",Sold,C0269,01-09-2024,536079.52,352.7674449
110113,11,09-01-2024,Apartment,13,474.93,"$134,678.51",Sold,C0786,01-09-2024,134678.51,283.5754953
110114,11,09-01-2024,Apartment,13,474.93,"$134,382.93",Sold,C1006,01-09-2024,134382.93,282.9531299
110133,11,09-01-2024,Office,14,524.68,"$140,446.79",Sold,C1240,01-09-2024,140446.79,267.6808531
110150,11,09-01-2024,Apartment,15,1385.68,"$416,006.53",Available,,01-09-2024,416006.53,300.218326
110172,11,09-01-2024,Apartment,18,1562.55,"$462,127.71",Sold,C0505,01-09-2024,462127.71,295.7522703
110178,11,09-01-2024,Apartment,19,1083.98,"$303,491.24",Sold,C0150,01-09-2024,303491.24,279.9786343
110188,11,09-01-2024,Apartment,21,1389.63,"$358,380.74",Sold,C1587,01-09-2024,358380.74,257.8965192
110208,11,09-01-2024,Office,24,1481.82,"$508,281.75",Sold,C0984,01-09-2024,508281.75,343.0118031
110219,11,09-01-2024,Apartment,26,490.37,"$120,305.09",Sold,C1147,01-09-2024,120305.09,245.3353386
110245,11,09-01-2024,Apartment,29,993.51,"$262,278.10",Sold,C0722,01-09-2024,262278.1,263.9914042
110279,11,09-01-2024,Apartment,34,680.07,"$199,052.69",Sold,C1612,01-09-2024,199052.69,292.6944138
110293,11,09-01-2024,Apartment,36,1752.38,"$466,423.54",Available,,01-09-2024,466423.54,266.1657517
110301,11,09-01-2024,Office,37,1368.16,"$413,388.42",Sold,C0506,01-09-2024,413388.42,302.1491785
110313,11,09-01-2024,Apartment,38,788.47,"$252,616.68",Available,,01-09-2024,252616.68,320.3884485
110331,11,09-01-2024,Office,40,638.97,"$210,197.64",Available,,01-09-2024,210197.64,328.9632377
110346,11,09-01-2024,Apartment,42,808.59,"$246,241.40",Sold,C0672,01-09-2024,246241.4,304.5318394
110360,11,09-01-2024,Apartment,42,808.59,"$253,485.23",Sold,C1025,01-09-2024,253485.23,313.490434
110372,11,09-01-2024,Apartment,44,434.38,"$128,315.89",Sold,C0850,01-09-2024,128315.89,295.4000875
110383,11,09-01-2024,Office,44,434.38,"$138,741.01",Sold,C1726,01-09-2024,138741.01,319.4000875
110414,11,09-01-2024,Apartment,49,1095.85,"$332,452.89",Sold,C1040,01-09-2024,332452.89,303.3744491
110444,11,09-01-2024,Apartment,52,1397.58,"$419,816.08",Sold,C1586,01-09-2024,419816.08,300.3878705
110456,11,09-01-2024,Apartment,52,1397.58,"$477,602.23",Sold,C1757,01-09-2024,477602.23,341.7351636
110468,11,09-01-2024,Apartment,56,724.8,"$216,903.45",Sold,C0162,01-09-2024,216903.45,299.2597268
110539,11,09-01-2024,Apartment,62,1938.82,"$641,498.15",Sold,C0723,01-09-2024,641498.15,330.8704006
120020,12,09-01-2024,Apartment,2,1285.87,"$400,405.25",Sold,C1994,01-09-2024,400405.25,311.3885929
120044,12,09-01-2024,Apartment,4,1559.34,"$441,130.90",Sold,C0569,01-09-2024,441130.9,282.8959047
120046,12,09-01-2024,Office,4,1559.34,"$486,619.23",Sold,C0635,01-09-2024,486619.23,312.0674324
120058,12,09-01-2024,Apartment,6,1347.8,"$353,301.13",Sold,C1197,01-09-2024,353301.13,262.1317184
120081,12,09-01-2024,Apartment,10,1642.26,"$468,287.27",Available,,01-09-2024,468287.27,285.1480703
120109,12,09-01-2024,Apartment,14,1369.96,"$383,706.79",Sold,C0549,01-09-2024,383706.79,280.0861266
120121,12,09-01-2024,Apartment,14,1369.96,"$430,268.83",Sold,C1633,01-09-2024,430268.83,314.0740095
120144,12,09-01-2024,Apartment,16,1523.02,"$572,824.93",Sold,C1896,01-09-2024,572824.93,376.1112329
120181,12,09-01-2024,Apartment,20,1802.21,"$526,217.19",Sold,C0176,01-09-2024,526217.19,291.9843914
120218,12,09-01-2024,Apartment,24,1306.75,"$411,169.25",Sold,C1916,01-09-2024,411169.25,314.6502774
120222,12,09-01-2024,Apartment,24,1306.75,"$334,327.68",Sold,C1960,01-09-2024,334327.68,255.8467037
120269,12,09-01-2024,Apartment,29,688.73,"$194,179.75",Sold,C1572,01-09-2024,194179.75,281.9388585
120273,12,09-01-2024,Apartment,29,688.73,"$170,058.93",Sold,C0758,01-09-2024,170058.93,246.9166872
120294,12,09-01-2024,Office,33,1232.2,"$317,233.27",Sold,C0138,01-09-2024,317233.27,257.4527431
120299,12,09-01-2024,Apartment,33,1232.2,"$337,025.56",Sold,C0590,01-09-2024,337025.56,273.515306
120307,12,09-01-2024,Office,34,1817.64,"$505,553.38",Sold,C0656,01-09-2024,505553.38,278.1372439
120340,12,09-01-2024,Apartment,37,1681.78,"$486,871.86",Sold,C1105,01-09-2024,486871.86,289.4979486
120347,12,09-01-2024,Apartment,38,1157.23,"$345,793.55",Available,,01-09-2024,345793.55,298.811429
120355,12,09-01-2024,Apartment,38,1157.23,"$348,940.18",Sold,C0916,01-09-2024,348940.18,301.5305341
120371,12,09-01-2024,Office,38,1157.23,"$387,130.78",Sold,C0260,01-09-2024,387130.78,334.532271
130027,13,09-01-2024,Apartment,2,1651.02,"$513,568.69",Available,,01-09-2024,513568.69,311.061459
130112,13,09-01-2024,Apartment,14,777.75,"$227,170.01",Available,,01-09-2024,227170.01,292.0861588
130118,13,09-01-2024,Apartment,14,777.75,"$209,154.91",Available,,01-09-2024,209154.91,268.9230601
130139,13,09-01-2024,Apartment,16,1772.88,"$560,683.85",Sold,C1236,01-09-2024,560683.85,316.2559508
130176,13,09-01-2024,Apartment,20,516.72,"$160,691.77",Available,,01-09-2024,160691.77,310.9842274
130180,13,09-01-2024,Office,20,516.72,"$168,771.25",Sold,C1898,01-09-2024,168771.25,326.6203166
130254,13,09-01-2024,Apartment,30,1777.51,"$516,854.25",Available,,01-09-2024,516854.25,290.7743135
130298,13,09-01-2024,Apartment,33,1445.84,"$372,390.00",Available,,01-09-2024,372390,257.5596193
130320,13,09-01-2024,Apartment,35,1867.34,"$479,094.82",Available,,01-09-2024,479094.82,256.5653925
130399,13,09-01-2024,Apartment,45,986.91,"$295,710.16",Sold,C1660,01-09-2024,295710.16,299.6323474
130431,13,09-01-2024,Apartment,47,1874.35,"$533,912.15",Available,,01-09-2024,533912.15,284.8518953
130437,13,09-01-2024,Apartment,48,1728.84,"$589,085.76",Sold,C0911,01-09-2024,589085.76,340.7404734
130444,13,09-01-2024,Apartment,49,572.01,"$177,039.39",Sold,C1168,01-09-2024,177039.39,309.5040122
130456,13,09-01-2024,Apartment,52,1916.1,"$555,693.16",Sold,C0422,01-09-2024,555693.16,290.0126089
130583,13,09-01-2024,Apartment,67,524.97,"$180,138.19",Sold,C1144,01-09-2024,180138.19,343.1399699
130588,13,09-01-2024,Apartment,68,1590.69,"$446,439.12",Sold,C1050,01-09-2024,446439.12,280.657526
130600,13,09-01-2024,Office,70,750.41,"$228,107.58",Sold,C1084,01-09-2024,228107.58,303.9772658
140022,14,09-01-2024,Apartment,4,1797.81,"$417,894.67",Sold,C0099,01-09-2024,417894.67,232.4465155
140023,14,09-01-2024,Apartment,4,1797.81,"$505,490.44",Sold,C1021,01-09-2024,505490.44,281.1701125
140042,14,09-01-2024,Apartment,7,641.37,"$213,442.59",Sold,C0284,01-09-2024,213442.59,332.7916647
140052,14,09-01-2024,Apartment,8,618.89,"$181,142.80",Available,,01-09-2024,181142.8,292.6898156
140059,14,09-01-2024,Apartment,8,618.89,"$196,546.06",Sold,C1393,01-09-2024,196546.06,317.5783419
140072,14,09-01-2024,Apartment,9,803.5,"$252,053.95",Sold,C0166,01-09-2024,252053.95,313.6950218
140096,14,09-01-2024,Apartment,12,459.44,"$131,895.39",Available,,01-09-2024,131895.39,287.0785957
140099,14,09-01-2024,Apartment,12,459.44,"$157,957.15",Sold,C0709,01-09-2024,157957.15,343.8036523
140124,14,09-01-2024,Apartment,13,442.74,"$126,226.53",Sold,C1843,01-09-2024,126226.53,285.1030627
140159,14,09-01-2024,Apartment,17,686.6,"$187,049.47",Sold,C1350,01-09-2024,187049.47,272.4285902
140172,14,09-01-2024,Apartment,17,686.6,"$198,304.68",Sold,C0971,01-09-2024,198304.68,288.8212642
140183,14,09-01-2024,Apartment,20,1224.91,"$427,733.57",Available,,01-09-2024,427733.57,349.1959164
140187,14,09-01-2024,Apartment,21,1560.87,"$460,286.44",Sold,C1509,01-09-2024,460286.44,294.8909518
140193,14,09-01-2024,Apartment,21,1560.87,"$515,792.81",Sold,C0954,01-09-2024,515792.81,330.4521261
140221,14,09-01-2024,Apartment,23,1610.37,"$531,001.25",Sold,C0871,01-09-2024,531001.25,329.7386625
140233,14,09-01-2024,Apartment,25,586.85,"$221,244.15",Available,,01-09-2024,221244.15,377.0028968
140289,14,09-01-2024,Apartment,33,1894.96,"$589,905.02",Sold,C0057,01-09-2024,589905.02,311.3020961
140299,14,09-01-2024,Apartment,34,513.06,"$140,627.96",Sold,C1157,01-09-2024,140627.96,274.0965189
140371,14,09-01-2024,Apartment,45,1388.61,"$430,285.43",Sold,C1979,01-09-2024,430285.43,309.867731
140378,14,09-01-2024,Apartment,46,1258.99,"$414,231.95",Available,,01-09-2024,414231.95,329.0192535
140413,14,09-01-2024,Apartment,49,1231.75,"$336,122.59",Sold,C1282,01-09-2024,336122.59,272.8821514
140415,14,09-01-2024,Office,50,1114.18,"$312,264.34",Sold,C0201,01-09-2024,312264.34,280.2638173
140416,14,09-01-2024,Apartment,51,1346.3,"$366,752.40",Sold,C0992,01-09-2024,366752.4,272.4150635
140431,14,09-01-2024,Office,51,1346.3,"$468,906.08",Sold,C0721,01-09-2024,468906.08,348.2924163
140439,14,09-01-2024,Apartment,52,571.74,"$192,674.34",Sold,C1533,01-09-2024,192674.34,336.9964319
150072,15,09-01-2024,Apartment,10,1072.95,"$347,392.69",Sold,C1644,01-09-2024,347392.69,323.7734191
150097,15,09-01-2024,Apartment,15,522.71,"$129,756.46",Sold,C0904,01-09-2024,129756.46,248.2379522
150102,15,09-01-2024,Apartment,15,522.71,"$130,733.10",Sold,C1237,01-09-2024,130733.1,250.1063687
150111,15,09-01-2024,Apartment,15,522.71,"$140,473.51",Available,,01-09-2024,140473.51,268.7408123
150127,15,09-01-2024,Apartment,17,562.64,"$143,613.32",Sold,C0508,01-09-2024,143613.32,255.2490402
150148,15,09-01-2024,Apartment,18,567.74,"$173,118.91",Available,,01-09-2024,173118.91,304.9263924
150158,15,09-01-2024,Apartment,21,1271.25,"$440,284.74",Available,,01-09-2024,440284.74,346.3400118
150160,15,09-01-2024,Apartment,21,1271.25,"$364,815.37",Available,,01-09-2024,364815.37,286.9737424
150174,15,09-01-2024,Apartment,22,1317.29,"$383,499.34",Sold,C0491,01-09-2024,383499.34,291.1274966
150197,15,09-01-2024,Apartment,23,1279.23,"$380,519.67",Sold,C1070,01-09-2024,380519.67,297.4599329
150198,15,09-01-2024,Apartment,23,1279.23,"$422,521.03",Available,,01-09-2024,422521.03,330.2932467
150202,15,09-01-2024,Apartment,23,1279.23,"$387,513.74",Sold,C1754,01-09-2024,387513.74,302.9273391
150211,15,09-01-2024,Office,24,924.36,"$296,231.36",Sold,C1935,01-09-2024,296231.36,320.4718508
150228,15,09-01-2024,Apartment,26,961.01,"$265,442.27",Sold,C1717,01-09-2024,265442.27,276.2117668
150258,15,09-01-2024,Apartment,30,1523.22,"$482,341.23",Sold,C1705,01-09-2024,482341.23,316.6589396
150266,15,09-01-2024,Apartment,31,1901.65,"$605,700.56",Sold,C0759,01-09-2024,605700.56,318.5131649
150275,15,09-01-2024,Apartment,33,958.02,"$280,402.30",Sold,C1511,01-09-2024,280402.3,292.6894011
150277,15,09-01-2024,Apartment,34,1304.22,"$380,745.79",Sold,C1107,01-09-2024,380745.79,291.9337152
150288,15,09-01-2024,Office,35,745.49,"$201,555.86",Sold,C0734,01-09-2024,201555.86,270.3669533
150295,15,09-01-2024,Apartment,35,745.49,"$258,549.13",Sold,C1038,01-09-2024,258549.13,346.8177038
150296,15,09-01-2024,Office,35,745.49,"$228,194.83",Sold,C0744,01-09-2024,228194.83,306.1004574
150298,15,09-01-2024,Apartment,35,745.49,"$220,021.95",Available,,01-09-2024,220021.95,295.1373593
150326,15,09-01-2024,Apartment,38,585.57,"$220,589.57",Available,,01-09-2024,220589.57,376.7091381
150364,15,09-01-2024,Office,44,1713.09,"$501,738.52",Sold,C1678,01-09-2024,501738.52,292.8850907
150382,15,09-01-2024,Apartment,48,1403.33,"$466,695.89",Available,,01-09-2024,466695.89,332.5631819
150388,15,09-01-2024,Apartment,49,460.17,"$141,835.85",Sold,C0329,01-09-2024,141835.85,308.2248951
150403,15,09-01-2024,Apartment,50,1841.5,"$571,066.07",Sold,C0801,01-09-2024,571066.07,310.1091882
150414,15,09-01-2024,Apartment,52,829.2,"$232,663.21",Sold,C1504,01-09-2024,232663.21,280.5875663
150504,15,09-01-2024,Apartment,60,1033.2,"$306,376.09",Available,,01-09-2024,306376.09,296.5312524
160002,16,09-01-2024,Apartment,1,637.07,"$167,175.36",Sold,C1629,01-09-2024,167175.36,262.4128589
160027,16,09-01-2024,Apartment,4,1561.55,"$517,834.79",Sold,C1965,01-09-2024,517834.79,331.6158881
160039,16,09-01-2024,Apartment,5,749.15,"$232,301.46",Sold,C0568,01-09-2024,232301.46,310.0867116
160060,16,09-01-2024,Apartment,8,986.18,"$319,446.65",Available,,01-09-2024,319446.65,323.9232696
160074,16,09-01-2024,Apartment,9,1524.04,"$432,933.76",Available,,01-09-2024,432933.76,284.0698144
160079,16,09-01-2024,Apartment,9,1524.04,"$386,429.67",Sold,C0324,01-09-2024,386429.67,253.5561206
160170,16,09-01-2024,Office,21,837.95,"$242,156.78",Sold,C0678,01-09-2024,242156.78,288.9871472
160174,16,09-01-2024,Apartment,21,837.95,"$288,299.66",Sold,C1377,01-09-2024,288299.66,344.0535354
160178,16,09-01-2024,Apartment,22,1575.06,"$521,067.94",Sold,C0424,01-09-2024,521067.94,330.8241845
160180,16,09-01-2024,Apartment,22,1575.06,"$458,308.65",Sold,C1514,01-09-2024,458308.65,290.9785342
160210,16,09-01-2024,Office,26,1458.08,"$404,116.95",Sold,C0943,01-09-2024,404116.95,277.1569118
160232,16,09-01-2024,Office,28,1440.71,"$364,460.23",Sold,C0804,01-09-2024,364460.23,252.9726524
160235,16,09-01-2024,Apartment,28,1440.71,"$428,520.04",Sold,C0809,01-09-2024,428520.04,297.4367083
160241,16,09-01-2024,Apartment,28,1440.71,"$451,278.03",Available,,01-09-2024,451278.03,313.2330795
160259,16,09-01-2024,Office,31,1336.97,"$385,027.41",Sold,C1037,01-09-2024,385027.41,287.9850782
160278,16,09-01-2024,Apartment,33,881.17,"$237,480.92",Available,,01-09-2024,237480.92,269.5063609
160280,16,09-01-2024,Apartment,33,881.17,"$273,162.10",Available,,01-09-2024,273162.1,309.9993191
160310,16,09-01-2024,Apartment,36,810.94,"$216,206.13",Sold,C1179,01-09-2024,216206.13,266.6117469
160325,16,09-01-2024,Apartment,38,431.83,"$120,848.55",Available,,01-09-2024,120848.55,279.8521409
160356,16,09-01-2024,Apartment,41,1001.72,"$298,750.15",Sold,C0536,01-09-2024,298750.15,298.237182
160377,16,09-01-2024,Apartment,43,1185.4,"$401,540.54",Sold,C0505,01-09-2024,401540.54,338.7384343
160384,16,09-01-2024,Apartment,44,1695.03,"$503,790.55",Sold,C1905,01-09-2024,503790.55,297.216303
160388,16,09-01-2024,Office,45,1653.49,"$586,280.09",Available,,01-09-2024,586280.09,354.5712947
170003,17,09-01-2024,Apartment,1,530.28,"$177,408.39",Sold,C1587,01-09-2024,177408.39,334.5560647
170074,17,09-01-2024,Apartment,10,1059.07,"$285,091.79",Sold,C0381,01-09-2024,285091.79,269.1906956
170107,17,09-01-2024,Apartment,13,916.9,"$291,793.40",Sold,C0983,01-09-2024,291793.4,318.2390664
170124,17,09-01-2024,Apartment,14,1646.02,"$509,032.38",Sold,C0130,01-09-2024,509032.38,309.2504222
170127,17,09-01-2024,Apartment,15,1365.73,"$441,514.77",Available,,01-09-2024,441514.77,323.2811537
170155,17,09-01-2024,Apartment,16,1693,"$592,554.14",Sold,C1842,01-09-2024,592554.14,350.0024454
170158,17,09-01-2024,Office,17,1827.25,"$616,039.35",Available,,01-09-2024,616039.35,337.140156
170173,17,09-01-2024,Apartment,19,1712.06,"$483,639.68",Sold,C0624,01-09-2024,483639.68,282.4899127
170185,17,09-01-2024,Apartment,20,792.27,"$229,915.53",Sold,C0850,01-09-2024,229915.53,290.1984551
170190,17,09-01-2024,Apartment,21,1320.97,"$425,040.86",Sold,C0336,01-09-2024,425040.86,321.7642036
170217,17,09-01-2024,Apartment,25,939.46,"$278,299.85",Sold,C1539,01-09-2024,278299.85,296.2338471
170223,17,09-01-2024,Apartment,26,929.59,"$301,035.57",Sold,C1432,01-09-2024,301035.57,323.8369281
170233,17,09-01-2024,Apartment,27,677.24,"$239,724.77",Sold,C1609,01-09-2024,239724.77,353.973141
170266,17,09-01-2024,Apartment,32,954.54,"$267,900.70",Sold,C1421,01-09-2024,267900.7,280.65948
170268,17,09-01-2024,Apartment,32,954.54,"$246,881.14",Sold,C0286,01-09-2024,246881.14,258.6388627
170276,17,09-01-2024,Apartment,33,1532.89,"$512,382.03",Available,,01-09-2024,512382.03,334.2588379
170280,17,09-01-2024,Apartment,33,1532.89,"$451,291.76",Available,,01-09-2024,451291.76,294.4058347
170282,17,09-01-2024,Apartment,34,1672.99,"$528,517.95",Sold,C0675,01-09-2024,528517.95,315.9121991
170284,17,09-01-2024,Apartment,34,1672.99,"$498,882.11",Sold,C0618,01-09-2024,498882.11,298.1979032
170287,17,09-01-2024,Apartment,35,1667.01,"$508,317.94",Sold,C1623,01-09-2024,508317.94,304.9279488
170295,17,09-01-2024,Apartment,36,781.49,"$207,455.90",Sold,C1710,01-09-2024,207455.9,265.4620021
170312,17,09-01-2024,Apartment,39,1341.67,"$406,054.98",Available,,01-09-2024,406054.98,302.6489226
170331,17,09-01-2024,Apartment,41,1422.93,"$406,001.38",Sold,C0534,01-09-2024,406001.38,285.3277252
170337,17,09-01-2024,Apartment,41,1422.93,"$361,394.87",Available,,01-09-2024,361394.87,253.9793735
170354,17,09-01-2024,Apartment,45,1574.3,"$437,211.33",Sold,C1203,01-09-2024,437211.33,277.7179254
170435,17,09-01-2024,Apartment,51,1375.52,"$502,022.40",Sold,C1197,01-09-2024,502022.4,364.9691753
180005,18,09-01-2024,Apartment,1,1379.64,"$436,782.69",Sold,C0864,01-09-2024,436782.69,316.5917848
180031,18,09-01-2024,Apartment,4,1096.58,"$362,580.58",Available,,01-09-2024,362580.58,330.6467198
180049,18,09-01-2024,Office,6,840.25,"$235,857.38",Sold,C1875,01-09-2024,235857.38,280.6990539
180077,18,09-01-2024,Apartment,10,1111.43,"$302,479.22",Sold,C1625,01-09-2024,302479.22,272.15319
180116,18,09-01-2024,Apartment,16,1360.96,"$334,041.57",Sold,C1578,01-09-2024,334041.57,245.4455458
180171,18,09-01-2024,Apartment,22,1108.09,"$330,298.49",Sold,C0183,01-09-2024,330298.49,298.0791181
180284,18,09-01-2024,Office,35,799.05,"$272,822.22",Available,,01-09-2024,272822.22,341.433227
180299,18,09-01-2024,Apartment,36,1089.77,"$330,207.80",Sold,C1711,01-09-2024,330207.8,303.006873
180305,18,09-01-2024,Apartment,36,1089.77,"$277,491.92",Sold,C0102,01-09-2024,277491.92,254.6334731
180328,18,09-01-2024,Apartment,38,1219.8,"$300,710.22",Sold,C1117,01-09-2024,300710.22,246.5242007
180416,18,09-01-2024,Apartment,47,520.85,"$167,859.82",Sold,C0785,01-09-2024,167859.82,322.2805414
180455,18,09-01-2024,Apartment,51,1527.31,"$502,181.85",Sold,C1122,01-09-2024,502181.85,328.8015203
180466,18,09-01-2024,Apartment,52,1424.54,"$418,772.73",Sold,C0121,01-09-2024,418772.73,293.9704957
180546,18,09-01-2024,Apartment,62,1330.41,"$393,449.09",Available,,01-09-2024,393449.09,295.735217
180576,18,09-01-2024,Apartment,66,1631.24,"$539,249.94",Sold,C0849,01-09-2024,539249.94,330.5767024
190022,19,09-01-2024,Office,4,1225.38,"$392,120.81",Sold,C1838,01-09-2024,392120.81,319.9993553
190037,19,09-01-2024,Apartment,7,973.6,"$259,987.87",Sold,C1292,01-09-2024,259987.87,267.0376643
190040,19,09-01-2024,Office,7,973.6,"$334,981.20",Sold,C1906,01-09-2024,334981.2,344.0645029
190101,19,09-01-2024,Apartment,14,630.47,"$165,707.07",Available,,01-09-2024,165707.07,262.831015
190118,19,09-01-2024,Apartment,16,1711.98,"$602,057.55",Sold,C1087,01-09-2024,602057.55,351.673238
190152,19,09-01-2024,Office,19,1697.73,"$474,165.55",Sold,C0627,01-09-2024,474165.55,279.2938512
190171,19,09-01-2024,Apartment,21,477.75,"$152,690.76",Sold,C1831,01-09-2024,152690.76,319.6038932
190188,19,09-01-2024,Apartment,22,935.25,"$281,233.40",Sold,C0830,01-09-2024,281233.4,300.7039829
190266,19,09-01-2024,Apartment,30,673.27,"$180,693.31",Available,,01-09-2024,180693.31,268.3816448
190304,19,09-01-2024,Apartment,37,1565.26,"$449,976.95",Sold,C1585,01-09-2024,449976.95,287.4774478
190306,19,09-01-2024,Apartment,37,1565.26,"$529,967.66",Sold,C0418,01-09-2024,529967.66,338.5812325
190309,19,09-01-2024,Apartment,37,1565.26,"$410,689.18",Sold,C0682,01-09-2024,410689.18,262.3776114
190310,19,09-01-2024,Apartment,37,1565.26,"$494,178.87",Sold,C1144,01-09-2024,494178.87,315.7167947
190385,19,09-01-2024,Apartment,43,1697.72,"$373,498.40",Available,,01-09-2024,373498.4,220
190389,19,09-01-2024,Apartment,44,982.8,"$287,776.27",Available,,01-09-2024,287776.27,292.8126475
190419,19,09-01-2024,Apartment,48,851.11,"$269,915.64",Available,,01-09-2024,269915.64,317.1336725
200029,20,09-01-2024,Apartment,3,1645.93,"$425,737.07",Sold,C0389,01-09-2024,425737.07,258.6604959
200053,20,09-01-2024,Apartment,6,1401,"$420,300.71",Sold,C0495,01-09-2024,420300.71,300.0005068
200157,20,09-01-2024,Apartment,18,1868.01,"$533,690.36",Available,,01-09-2024,533690.36,285.6999481
200160,20,09-01-2024,Apartment,18,1868.01,"$551,264.38",Available,,01-09-2024,551264.38,295.1078313
200162,20,09-01-2024,Apartment,18,1868.01,"$577,425.07",Sold,C1977,01-09-2024,577425.07,309.1124084
200163,20,09-01-2024,Apartment,18,1868.01,"$477,989.82",Sold,C1765,01-09-2024,477989.82,255.8818315
200171,20,09-01-2024,Apartment,19,759.72,"$249,924.88",Sold,C0581,01-09-2024,249924.88,328.9697257
200204,20,09-01-2024,Apartment,24,1188.07,"$274,417.91",Sold,C1095,01-09-2024,274417.91,230.9778969
200242,20,09-01-2024,Apartment,30,1703.94,"$649,524.31",Sold,C1422,01-09-2024,649524.31,381.1896604
200257,20,09-01-2024,Apartment,30,1703.94,"$580,528.21",Sold,C0531,01-09-2024,580528.21,340.6975656
200264,20,09-01-2024,Apartment,30,1703.94,"$507,885.52",Sold,C1930,01-09-2024,507885.52,298.0653779
200269,20,09-01-2024,Apartment,31,1414.44,"$381,295.01",Sold,C1741,01-09-2024,381295.01,269.5731243
200294,20,09-01-2024,Apartment,32,1630.81,"$479,643.79",Available,,01-09-2024,479643.79,294.1138391
200325,20,09-01-2024,Apartment,36,1484.99,"$504,707.33",Sold,C0328,01-09-2024,504707.33,339.8725446
200367,20,09-01-2024,Apartment,40,428.03,"$131,115.08",Sold,C1400,01-09-2024,131115.08,306.3221737
200415,20,09-01-2024,Apartment,48,860.8,"$220,364.48",Available,,01-09-2024,220364.48,255.9996283
200421,20,09-01-2024,Apartment,48,860.8,"$224,186.65",Sold,C0872,01-09-2024,224186.65,260.4398815
200425,20,09-01-2024,Apartment,48,860.8,"$270,773.11",Sold,C0180,01-09-2024,270773.11,314.5598397
200494,20,09-01-2024,Apartment,57,445.15,"$142,831.06",Available,,01-09-2024,142831.06,320.8605189
200496,20,09-01-2024,Apartment,57,445.15,"$151,645.03",Sold,C0197,01-09-2024,151645.03,340.6605189
2020,2,10-01-2024,Apartment,20,785.48,"$241,671.52",Sold,C0037,01-10-2024,241671.52,307.6736772
2032,2,10-01-2024,Apartment,32,927.83,"$306,878.46",Sold,C0048,01-10-2024,306878.46,330.7485854
2038,2,10-01-2024,Apartment,38,1604.75,"$529,317.28",Sold,C0012,01-10-2024,529317.28,329.8440754
2041,2,10-01-2024,Apartment,41,785.48,"$225,050.52",Sold,C0131,01-10-2024,225050.52,286.5133676
3010,3,10-01-2024,Apartment,10,923.21,"$294,807.65",Sold,C0099,01-10-2024,294807.65,319.3289176
3018,3,10-01-2024,Apartment,18,923.21,"$293,828.69",Sold,C0099,01-10-2024,293828.69,318.2685305
4013,4,10-01-2024,Apartment,13,733.19,"$197,053.51",Sold,C0047,01-10-2024,197053.51,268.7618625
4040,4,10-01-2024,Apartment,40,794.52,"$241,620.48",Sold,C0119,01-10-2024,241620.48,304.1087449
4049,4,10-01-2024,Apartment,49,1336.93,"$388,515.14",Sold,C0046,01-10-2024,388515.14,290.6024549
5041,5,10-01-2024,Apartment,41,798.28,"$263,123.42",Sold,C0133,01-10-2024,263123.42,329.6129428
5047,5,10-01-2024,Apartment,47,794.52,"$279,191.26",Available,,01-10-2024,279191.26,351.3961385
10004,1,10-01-2024,Apartment,1,748.06,"$257,279.32",Available,,01-10-2024,257279.32,343.9287223
10019,1,10-01-2024,Apartment,3,788.73,"$256,486.34",Available,,01-10-2024,256486.34,325.1890254
10029,1,10-01-2024,Office,3,788.73,"$249,586.52",Sold,C0479,01-10-2024,249586.52,316.4410128
10033,1,10-01-2024,Apartment,4,633.61,"$174,206.99",Sold,C0602,01-10-2024,174206.99,274.9435615
10062,1,10-01-2024,Apartment,8,763.88,"$230,960.93",Sold,C0050,01-10-2024,230960.93,302.3523721
10130,1,10-01-2024,Apartment,16,612.76,"$165,290.21",Available,,01-10-2024,165290.21,269.7470625
10133,1,10-01-2024,Apartment,16,612.76,"$183,956.85",Sold,C0260,01-10-2024,183956.85,300.2102781
10151,1,10-01-2024,Apartment,19,773.17,"$233,353.01",Available,,01-10-2024,233353.01,301.813327
10172,1,10-01-2024,Apartment,22,740.83,"$203,562.37",Sold,C1931,01-10-2024,203562.37,274.776089
10195,1,10-01-2024,Apartment,23,1201.5,"$400,787.83",Sold,C1727,01-10-2024,400787.83,333.5728922
10257,1,10-01-2024,Apartment,29,757.2,"$280,039.75",Sold,C0428,01-10-2024,280039.75,369.8359086
10292,1,10-01-2024,Apartment,31,619.78,"$198,448.41",Sold,C1122,01-10-2024,198448.41,320.1916971
10311,1,10-01-2024,Apartment,33,827.74,"$186,418.60",Sold,C0609,01-10-2024,186418.6,225.2139561
10337,1,10-01-2024,Apartment,36,613.59,"$194,671.27",Available,,01-10-2024,194671.27,317.2660408
10356,1,10-01-2024,Apartment,38,1355.85,"$422,702.76",Available,,01-10-2024,422702.76,311.7621861
10364,1,10-01-2024,Office,40,784.22,"$192,318.09",Sold,C1669,01-10-2024,192318.09,245.2348703
10371,1,10-01-2024,Apartment,41,835.25,"$238,146.95",Sold,C0086,01-10-2024,238146.95,285.1205627
10379,1,10-01-2024,Apartment,43,1159.2,"$356,687.55",Sold,C0115,01-10-2024,356687.55,307.7014752
10392,1,10-01-2024,Apartment,46,1153.16,"$300,423.34",Sold,C0219,01-10-2024,300423.34,260.5218183
10393,1,10-01-2024,Apartment,46,1153.16,"$316,241.81",Sold,C0989,01-10-2024,316241.81,274.2393163
10417,1,10-01-2024,Apartment,48,1170.93,"$372,450.20",Sold,C1109,01-10-2024,372450.2,318.0806709
10423,1,10-01-2024,Office,49,629.24,"$217,823.42",Sold,C1541,01-10-2024,217823.42,346.1690611
20009,2,10-01-2024,Apartment,1,706.3,"$224,035.98",Sold,C1190,01-10-2024,224035.98,317.1966303
20029,2,10-01-2024,Apartment,3,645.84,"$205,863.07",Sold,C1696,01-10-2024,205863.07,318.7524309
20078,2,10-01-2024,Apartment,9,584.19,"$183,083.45",Sold,C0021,01-10-2024,183083.45,313.3970968
20089,2,10-01-2024,Apartment,10,788.79,"$236,082.49",Sold,C0463,01-10-2024,236082.49,299.2970119
20095,2,10-01-2024,Office,11,1625.05,"$461,620.65",Sold,C0960,01-10-2024,461620.65,284.0655057
20109,2,10-01-2024,Apartment,13,782.33,"$230,135.31",Available,,01-10-2024,230135.31,294.166541
20113,2,10-01-2024,Apartment,14,1296.39,"$380,390.29",Sold,C1929,01-10-2024,380390.29,293.4227277
20155,2,10-01-2024,Apartment,18,784.76,"$225,010.98",Sold,C1495,01-10-2024,225010.98,286.7258525
20183,2,10-01-2024,Apartment,21,921.38,"$306,850.21",Sold,C0830,01-10-2024,306850.21,333.033287
20192,2,10-01-2024,Office,22,653.41,"$202,606.33",Sold,C1283,01-10-2024,202606.33,310.0753432
20203,2,10-01-2024,Apartment,23,1416.33,"$412,591.03",Sold,C0108,01-10-2024,412591.03,291.309956
20210,2,10-01-2024,Apartment,24,785.12,"$231,504.40",Sold,C0974,01-10-2024,231504.4,294.8649888
20243,2,10-01-2024,Apartment,26,1577.79,"$502,622.02",Sold,C0469,01-10-2024,502622.02,318.5607844
20249,2,10-01-2024,Apartment,27,1211.51,"$361,776.94",Sold,C1232,01-10-2024,361776.94,298.6165529
20263,2,10-01-2024,Apartment,31,629.92,"$186,568.83",Available,,01-10-2024,186568.83,296.17861
20267,2,10-01-2024,Apartment,32,925.63,"$249,299.16",Sold,C1925,01-10-2024,249299.16,269.3291704
20289,2,10-01-2024,Apartment,34,800.26,"$253,932.86",Available,,01-10-2024,253932.86,317.3129483
20290,2,10-01-2024,Apartment,34,800.26,"$259,806.48",Sold,C1555,01-10-2024,259806.48,324.6525879
20300,2,10-01-2024,Apartment,35,1391.68,"$374,531.19",Available,,01-10-2024,374531.19,269.12163
20316,2,10-01-2024,Apartment,37,780.46,"$244,233.40",Available,,01-10-2024,244233.4,312.9351921
20324,2,10-01-2024,Office,38,710.81,"$257,405.89",Sold,C0649,01-10-2024,257405.89,362.1303724
20343,2,10-01-2024,Apartment,41,654.93,"$208,542.96",Sold,C0099,01-10-2024,208542.96,318.4202281
20344,2,10-01-2024,Apartment,41,654.93,"$204,454.91",Sold,C1021,01-10-2024,204454.91,312.1782633
20385,2,10-01-2024,Apartment,46,697.74,"$212,979.70",Sold,C0249,01-10-2024,212979.7,305.2422106
20398,2,10-01-2024,Office,46,697.74,"$217,804.94",Sold,C1235,01-10-2024,217804.94,312.1577378
20431,2,10-01-2024,Office,50,1604.8,"$492,537.89",Sold,C0924,01-10-2024,492537.89,306.9154349
20438,2,10-01-2024,Apartment,50,1604.8,"$468,241.50",Sold,C1456,01-10-2024,468241.5,291.7756107
20442,2,10-01-2024,Apartment,51,699.31,"$220,609.09",Available,,01-10-2024,220609.09,315.466803
20448,2,10-01-2024,Apartment,52,914.01,"$270,864.99",Sold,C1209,01-10-2024,270864.99,296.3479502
20468,2,10-01-2024,Apartment,55,579.26,"$189,388.07",Sold,C1448,01-10-2024,189388.07,326.9482961
30020,3,10-01-2024,Apartment,2,672.64,"$205,608.05",Sold,C1714,01-10-2024,205608.05,305.6732427
30034,3,10-01-2024,Apartment,4,719.96,"$235,818.40",Sold,C1880,01-10-2024,235818.4,327.5437524
30052,3,10-01-2024,Apartment,5,701.19,"$232,325.48",Sold,C0662,01-10-2024,232325.48,331.3302814
30090,3,10-01-2024,Apartment,9,1125.84,"$366,485.38",Available,,01-10-2024,366485.38,325.521726
30092,3,10-01-2024,Apartment,9,1125.84,"$329,256.08",Sold,C0285,01-10-2024,329256.08,292.4537057
30153,3,10-01-2024,Apartment,17,937.24,"$269,684.75",Sold,C1157,01-10-2024,269684.75,287.7435342
30155,3,10-01-2024,Apartment,18,706.68,"$213,673.14",Sold,C1410,01-10-2024,213673.14,302.361946
30159,3,10-01-2024,Apartment,18,706.68,"$199,407.76",Sold,C1740,01-10-2024,199407.76,282.1754684
30182,3,10-01-2024,Apartment,20,802.97,"$234,510.88",Available,,01-10-2024,234510.88,292.0543482
30186,3,10-01-2024,Apartment,20,802.97,"$267,213.25",Sold,C0153,01-10-2024,267213.25,332.7811126
30207,3,10-01-2024,Apartment,23,924.21,"$288,254.21",Sold,C1658,01-10-2024,288254.21,311.8925461
30224,3,10-01-2024,Apartment,25,765.56,"$215,279.43",Available,,01-10-2024,215279.43,281.2051701
30225,3,10-01-2024,Apartment,25,765.56,"$241,165.86",Available,,01-10-2024,241165.86,315.0188881
30251,3,10-01-2024,Apartment,28,679.93,"$186,228.06",Available,,01-10-2024,186228.06,273.892989
30256,3,10-01-2024,Office,28,679.93,"$274,806.60",Sold,C1086,01-10-2024,274806.6,404.1689586
30316,3,10-01-2024,Apartment,39,1598.95,"$541,200.51",Available,,01-10-2024,541200.51,338.4724413
30389,3,10-01-2024,Apartment,48,783.39,"$252,997.47",Sold,C1017,01-10-2024,252997.47,322.9521311
30422,3,10-01-2024,Office,49,1174.48,"$361,277.65",Available,,01-10-2024,361277.65,307.6064727
30447,3,10-01-2024,Office,51,693.85,"$192,247.67",Sold,C1742,01-10-2024,192247.67,277.07382
30480,3,10-01-2024,Apartment,56,1179.42,"$332,461.48",Available,,01-10-2024,332461.48,281.8855709
30485,3,10-01-2024,Apartment,57,1607.94,"$531,267.61",Sold,C0014,01-10-2024,531267.61,330.4026332
30499,3,10-01-2024,Office,58,1588.14,"$514,916.07",Sold,C0968,01-10-2024,514916.07,324.225868
40022,4,10-01-2024,Apartment,3,1630.82,"$426,620.64",Sold,C1043,01-10-2024,426620.64,261.5988521
40061,4,10-01-2024,Apartment,6,1602.95,"$447,783.62",Sold,C1454,01-10-2024,447783.62,279.3497115
40069,4,10-01-2024,Apartment,7,786.36,"$231,660.78",Sold,C1372,01-10-2024,231660.78,294.598886
40111,4,10-01-2024,Apartment,14,1322.66,"$370,479.06",Sold,C0527,01-10-2024,370479.06,280.1015076
40115,4,10-01-2024,Apartment,14,1322.66,"$417,968.99",Available,,01-10-2024,417968.99,316.0063735
40137,4,10-01-2024,Apartment,16,1128.21,"$334,030.96",Available,,01-10-2024,334030.96,296.0716179
40190,4,10-01-2024,Office,23,1110.99,"$392,591.08",Available,,01-10-2024,392591.08,353.3704894
40213,4,10-01-2024,Apartment,26,790.05,"$223,944.32",Sold,C1442,01-10-2024,223944.32,283.4558825
40214,4,10-01-2024,Apartment,26,790.05,"$242,484.10",Sold,C0930,01-10-2024,242484.1,306.9224733
40242,4,10-01-2024,Apartment,29,776.79,"$254,041.58",Sold,C1689,01-10-2024,254041.58,327.0402297
40258,4,10-01-2024,Office,31,793.1,"$242,185.49",Available,,01-10-2024,242185.49,305.3656412
40277,4,10-01-2024,Apartment,33,734.73,"$246,795.54",Sold,C1680,01-10-2024,246795.54,335.8996366
40294,4,10-01-2024,Apartment,34,795.1,"$250,630.81",Available,,01-10-2024,250630.81,315.2192303
40371,4,10-01-2024,Apartment,44,799.67,"$243,752.12",Sold,C0654,01-10-2024,243752.12,304.8158866
40389,4,10-01-2024,Apartment,45,1160.48,"$366,377.13",Sold,C0922,01-10-2024,366377.13,315.7117141
40399,4,10-01-2024,Apartment,46,800.23,"$280,137.79",Sold,C0894,01-10-2024,280137.79,350.0715919
40417,4,10-01-2024,Apartment,49,739.7,"$208,210.52",Sold,C1909,01-10-2024,208210.52,281.479681
40442,4,10-01-2024,Apartment,51,802.11,"$250,655.47",Sold,C0941,01-10-2024,250655.47,312.4951316
50007,5,10-01-2024,Apartment,2,795.91,"$281,231.73",Sold,C1762,01-10-2024,281231.73,353.3461447
50035,5,10-01-2024,Apartment,8,782.15,"$212,497.00",Sold,C0520,01-10-2024,212497,271.683181
50050,5,10-01-2024,Apartment,8,782.15,"$236,471.53",Sold,C0673,01-10-2024,236471.53,302.3352682
50093,5,10-01-2024,Apartment,11,1058.56,"$316,043.31",Sold,C1444,01-10-2024,316043.31,298.5596565
50108,5,10-01-2024,Apartment,13,791.13,"$246,068.77",Sold,C1716,01-10-2024,246068.77,311.0345582
50149,5,10-01-2024,Apartment,19,819.72,"$230,931.50",Sold,C0947,01-10-2024,230931.5,281.7199776
50157,5,10-01-2024,Apartment,21,1253.3,"$340,442.96",Sold,C1146,01-10-2024,340442.96,271.6372457
50159,5,10-01-2024,Apartment,22,1059.78,"$306,923.50",Sold,C1899,01-10-2024,306923.5,289.6105796
50163,5,10-01-2024,Apartment,22,1059.78,"$306,987.24",Sold,C0012,01-10-2024,306987.24,289.6707241
50164,5,10-01-2024,Apartment,22,1059.78,"$328,382.39",Sold,C1252,01-10-2024,328382.39,309.8590179
50181,5,10-01-2024,Apartment,23,1006.65,"$268,561.28",Sold,C1415,01-10-2024,268561.28,266.7871455
50206,5,10-01-2024,Apartment,27,1278.6,"$338,601.69",Sold,C1205,01-10-2024,338601.69,264.8222196
50221,5,10-01-2024,Apartment,29,786.28,"$244,713.94",Sold,C0127,01-10-2024,244713.94,311.2300198
50248,5,10-01-2024,Apartment,33,1787.13,"$535,533.08",Sold,C0770,01-10-2024,535533.08,299.6609536
50257,5,10-01-2024,Apartment,34,802.33,"$285,197.86",Sold,C1755,01-10-2024,285197.86,355.4620418
50258,5,10-01-2024,Apartment,34,802.33,"$209,153.29",Sold,C0886,01-10-2024,209153.29,260.6823751
50274,5,10-01-2024,Apartment,36,627.56,"$183,173.08",Sold,C0017,01-10-2024,183173.08,291.8813819
50305,5,10-01-2024,Apartment,41,630.83,"$207,268.00",Sold,C1587,01-10-2024,207268,328.5639554
50328,5,10-01-2024,Apartment,42,791.2,"$253,398.70",Sold,C1599,01-10-2024,253398.7,320.27136
50336,5,10-01-2024,Apartment,43,802.72,"$262,212.19",Sold,C1440,01-10-2024,262212.19,326.6546118
50341,5,10-01-2024,Apartment,44,806.03,"$247,405.59",Sold,C0472,01-10-2024,247405.59,306.9434016
50352,5,10-01-2024,Apartment,44,806.03,"$258,517.67",Sold,C0471,01-10-2024,258517.67,320.7295882
50354,5,10-01-2024,Apartment,44,806.03,"$270,783.51",Sold,C0511,01-10-2024,270783.51,335.9471856
50411,5,10-01-2024,Apartment,47,1241.14,"$433,580.68",Sold,C1990,01-10-2024,433580.68,349.3406707
50416,5,10-01-2024,Apartment,48,788.04,"$216,474.36",Available,,01-10-2024,216474.36,274.6997107
50420,5,10-01-2024,Apartment,48,788.04,"$222,662.14",Sold,C1543,01-10-2024,222662.14,282.5518248
50431,5,10-01-2024,Apartment,50,1261.07,"$420,285.34",Sold,C1439,01-10-2024,420285.34,333.2767729
50439,5,10-01-2024,Office,51,1029.59,"$316,522.59",Sold,C1176,01-10-2024,316522.59,307.4258588
50449,5,10-01-2024,Apartment,52,1755.18,"$626,423.06",Sold,C1222,01-10-2024,626423.06,356.8996114
60006,6,10-01-2024,Apartment,1,1720.95,"$564,663.44",Sold,C1264,01-10-2024,564663.44,328.1114733
60011,6,10-01-2024,Apartment,1,1720.95,"$500,882.85",Sold,C0545,01-10-2024,500882.85,291.0502048
60022,6,10-01-2024,Apartment,2,1338.63,"$343,865.93",Sold,C0301,01-10-2024,343865.93,256.8789957
60093,6,10-01-2024,Apartment,7,1075.42,"$382,332.77",Sold,C1582,01-10-2024,382332.77,355.5194901
60128,6,10-01-2024,Office,10,942.08,"$316,622.87",Sold,C1331,01-10-2024,316622.87,336.0891538
60133,6,10-01-2024,Apartment,10,942.08,"$311,407.77",Sold,C1623,01-10-2024,311407.77,330.5534243
60145,6,10-01-2024,Office,12,1678.17,"$512,134.29",Sold,C0373,01-10-2024,512134.29,305.1742612
60152,6,10-01-2024,Apartment,12,1678.17,"$556,748.94",Sold,C1405,01-10-2024,556748.94,331.7595595
60159,6,10-01-2024,Apartment,13,581.47,"$149,191.06",Sold,C1114,01-10-2024,149191.06,256.5756789
60162,6,10-01-2024,Office,14,1890,"$667,262.77",Sold,C0986,01-10-2024,667262.77,353.0490847
60180,6,10-01-2024,Apartment,16,1687.92,"$527,627.25",Sold,C0119,01-10-2024,527627.25,312.5901998
60183,6,10-01-2024,Apartment,16,1687.92,"$499,179.78",Sold,C1852,01-10-2024,499179.78,295.7366344
60200,6,10-01-2024,Office,19,1542.71,"$578,692.29",Sold,C1558,01-10-2024,578692.29,375.1141109
60202,6,10-01-2024,Apartment,19,1542.71,"$389,827.78",Sold,C0447,01-10-2024,389827.78,252.6902529
60214,6,10-01-2024,Office,20,1897.17,"$505,472.65",Sold,C1702,01-10-2024,505472.65,266.4350849
60233,6,10-01-2024,Apartment,22,1656.54,"$378,656.55",Sold,C0526,01-10-2024,378656.55,228.5827991
60263,6,10-01-2024,Apartment,27,830.65,"$270,512.28",Sold,C0621,01-10-2024,270512.28,325.6633721
60277,6,10-01-2024,Apartment,30,552.59,"$159,532.71",Sold,C1604,01-10-2024,159532.71,288.6999584
60286,6,10-01-2024,Apartment,31,1768.9,"$532,386.73",Sold,C0982,01-10-2024,532386.73,300.9705071
60308,6,10-01-2024,Apartment,34,1353.81,"$395,125.68",Sold,C1737,01-10-2024,395125.68,291.8619895
60390,6,10-01-2024,Apartment,46,1870.54,"$445,742.99",Available,,01-10-2024,445742.99,238.2964224
60398,6,10-01-2024,Apartment,47,550.99,"$160,886.49",Sold,C0483,01-10-2024,160886.49,291.9952994
60399,6,10-01-2024,Office,47,550.99,"$205,316.40",Sold,C0728,01-10-2024,205316.4,372.6318082
60453,6,10-01-2024,Apartment,53,1170.96,"$320,303.92",Sold,C0183,01-10-2024,320303.92,273.5395914
70031,7,10-01-2024,Apartment,5,1144.09,"$386,036.16",Sold,C0632,01-10-2024,386036.16,337.4176507
70059,7,10-01-2024,Apartment,9,926.11,"$274,985.80",Sold,C1520,01-10-2024,274985.8,296.9256352
70065,7,10-01-2024,Apartment,10,1495.37,"$457,007.60",Sold,C0013,01-10-2024,457007.6,305.6150652
70082,7,10-01-2024,Office,12,804.65,"$232,475.15",Available,,01-10-2024,232475.15,288.9146213
70088,7,10-01-2024,Apartment,12,804.65,"$266,653.15",Sold,C0194,01-10-2024,266653.15,331.3902318
70089,7,10-01-2024,Apartment,12,804.65,"$231,176.25",Sold,C0663,01-10-2024,231176.25,287.300379
70090,7,10-01-2024,Apartment,13,604.6,"$179,071.56",Available,,01-10-2024,179071.56,296.1818723
70174,7,10-01-2024,Apartment,20,1160.82,"$377,986.05",Sold,C0661,01-10-2024,377986.05,325.6198635
70176,7,10-01-2024,Apartment,20,1160.82,"$350,731.87",Available,,01-10-2024,350731.87,302.1414776
70191,7,10-01-2024,Office,22,1914.21,"$533,934.58",Sold,C0666,01-10-2024,533934.58,278.9320816
70225,7,10-01-2024,Office,25,573.8,"$170,826.21",Available,,01-10-2024,170826.21,297.7103695
70245,7,10-01-2024,Apartment,27,768.05,"$241,050.67",Sold,C1363,01-10-2024,241050.67,313.8476271
70247,7,10-01-2024,Apartment,28,694.55,"$220,346.61",Available,,01-10-2024,220346.61,317.2508963
70317,7,10-01-2024,Apartment,38,1755.26,"$532,979.30",Sold,C1483,01-10-2024,532979.3,303.6469241
70324,7,10-01-2024,Apartment,38,1755.26,"$610,952.85",Sold,C0701,01-10-2024,610952.85,348.0697162
70347,7,10-01-2024,Apartment,41,1093.92,"$336,200.18",Sold,C0134,01-10-2024,336200.18,307.335253
70353,7,10-01-2024,Office,41,1093.92,"$324,025.61",Available,,01-10-2024,324025.61,296.2059474
70380,7,10-01-2024,Office,43,498.61,"$168,842.21",Sold,C1890,01-10-2024,168842.21,338.6257997
70386,7,10-01-2024,Apartment,44,1859.83,"$478,602.47",Sold,C1724,01-10-2024,478602.47,257.3366759
70396,7,10-01-2024,Apartment,45,1150.93,"$378,118.43",Sold,C1541,01-10-2024,378118.43,328.5329516
70421,7,10-01-2024,Apartment,49,1383.05,"$402,062.53",Available,,01-10-2024,402062.53,290.7071545
70424,7,10-01-2024,Apartment,49,1383.05,"$382,303.57",Sold,C1696,01-10-2024,382303.57,276.4206428
70444,7,10-01-2024,Apartment,52,1281.14,"$349,073.94",Sold,C1211,01-10-2024,349073.94,272.4713458
70447,7,10-01-2024,Apartment,53,884.87,"$250,121.34",Available,,01-10-2024,250121.34,282.6645044
70451,7,10-01-2024,Apartment,54,1940.69,"$521,044.57",Sold,C1057,01-10-2024,521044.57,268.4841835
70458,7,10-01-2024,Apartment,54,1940.69,"$685,296.02",Available,,01-10-2024,685296.02,353.119777
70486,7,10-01-2024,Office,57,1347.67,"$456,678.02",Sold,C0463,01-10-2024,456678.02,338.8648705
80019,8,10-01-2024,Apartment,3,1736.05,"$563,291.28",Sold,C0360,01-10-2024,563291.28,324.4671985
80022,8,10-01-2024,Apartment,3,1736.05,"$548,218.63",Sold,C1227,01-10-2024,548218.63,315.7850465
80037,8,10-01-2024,Apartment,4,1934.75,"$633,197.27",Available,,01-10-2024,633197.27,327.276015
80053,8,10-01-2024,Apartment,5,887.23,"$279,147.67",Available,,01-10-2024,279147.67,314.6283038
80152,8,10-01-2024,Office,20,774.16,"$252,589.00",Sold,C1787,01-10-2024,252589,326.2749302
80183,8,10-01-2024,Apartment,26,1625.38,"$488,976.07",Sold,C1555,01-10-2024,488976.07,300.838001
80184,8,10-01-2024,Apartment,26,1625.38,"$460,816.43",Sold,C0887,01-10-2024,460816.43,283.5130431
80197,8,10-01-2024,Apartment,27,1376.34,"$444,121.47",Available,,01-10-2024,444121.47,322.6829635
80221,8,10-01-2024,Apartment,29,1848.51,"$581,022.45",Available,,01-10-2024,581022.45,314.3193437
80225,8,10-01-2024,Apartment,29,1848.51,"$449,409.92",Sold,C0514,01-10-2024,449409.92,243.1200913
80269,8,10-01-2024,Apartment,32,1410.88,"$510,151.14",Sold,C1010,01-10-2024,510151.14,361.5836499
80270,8,10-01-2024,Apartment,32,1410.88,"$411,257.15",Sold,C1310,01-10-2024,411257.15,291.4898149
80275,8,10-01-2024,Apartment,33,1809.87,"$529,206.10",Sold,C0697,01-10-2024,529206.1,292.4000619
80322,8,10-01-2024,Apartment,37,890.65,"$291,725.94",Sold,C1863,01-10-2024,291725.94,327.5427384
80337,8,10-01-2024,Apartment,37,890.65,"$259,911.91",Sold,C0427,01-10-2024,259911.91,291.822725
80391,8,10-01-2024,Apartment,46,1175.51,"$393,274.68",Sold,C1552,01-10-2024,393274.68,334.5566435
80432,8,10-01-2024,Apartment,50,913.15,"$290,605.55",Available,,01-10-2024,290605.55,318.2451404
80461,8,10-01-2024,Apartment,54,1699.02,"$484,921.76",Sold,C1149,01-10-2024,484921.76,285.4126261
80463,8,10-01-2024,Apartment,55,1300.05,"$408,265.89",Sold,C0023,01-10-2024,408265.89,314.0386062
80472,8,10-01-2024,Office,55,1300.05,"$407,520.26",Available,,01-10-2024,407520.26,313.4650667
90023,9,10-01-2024,Apartment,5,1416.81,"$441,668.03",Available,,01-10-2024,441668.03,311.7341281
90034,9,10-01-2024,Apartment,7,697.68,"$185,136.75",Sold,C1173,01-10-2024,185136.75,265.3605521
90069,9,10-01-2024,Apartment,12,952.38,"$280,593.08",Sold,C0239,01-10-2024,280593.08,294.6230286
90081,9,10-01-2024,Office,12,952.38,"$335,629.91",Sold,C1619,01-10-2024,335629.91,352.4117579
90086,9,10-01-2024,Office,14,1445.3,"$453,279.83",Sold,C0361,01-10-2024,453279.83,313.6233516
90128,9,10-01-2024,Apartment,20,1664.76,"$532,709.69",Available,,01-10-2024,532709.69,319.9918847
90130,9,10-01-2024,Apartment,20,1664.76,"$487,224.16",Sold,C0860,01-10-2024,487224.16,292.6693097
90136,9,10-01-2024,Apartment,21,1261.65,"$393,101.99",Sold,C1071,01-10-2024,393101.99,311.5776879
90144,9,10-01-2024,Apartment,22,1115.88,"$317,072.98",Sold,C1926,01-10-2024,317072.98,284.1461268
90208,9,10-01-2024,Apartment,30,1250.17,"$460,086.04",Available,,01-10-2024,460086.04,368.0187814
90241,9,10-01-2024,Apartment,34,1577.36,"$527,721.88",Available,,01-10-2024,527721.88,334.5602019
90243,9,10-01-2024,Office,34,1577.36,"$543,401.76",Sold,C1780,01-10-2024,543401.76,344.5007861
90274,9,10-01-2024,Apartment,35,1376.88,"$464,094.48",Sold,C0303,01-10-2024,464094.48,337.062402
90286,9,10-01-2024,Apartment,36,1582.79,"$521,648.24",Sold,C1096,01-10-2024,521648.24,329.5751426
90295,9,10-01-2024,Apartment,36,1582.79,"$496,038.87",Sold,C1323,01-10-2024,496038.87,313.3952514
90299,9,10-01-2024,Apartment,37,731.44,"$216,241.14",Sold,C1419,01-10-2024,216241.14,295.6375643
90308,9,10-01-2024,Apartment,38,1260.31,"$369,441.60",Sold,C0664,01-10-2024,369441.6,293.1354984
90316,9,10-01-2024,Office,38,1260.31,"$353,496.02",Sold,C0542,01-10-2024,353496.02,280.483389
90343,9,10-01-2024,Apartment,40,1090.32,"$351,419.29",Sold,C0001,01-10-2024,351419.29,322.3083957
90352,9,10-01-2024,Apartment,41,1488.32,"$362,728.99",Sold,C1698,01-10-2024,362728.99,243.7170703
90358,9,10-01-2024,Office,42,605.78,"$174,077.05",Sold,C0478,01-10-2024,174077.05,287.3601803
90371,9,10-01-2024,Apartment,44,1351.57,"$394,416.47",Available,,01-10-2024,394416.47,291.8209712
90398,9,10-01-2024,Office,47,1262.78,"$348,245.82",Available,,01-10-2024,348245.82,275.7771108
90421,9,10-01-2024,Apartment,53,599.72,"$146,552.13",Sold,C1379,01-10-2024,146552.13,244.3675882
90461,9,10-01-2024,Apartment,57,1198.57,"$350,655.95",Sold,C0543,01-10-2024,350655.95,292.561928
90495,9,10-01-2024,Apartment,58,838.34,"$276,170.62",Sold,C1806,01-10-2024,276170.62,329.4255553
90526,9,10-01-2024,Apartment,60,1919.77,"$617,811.07",Sold,C1496,01-10-2024,617811.07,321.8151497
100018,10,10-01-2024,Apartment,4,1765.37,"$433,712.68",Available,,01-10-2024,433712.68,245.6780618
100041,10,10-01-2024,Apartment,5,1741.96,"$501,235.19",Available,,01-10-2024,501235.19,287.7420779
100140,10,10-01-2024,Apartment,18,1244.03,"$306,507.89",Sold,C1009,01-10-2024,306507.89,246.3830374
100143,10,10-01-2024,Office,18,1244.03,"$378,139.97",Sold,C1390,01-10-2024,378139.97,303.9637067
100181,10,10-01-2024,Apartment,25,1487.17,"$497,090.51",Sold,C0470,01-10-2024,497090.51,334.2526476
100205,10,10-01-2024,Apartment,26,1294.85,"$399,712.39",Sold,C1663,01-10-2024,399712.39,308.6939723
100235,10,10-01-2024,Apartment,28,1606.58,"$474,515.88",Sold,C0087,01-10-2024,474515.88,295.3577662
100267,10,10-01-2024,Apartment,31,1499,"$427,664.89",Sold,C0903,01-10-2024,427664.89,285.3001268
100273,10,10-01-2024,Apartment,31,1499,"$421,648.47",Available,,01-10-2024,421648.47,281.2865043
100285,10,10-01-2024,Apartment,33,1010.7,"$273,820.14",Sold,C0183,01-10-2024,273820.14,270.9212823
100302,10,10-01-2024,Apartment,36,1920.65,"$617,703.46",Available,,01-10-2024,617703.46,321.6116731
100324,10,10-01-2024,Apartment,39,1188.51,"$315,365.90",Sold,C0132,01-10-2024,315365.9,265.3456008
100360,10,10-01-2024,Office,43,1093.67,"$319,434.72",Sold,C0377,01-10-2024,319434.72,292.0759644
100369,10,10-01-2024,Apartment,43,1093.67,"$348,445.05",Sold,C1675,01-10-2024,348445.05,318.6016349
100385,10,10-01-2024,Apartment,44,1224.71,"$435,943.19",Sold,C1111,01-10-2024,435943.19,355.956259
100411,10,10-01-2024,Apartment,48,1421.82,"$456,551.60",Available,,01-10-2024,456551.6,321.1036559
100416,10,10-01-2024,Apartment,50,1138.32,"$330,533.73",Sold,C0318,01-10-2024,330533.73,290.3697818
110017,11,10-01-2024,Apartment,2,938,"$281,195.93",Sold,C0189,01-10-2024,281195.93,299.7824414
110045,11,10-01-2024,Apartment,6,1724.08,"$518,574.57",Available,,01-10-2024,518574.57,300.7833569
110065,11,10-01-2024,Apartment,8,1001.41,"$282,918.51",Sold,C0936,01-10-2024,282918.51,282.5201566
110085,11,10-01-2024,Apartment,10,1519.64,"$516,482.69",Sold,C0576,01-10-2024,516482.69,339.8717394
110094,11,10-01-2024,Apartment,10,1519.64,"$462,577.28",Sold,C1862,01-10-2024,462577.28,304.3992525
110124,11,10-01-2024,Office,14,524.68,"$175,426.76",Available,,01-10-2024,175426.76,334.3500038
110141,11,10-01-2024,Office,14,524.68,"$146,690.79",Available,,01-10-2024,146690.79,279.5814401
110147,11,10-01-2024,Apartment,15,1385.68,"$453,949.46",Sold,C1097,01-10-2024,453949.46,327.6004994
110156,11,10-01-2024,Apartment,16,1829.02,"$581,631.78",Sold,C1131,01-10-2024,581631.78,318.0018699
110167,11,10-01-2024,Office,18,1562.55,"$522,641.04",Sold,C1528,01-10-2024,522641.04,334.4795623
110171,11,10-01-2024,Apartment,18,1562.55,"$463,077.47",Sold,C1874,01-10-2024,463077.47,296.3600973
110209,11,10-01-2024,Apartment,24,1481.82,"$531,718.35",Available,,01-10-2024,531718.35,358.8278941
110222,11,10-01-2024,Apartment,27,1638.1,"$461,250.81",Sold,C0634,01-10-2024,461250.81,281.5767108
110236,11,10-01-2024,Office,29,993.51,"$308,787.35",Available,,01-10-2024,308787.35,310.804471
110247,11,10-01-2024,Apartment,30,642.72,"$202,059.29",Available,,01-10-2024,202059.29,314.3815192
110249,11,10-01-2024,Apartment,30,642.72,"$172,359.93",Sold,C0231,01-10-2024,172359.93,268.1726568
110253,11,10-01-2024,Apartment,30,642.72,"$183,055.23",Sold,C0617,01-10-2024,183055.23,284.8133402
110269,11,10-01-2024,Apartment,32,1285.87,"$317,008.67",Available,,01-10-2024,317008.67,246.5324411
110315,11,10-01-2024,Apartment,38,788.47,"$231,783.95",Sold,C1810,01-10-2024,231783.95,293.966733
110321,11,10-01-2024,Apartment,38,788.47,"$258,318.58",Sold,C0314,01-10-2024,258318.58,327.620049
110370,11,10-01-2024,Apartment,44,434.38,"$97,537.58",Available,,01-10-2024,97537.58,224.5443621
110442,11,10-01-2024,Apartment,52,1397.58,"$506,996.47",Available,,01-10-2024,506996.47,362.7674051
110475,11,10-01-2024,Apartment,56,724.8,"$229,127.73",Sold,C1695,01-10-2024,229127.73,316.1254553
110484,11,10-01-2024,Apartment,57,1008.58,"$355,007.88",Sold,C0889,01-10-2024,355007.88,351.9878245
110493,11,10-01-2024,Apartment,58,1159.31,"$324,614.29",Available,,01-10-2024,324614.29,280.0064607
110531,11,10-01-2024,Apartment,62,1938.82,"$460,371.32",Available,,01-10-2024,460371.32,237.449232
110537,11,10-01-2024,Apartment,62,1938.82,"$662,938.18",Sold,C1852,01-10-2024,662938.18,341.9286886
110543,11,10-01-2024,Office,63,871.7,"$242,015.72",Sold,C1203,01-10-2024,242015.72,277.6364804
110545,11,10-01-2024,Office,63,871.7,"$320,938.27",Sold,C1125,01-10-2024,320938.27,368.1751405
110555,11,10-01-2024,Apartment,65,1427.09,"$396,047.03",Sold,C0222,01-10-2024,396047.03,277.52071
110562,11,10-01-2024,Apartment,65,1427.09,"$401,193.76",Sold,C1208,01-10-2024,401193.76,281.1271609
120006,12,10-01-2024,Apartment,1,839.95,"$299,829.82",Sold,C1876,01-10-2024,299829.82,356.9615096
120026,12,10-01-2024,Office,3,1469.27,"$420,816.82",Available,,01-10-2024,420816.82,286.4121775
120030,12,10-01-2024,Apartment,3,1469.27,"$543,199.93",Available,,01-10-2024,543199.93,369.7073581
120054,12,10-01-2024,Apartment,5,495.04,"$141,331.57",Available,,01-10-2024,141331.57,285.4952529
120057,12,10-01-2024,Office,6,1347.8,"$428,839.15",Sold,C1648,01-10-2024,428839.15,318.1771405
120099,12,10-01-2024,Apartment,13,1394.03,"$464,836.33",Available,,01-10-2024,464836.33,333.447867
120112,12,10-01-2024,Apartment,14,1369.96,"$412,405.94",Available,,01-10-2024,412405.94,301.0350229
120124,12,10-01-2024,Apartment,14,1369.96,"$394,884.68",Sold,C1019,01-10-2024,394884.68,288.2454086
120128,12,10-01-2024,Apartment,15,1456.98,"$491,474.73",Sold,C1875,01-10-2024,491474.73,337.3242804
120132,12,10-01-2024,Apartment,16,1523.02,"$378,116.60",Available,,01-10-2024,378116.6,248.2676524
120145,12,10-01-2024,Apartment,16,1523.02,"$461,769.54",Available,,01-10-2024,461769.54,303.1933527
120150,12,10-01-2024,Apartment,17,1428.55,"$437,096.17",Sold,C1625,01-10-2024,437096.17,305.9719086
120152,12,10-01-2024,Apartment,17,1428.55,"$405,740.25",Sold,C0337,01-10-2024,405740.25,284.0224353
120163,12,10-01-2024,Apartment,18,1702.66,"$559,963.06",Sold,C1664,01-10-2024,559963.06,328.875442
120175,12,10-01-2024,Apartment,19,1381.22,"$412,697.67",Sold,C0644,01-10-2024,412697.67,298.792133
120182,12,10-01-2024,Apartment,20,1802.21,"$580,776.87",Available,,01-10-2024,580776.87,322.2581553
120223,12,10-01-2024,Apartment,24,1306.75,"$358,023.39",Sold,C1036,01-10-2024,358023.39,273.9800191
120224,12,10-01-2024,Apartment,24,1306.75,"$307,839.56",Sold,C0176,01-10-2024,307839.56,235.576476
120240,12,10-01-2024,Apartment,26,557.9,"$169,877.17",Sold,C0258,01-10-2024,169877.17,304.4939416
120266,12,10-01-2024,Apartment,28,1563.65,"$484,992.96",Sold,C0192,01-10-2024,484992.96,310.1672113
120295,12,10-01-2024,Office,33,1232.2,"$437,270.83",Sold,C0976,01-10-2024,437270.83,354.870013
120296,12,10-01-2024,Apartment,33,1232.2,"$335,957.35",Sold,C0496,01-10-2024,335957.35,272.6483931
120302,12,10-01-2024,Apartment,34,1817.64,"$636,508.92",Sold,C0509,01-10-2024,636508.92,350.1842609
120322,12,10-01-2024,Apartment,35,1690.62,"$476,620.78",Sold,C1602,01-10-2024,476620.78,281.9207036
120388,12,10-01-2024,Apartment,44,635.36,"$205,547.69",Sold,C1894,01-10-2024,205547.69,323.5137402
120416,12,10-01-2024,Apartment,48,1919.31,"$520,039.40",Sold,C0760,01-10-2024,520039.4,270.9512273
130004,13,10-01-2024,Apartment,1,1899.92,"$459,585.99",Sold,C1900,01-10-2024,459585.99,241.8975483
130058,13,10-01-2024,Apartment,5,441.3,"$133,450.04",Available,,01-10-2024,133450.04,302.4020847
130066,13,10-01-2024,Apartment,7,1115.82,"$318,852.87",Sold,C1183,01-10-2024,318852.87,285.7565468
130067,13,10-01-2024,Apartment,8,1449.43,"$376,895.27",Sold,C1160,01-10-2024,376895.27,260.0299911
130076,13,10-01-2024,Apartment,9,1448.68,"$394,592.34",Sold,C1653,01-10-2024,394592.34,272.3806086
130105,13,10-01-2024,Apartment,13,585.77,"$159,915.67",Sold,C0383,01-10-2024,159915.67,273.0007853
130115,13,10-01-2024,Office,14,777.75,"$252,863.32",Sold,C1271,01-10-2024,252863.32,325.1215943
130148,13,10-01-2024,Apartment,17,1278.95,"$381,454.10",Sold,C1196,01-10-2024,381454.1,298.2556785
130156,13,10-01-2024,Apartment,18,1820.34,"$623,318.65",Sold,C1483,01-10-2024,623318.65,342.4188064
130182,13,10-01-2024,Apartment,20,516.72,"$147,655.88",Available,,01-10-2024,147655.88,285.7560768
130188,13,10-01-2024,Apartment,20,516.72,"$159,770.01",Sold,C1665,01-10-2024,159770.01,309.20036
130209,13,10-01-2024,Apartment,24,1044.69,"$262,442.06",Available,,01-10-2024,262442.06,251.2152505
130228,13,10-01-2024,Apartment,26,1867.78,"$590,931.68",Sold,C1706,01-10-2024,590931.68,316.3818437
130299,13,10-01-2024,Apartment,33,1445.84,"$350,161.05",Sold,C0124,01-10-2024,350161.05,242.1852003
130316,13,10-01-2024,Apartment,35,1867.34,"$573,428.92",Sold,C0429,01-10-2024,573428.92,307.083295
130325,13,10-01-2024,Apartment,37,1555.67,"$508,804.43",Sold,C1861,01-10-2024,508804.43,327.0644995
130340,13,10-01-2024,Apartment,38,656.42,"$213,741.13",Available,,01-10-2024,213741.13,325.6164194
130416,13,10-01-2024,Office,47,1874.35,"$448,234.89",Available,,01-10-2024,448234.89,239.1415104
130425,13,10-01-2024,Apartment,47,1874.35,"$573,428.65",Sold,C1535,01-10-2024,573428.65,305.9346707
130438,13,10-01-2024,Apartment,48,1728.84,"$479,065.61",Sold,C1414,01-10-2024,479065.61,277.1023403
130448,13,10-01-2024,Apartment,50,1469.09,"$400,273.64",Sold,C1164,01-10-2024,400273.64,272.4636612
130451,13,10-01-2024,Apartment,50,1469.09,"$453,584.44",Sold,C1318,01-10-2024,453584.44,308.7519757
130455,13,10-01-2024,Apartment,51,1253.03,"$340,333.17",Sold,C0010,01-10-2024,340333.17,271.6081578
130466,13,10-01-2024,Apartment,53,968.77,"$318,160.65",Available,,01-10-2024,318160.65,328.4171165
130474,13,10-01-2024,Apartment,53,968.77,"$264,045.95",Sold,C1519,01-10-2024,264045.95,272.5579343
130498,13,10-01-2024,Apartment,58,1115.72,"$429,747.51",Sold,C0452,01-10-2024,429747.51,385.1750529
130512,13,10-01-2024,Apartment,59,1434.04,"$456,458.92",Sold,C0823,01-10-2024,456458.92,318.302781
130513,13,10-01-2024,Apartment,59,1434.04,"$422,391.04",Sold,C1764,01-10-2024,422391.04,294.5462051
130520,13,10-01-2024,Apartment,60,1401.81,"$444,030.99",Sold,C0469,01-10-2024,444030.99,316.7554733
130521,13,10-01-2024,Apartment,60,1401.81,"$398,705.22",Available,,01-10-2024,398705.22,284.4217262
130569,13,10-01-2024,Apartment,67,524.97,"$158,069.76",Sold,C1853,01-10-2024,158069.76,301.102463
140027,14,10-01-2024,Office,5,424.34,"$102,745.33",Sold,C1991,01-10-2024,102745.33,242.1297309
140066,14,10-01-2024,Apartment,9,803.5,"$266,127.02",Sold,C1308,01-10-2024,266127.02,331.2097324
140084,14,10-01-2024,Apartment,11,1431.42,"$462,169.28",Sold,C1863,01-10-2024,462169.28,322.8746839
140093,14,10-01-2024,Apartment,12,459.44,"$154,509.23",Sold,C1839,01-10-2024,154509.23,336.299038
140102,14,10-01-2024,Apartment,12,459.44,"$101,076.80",Sold,C1000,01-10-2024,101076.8,220
140139,14,10-01-2024,Apartment,15,784.04,"$190,003.85",Sold,C1075,01-10-2024,190003.85,242.3394852
140154,14,10-01-2024,Apartment,16,915.37,"$221,903.24",Sold,C0648,01-10-2024,221903.24,242.4191748
140162,14,10-01-2024,Apartment,17,686.6,"$210,426.08",Available,,01-10-2024,210426.08,306.4755025
140176,14,10-01-2024,Apartment,18,500.17,"$151,900.65",Sold,C1910,01-10-2024,151900.65,303.6980427
140190,14,10-01-2024,Office,21,1560.87,"$446,243.80",Sold,C1480,01-10-2024,446243.8,285.8942769
140248,14,10-01-2024,Apartment,29,1618.34,"$478,857.61",Sold,C0939,01-10-2024,478857.61,295.8943176
140274,14,10-01-2024,Office,32,1120.81,"$348,757.59",Available,,01-10-2024,348757.59,311.1656659
140279,14,10-01-2024,Apartment,33,1894.96,"$521,436.07",Available,,01-10-2024,521436.07,275.1699614
140297,14,10-01-2024,Office,34,513.06,"$156,115.46",Sold,C0239,01-10-2024,156115.46,304.2830468
140317,14,10-01-2024,Apartment,37,1469.73,"$478,919.10",Available,,01-10-2024,478919.1,325.8551571
140328,14,10-01-2024,Apartment,38,1170.11,"$419,677.60",Sold,C1151,01-10-2024,419677.6,358.6650828
140368,14,10-01-2024,Apartment,45,1388.61,"$443,404.97",Available,,01-10-2024,443404.97,319.315697
140380,14,10-01-2024,Apartment,46,1258.99,"$347,365.39",Sold,C0754,01-10-2024,347365.39,275.9079818
140382,14,10-01-2024,Apartment,46,1258.99,"$351,438.57",Available,,01-10-2024,351438.57,279.1432577
140396,14,10-01-2024,Apartment,47,917.53,"$288,108.07",Sold,C1086,01-10-2024,288108.07,314.0039781
140449,14,10-01-2024,Apartment,53,1493.72,"$457,748.53",Sold,C1869,01-10-2024,457748.53,306.4486852
140452,14,10-01-2024,Apartment,53,1493.72,"$411,386.09",Available,,01-10-2024,411386.09,275.4104451
150013,15,10-01-2024,Apartment,2,1522.89,"$411,865.15",Sold,C0852,01-10-2024,411865.15,270.4497042
150026,15,10-01-2024,Apartment,3,748.99,"$177,729.83",Sold,C1901,01-10-2024,177729.83,237.2926608
150032,15,10-01-2024,Apartment,4,1110.88,"$351,282.64",Sold,C0767,01-10-2024,351282.64,316.2201498
150052,15,10-01-2024,Apartment,8,1056.46,"$323,933.40",Available,,01-10-2024,323933.4,306.6215474
150055,15,10-01-2024,Apartment,9,565.48,"$147,313.66",Sold,C1639,01-10-2024,147313.66,260.5108227
150073,15,10-01-2024,Apartment,11,1437.62,"$405,432.81",Available,,01-10-2024,405432.81,282.0166734
150104,15,10-01-2024,Apartment,15,522.71,"$159,782.74",Sold,C1540,01-10-2024,159782.74,305.6814295
150109,15,10-01-2024,Apartment,15,522.71,"$168,550.58",Sold,C1387,01-10-2024,168550.58,322.4552429
150119,15,10-01-2024,Apartment,16,1692.61,"$484,748.14",Available,,01-10-2024,484748.14,286.3909229
150123,15,10-01-2024,Apartment,16,1692.61,"$491,025.48",Sold,C0097,01-10-2024,491025.48,290.0995977
150155,15,10-01-2024,Apartment,20,1662.01,"$441,368.29",Sold,C0014,01-10-2024,441368.29,265.5629569
150177,15,10-01-2024,Apartment,23,1279.23,"$369,049.21",Sold,C0467,01-10-2024,369049.21,288.493242
150218,15,10-01-2024,Apartment,25,607.01,"$166,140.66",Available,,01-10-2024,166140.66,273.7033327
150222,15,10-01-2024,Apartment,26,961.01,"$276,284.34",Sold,C1703,01-10-2024,276284.34,287.4937201
150283,15,10-01-2024,Apartment,34,1304.22,"$444,680.77",Sold,C1065,01-10-2024,444680.77,340.9553373
150284,15,10-01-2024,Office,34,1304.22,"$390,660.70",Available,,01-10-2024,390660.7,299.5358912
150306,15,10-01-2024,Apartment,35,745.49,"$223,449.53",Sold,C1104,01-10-2024,223449.53,299.7351138
150323,15,10-01-2024,Apartment,38,585.57,"$154,701.24",Sold,C1314,01-10-2024,154701.24,264.189149
150327,15,10-01-2024,Apartment,38,585.57,"$160,222.84",Available,,01-10-2024,160222.84,273.6185938
150332,15,10-01-2024,Office,38,585.57,"$180,762.88",Available,,01-10-2024,180762.88,308.6955957
150348,15,10-01-2024,Apartment,41,1586.79,"$470,014.76",Available,,01-10-2024,470014.76,296.2047656
150357,15,10-01-2024,Office,43,1655.05,"$483,167.65",Available,,01-10-2024,483167.65,291.9353796
150380,15,10-01-2024,Apartment,48,1403.33,"$374,131.45",Available,,01-10-2024,374131.45,266.6026166
150416,15,10-01-2024,Apartment,52,829.2,"$283,362.29",Sold,C1458,01-10-2024,283362.29,341.7297274
150417,15,10-01-2024,Apartment,52,829.2,"$259,320.70",Available,,01-10-2024,259320.7,312.7360106
150421,15,10-01-2024,Apartment,53,696.04,"$211,469.90",Sold,C0485,01-10-2024,211469.9,303.8186024
150422,15,10-01-2024,Apartment,53,696.04,"$194,717.01",Sold,C0774,01-10-2024,194717.01,279.7497414
150437,15,10-01-2024,Apartment,55,892.75,"$276,552.01",Sold,C0876,01-10-2024,276552.01,309.7754243
150441,15,10-01-2024,Apartment,55,892.75,"$289,323.48",Sold,C1560,01-10-2024,289323.48,324.0811873
150459,15,10-01-2024,Apartment,56,939.93,"$259,840.79",Sold,C1085,01-10-2024,259840.79,276.4469588
150461,15,10-01-2024,Apartment,56,939.93,"$307,452.20",Available,,01-10-2024,307452.2,327.1011671
150474,15,10-01-2024,Apartment,57,429.34,"$150,517.02",Available,,01-10-2024,150517.02,350.5776774
150492,15,10-01-2024,Apartment,58,1750.89,"$514,682.24",Available,,01-10-2024,514682.24,293.9546402
150495,15,10-01-2024,Apartment,58,1750.89,"$492,952.77",Sold,C0416,01-10-2024,492952.77,281.5441119
150498,15,10-01-2024,Apartment,59,1286.47,"$345,795.89",Available,,01-10-2024,345795.89,268.7943675
150501,15,10-01-2024,Office,59,1286.47,"$312,125.23",Available,,01-10-2024,312125.23,242.6214603
150511,15,10-01-2024,Apartment,60,1033.2,"$300,300.85",Sold,C0917,01-10-2024,300300.85,290.6512292
150518,15,10-01-2024,Apartment,60,1033.2,"$337,564.17",Available,,01-10-2024,337564.17,326.7171603
160047,16,10-01-2024,Apartment,6,1062.34,"$334,381.13",Sold,C0641,01-10-2024,334381.13,314.7590508
160122,16,10-01-2024,Apartment,13,500.49,"$142,238.05",Sold,C1051,01-10-2024,142238.05,284.1975864
160139,16,10-01-2024,Apartment,17,836.32,"$240,238.68",Available,,01-10-2024,240238.68,287.2568873
160143,16,10-01-2024,Apartment,17,836.32,"$275,855.50",Available,,01-10-2024,275855.5,329.8444375
160155,16,10-01-2024,Apartment,19,1163.06,"$347,283.41",Sold,C1738,01-10-2024,347283.41,298.5945781
160158,16,10-01-2024,Apartment,20,1096.33,"$315,840.76",Sold,C1984,01-10-2024,315840.76,288.0891337
160177,16,10-01-2024,Apartment,22,1575.06,"$466,599.16",Sold,C1622,01-10-2024,466599.16,296.2421495
160200,16,10-01-2024,Apartment,25,853.37,"$259,327.23",Sold,C0665,01-10-2024,259327.23,303.8860401
160216,16,10-01-2024,Apartment,26,1458.08,"$382,971.00",Available,,01-10-2024,382971,262.6543125
160249,16,10-01-2024,Apartment,29,489.49,"$123,288.92",Sold,C0460,01-10-2024,123288.92,251.8721935
160314,16,10-01-2024,Apartment,37,922.03,"$318,562.94",Sold,C1226,01-10-2024,318562.94,345.5017082
160350,16,10-01-2024,Apartment,41,1001.72,"$220,378.40",Sold,C0207,01-10-2024,220378.4,220
160360,16,10-01-2024,Apartment,42,1496.62,"$414,588.69",Sold,C1887,01-10-2024,414588.69,277.0166709
170065,17,10-01-2024,Apartment,8,1297.3,"$375,027.09",Sold,C1467,01-10-2024,375027.09,289.0827796
170076,17,10-01-2024,Apartment,10,1059.07,"$325,597.94",Sold,C0955,01-10-2024,325597.94,307.4376009
170114,17,10-01-2024,Apartment,13,916.9,"$311,395.34",Sold,C1135,01-10-2024,311395.34,339.6175592
170134,17,10-01-2024,Apartment,15,1365.73,"$385,047.18",Sold,C1242,01-10-2024,385047.18,281.9350677
170181,17,10-01-2024,Apartment,20,792.27,"$277,940.01",Sold,C1928,01-10-2024,277940.01,350.8147601
170205,17,10-01-2024,Apartment,23,1025.52,"$288,705.15",Sold,C1770,01-10-2024,288705.15,281.5207407
170214,17,10-01-2024,Apartment,25,939.46,"$312,132.33",Available,,01-10-2024,312132.33,332.2465352
170216,17,10-01-2024,Apartment,25,939.46,"$259,568.71",Sold,C0802,01-10-2024,259568.71,276.2956486
170237,17,10-01-2024,Apartment,27,677.24,"$214,837.50",Sold,C1975,01-10-2024,214837.5,317.2250605
170245,17,10-01-2024,Apartment,27,677.24,"$189,997.94",Available,,01-10-2024,189997.94,280.5474278
170249,17,10-01-2024,Office,28,1201.04,"$398,974.61",Sold,C0375,01-10-2024,398974.61,332.1909428
170274,17,10-01-2024,Apartment,33,1532.89,"$467,335.84",Sold,C1074,01-10-2024,467335.84,304.8723914
170291,17,10-01-2024,Apartment,35,1667.01,"$486,946.40",Sold,C1424,01-10-2024,486946.4,292.1076658
170310,17,10-01-2024,Apartment,38,721.83,"$210,485.41",Available,,01-10-2024,210485.41,291.599698
170316,17,10-01-2024,Apartment,39,1341.67,"$341,188.07",Sold,C1551,01-10-2024,341188.07,254.3010353
170374,17,10-01-2024,Apartment,46,1582.61,"$465,014.45",Sold,C1564,01-10-2024,465014.45,293.8275696
170383,17,10-01-2024,Apartment,47,1106.83,"$333,320.89",Sold,C0256,01-10-2024,333320.89,301.1491286
170446,17,10-01-2024,Apartment,51,1375.52,"$374,757.19",Sold,C1856,01-10-2024,374757.19,272.4476489
180017,18,10-01-2024,Apartment,3,524.48,"$183,881.37",Sold,C0643,01-10-2024,183881.37,350.597487
180072,18,10-01-2024,Apartment,9,894.92,"$257,213.45",Sold,C1430,01-10-2024,257213.45,287.4150203
180076,18,10-01-2024,Office,9,894.92,"$312,227.38",Available,,01-10-2024,312227.38,348.8885934
180080,18,10-01-2024,Apartment,11,507.04,"$165,624.19",Sold,C1257,01-10-2024,165624.19,326.6491598
180082,18,10-01-2024,Apartment,11,507.04,"$131,544.50",Sold,C1388,01-10-2024,131544.5,259.4361392
180099,18,10-01-2024,Apartment,14,1742.3,"$501,441.18",Sold,C0237,01-10-2024,501441.18,287.8041554
180102,18,10-01-2024,Apartment,14,1742.3,"$518,630.99",Available,,01-10-2024,518630.99,297.6703151
180105,18,10-01-2024,Apartment,14,1742.3,"$581,837.55",Sold,C1469,01-10-2024,581837.55,333.9479711
180120,18,10-01-2024,Apartment,16,1360.96,"$429,565.64",Available,,01-10-2024,429565.64,315.6342876
180154,18,10-01-2024,Apartment,20,1631.48,"$403,699.08",Sold,C1223,01-10-2024,403699.08,247.4434746
180199,18,10-01-2024,Apartment,25,911.94,"$276,124.59",Available,,01-10-2024,276124.59,302.7881111
180223,18,10-01-2024,Apartment,28,514.67,"$153,024.68",Sold,C0394,01-10-2024,153024.68,297.3258204
180226,18,10-01-2024,Office,28,514.67,"$159,338.05",Sold,C0509,01-10-2024,159338.05,309.5926516
180233,18,10-01-2024,Apartment,29,578.36,"$161,600.76",Sold,C0844,01-10-2024,161600.76,279.4120617
180241,18,10-01-2024,Apartment,30,1795.66,"$534,260.23",Sold,C1602,01-10-2024,534260.23,297.5286134
180321,18,10-01-2024,Apartment,37,1092.32,"$316,603.14",Sold,C0732,01-10-2024,316603.14,289.8446792
180342,18,10-01-2024,Apartment,39,662.88,"$191,623.18",Sold,C1477,01-10-2024,191623.18,289.0767258
180371,18,10-01-2024,Apartment,41,852.83,"$275,046.94",Sold,C1460,01-10-2024,275046.94,322.5108638
180399,18,10-01-2024,Office,45,1627.52,"$487,865.86",Sold,C1966,01-10-2024,487865.86,299.7602856
180480,18,10-01-2024,Apartment,53,1806.7,"$537,806.31",Sold,C0413,01-10-2024,537806.31,297.6732772
180515,18,10-01-2024,Apartment,58,955.23,"$283,186.34",Sold,C0088,01-10-2024,283186.34,296.4588005
180517,18,10-01-2024,Apartment,58,955.23,"$324,852.10",Available,,01-10-2024,324852.1,340.0773636
180588,18,10-01-2024,Apartment,68,1445.28,"$425,612.61",Available,,01-10-2024,425612.61,294.4845359
180589,18,10-01-2024,Apartment,68,1445.28,"$476,578.58",Sold,C0368,01-10-2024,476578.58,329.7482702
190024,19,10-01-2024,Apartment,5,1408.42,"$410,069.43",Sold,C1517,01-10-2024,410069.43,291.1556425
190029,19,10-01-2024,Apartment,5,1408.42,"$395,263.80",Available,,01-10-2024,395263.8,280.643416
190032,19,10-01-2024,Apartment,6,1067.81,"$323,027.63",Available,,01-10-2024,323027.63,302.5141458
190060,19,10-01-2024,Apartment,9,695.8,"$189,471.15",Sold,C0116,01-10-2024,189471.15,272.3069129
190086,19,10-01-2024,Apartment,13,766.61,"$206,694.75",Sold,C1808,01-10-2024,206694.75,269.6217764
190103,19,10-01-2024,Office,14,630.47,"$215,808.72",Sold,C1594,01-10-2024,215808.72,342.2981585
190159,19,10-01-2024,Apartment,20,1772.03,"$577,980.13",Sold,C0893,01-10-2024,577980.13,326.1683662
190170,19,10-01-2024,Apartment,21,477.75,"$142,429.29",Available,,01-10-2024,142429.29,298.1251491
190173,19,10-01-2024,Apartment,21,477.75,"$150,401.04",Sold,C0045,01-10-2024,150401.04,314.8111774
190194,19,10-01-2024,Apartment,23,1592.45,"$486,629.72",Sold,C0422,01-10-2024,486629.72,305.5855568
190197,19,10-01-2024,Apartment,24,620.51,"$189,301.73",Available,,01-10-2024,189301.73,305.0744227
190226,19,10-01-2024,Apartment,26,668.24,"$216,103.44",Sold,C0521,01-10-2024,216103.44,323.391955
190256,19,10-01-2024,Office,29,1657.84,"$515,588.06",Available,,01-10-2024,515588.06,310.9998914
190272,19,10-01-2024,Apartment,31,1089.64,"$286,904.35",Sold,C0233,01-10-2024,286904.35,263.3019621
190290,19,10-01-2024,Apartment,34,783.42,"$242,972.81",Sold,C0738,01-10-2024,242972.81,310.1437415
190350,19,10-01-2024,Office,41,1657.19,"$520,346.45",Sold,C1848,01-10-2024,520346.45,313.9932355
190366,19,10-01-2024,Apartment,42,1137.59,"$390,859.32",Sold,C1631,01-10-2024,390859.32,343.5854042
190384,19,10-01-2024,Office,43,1697.72,"$512,301.15",Available,,01-10-2024,512301.15,301.7583288
190391,19,10-01-2024,Apartment,44,982.8,"$234,480.31",Sold,C1996,01-10-2024,234480.31,238.583954
190393,19,10-01-2024,Apartment,44,982.8,"$248,431.99",Sold,C0249,01-10-2024,248431.99,252.7798026
190405,19,10-01-2024,Apartment,46,1926.19,"$557,463.33",Sold,C0827,01-10-2024,557463.33,289.4124308
190414,19,10-01-2024,Apartment,47,1126.37,"$357,883.39",Sold,C1863,01-10-2024,357883.39,317.7316424
190426,19,10-01-2024,Apartment,49,1004.26,"$304,945.99",Available,,01-10-2024,304945.99,303.6524306
200037,20,10-01-2024,Apartment,3,1645.93,"$498,948.04",Sold,C0107,01-10-2024,498948.04,303.1404981
200054,20,10-01-2024,Office,6,1401,"$445,987.20",Sold,C1075,01-10-2024,445987.2,318.3349036
200062,20,10-01-2024,Office,7,1757.4,"$543,241.56",Available,,01-10-2024,543241.56,309.1166268
200090,20,10-01-2024,Apartment,13,1587.57,"$539,007.54",Sold,C0971,01-10-2024,539007.54,339.5173378
200105,20,10-01-2024,Apartment,14,837.37,"$237,866.80",Sold,C0374,01-10-2024,237866.8,284.0641532
200158,20,10-01-2024,Office,18,1868.01,"$575,322.53",Sold,C1798,01-10-2024,575322.53,307.9868577
200192,20,10-01-2024,Apartment,21,954.87,"$229,170.82",Sold,C1961,01-10-2024,229170.82,240.0021155
200206,20,10-01-2024,Apartment,25,780.74,"$241,644.79",Sold,C1713,01-10-2024,241644.79,309.5073776
200240,20,10-01-2024,Apartment,30,1703.94,"$471,871.72",Sold,C0361,01-10-2024,471871.72,276.9297745
200244,20,10-01-2024,Apartment,30,1703.94,"$507,372.42",Available,,01-10-2024,507372.42,297.7642523
200299,20,10-01-2024,Apartment,33,630.53,"$183,562.93",Sold,C0847,01-10-2024,183562.93,291.1248156
200314,20,10-01-2024,Apartment,34,858.93,"$246,938.23",Sold,C1579,01-10-2024,246938.23,287.4951742
200328,20,10-01-2024,Apartment,36,1484.99,"$423,292.04",Available,,01-10-2024,423292.04,285.0470643
200352,20,10-01-2024,Apartment,38,1499.47,"$368,567.45",Sold,C1463,01-10-2024,368567.45,245.7984821
200401,20,10-01-2024,Apartment,46,1227.49,"$360,930.49",Sold,C1337,01-10-2024,360930.49,294.0394545
200438,20,10-01-2024,Office,49,880.76,"$319,009.74",Sold,C0303,01-10-2024,319009.74,362.1982606
990020,5,10-01-2024,Apartment,25,618.16,"$199,730.73",Available,,01-10-2024,199730.73,323.1052317
1024,1,11-01-2024,Apartment,24,782.25,"$235,762.34",Sold,C0050,01-11-2024,235762.34,301.390016
1039,1,11-01-2024,Apartment,39,782.25,"$196,220.05",Sold,C0137,01-11-2024,196220.05,250.840588
2003,2,11-01-2024,Apartment,3,927.08,"$289,727.99",Sold,C0149,01-11-2024,289727.99,312.5167084
2031,2,11-01-2024,Apartment,31,1604.75,"$452,667.01",Sold,C0096,01-11-2024,452667.01,282.0794579
2049,2,11-01-2024,Apartment,49,1288.62,"$323,915.81",Sold,C0124,01-11-2024,323915.81,251.3664308
3008,3,11-01-2024,Apartment,8,697.89,"$219,865.76",Sold,C0088,01-11-2024,219865.76,315.0435742
3013,3,11-01-2024,Apartment,13,781.07,"$253,025.78",Sold,C0053,01-11-2024,253025.78,323.9476359
3033,3,11-01-2024,Apartment,33,670.89,"$200,300.63",Sold,C0042,01-11-2024,200300.63,298.5595701
3038,3,11-01-2024,Apartment,38,1596.35,"$464,549.19",Sold,C0032,01-11-2024,464549.19,291.0071037
3039,3,11-01-2024,Apartment,39,923.21,"$312,211.14",Sold,C0103,01-11-2024,312211.14,338.1799807
3046,3,11-01-2024,Apartment,46,923.21,"$252,185.99",Sold,C0092,01-11-2024,252185.99,273.1621083
3056,3,11-01-2024,Apartment,56,1343.39,"$401,894.82",Available,,01-11-2024,401894.82,299.1646655
3058,3,11-01-2024,Apartment,58,758.69,"$264,275.78",Available,,01-11-2024,264275.78,348.3317033
4018,4,11-01-2024,Apartment,18,1121.95,"$310,832.59",Sold,C0020,01-11-2024,310832.59,277.0467401
4029,4,11-01-2024,Apartment,29,794.52,"$200,148.89",Sold,C0120,01-11-2024,200148.89,251.9117077
4030,4,11-01-2024,Apartment,30,1121.95,"$310,577.04",Sold,C0085,01-11-2024,310577.04,276.818967
4041,4,11-01-2024,Apartment,41,1305.62,"$402,081.80",Sold,C0061,01-11-2024,402081.8,307.9623474
5026,5,11-01-2024,Apartment,26,1273.55,"$338,482.45",Available,,01-11-2024,338482.45,265.7786895
5027,5,11-01-2024,Apartment,27,798.28,"$269,075.30",Sold,C0026,01-11-2024,269075.3,337.068823
10003,1,11-01-2024,Apartment,1,748.06,"$235,768.48",Available,,01-11-2024,235768.48,315.1732214
10013,1,11-01-2024,Apartment,2,715.67,"$215,511.14",Sold,C0792,01-11-2024,215511.14,301.1320022
10042,1,11-01-2024,Apartment,5,753.87,"$252,968.73",Available,,01-11-2024,252968.73,335.5601496
10111,1,11-01-2024,Apartment,14,1181.69,"$337,234.57",Sold,C1351,01-11-2024,337234.57,285.3832816
10118,1,11-01-2024,Apartment,14,1181.69,"$346,672.38",Sold,C0484,01-11-2024,346672.38,293.3699871
10119,1,11-01-2024,Apartment,14,1181.69,"$374,355.36",Sold,C0916,01-11-2024,374355.36,316.7965879
10127,1,11-01-2024,Office,15,765,"$207,359.10",Sold,C0282,01-11-2024,207359.1,271.0576471
10128,1,11-01-2024,Apartment,15,765,"$198,960.72",Available,,01-11-2024,198960.72,260.0793725
10136,1,11-01-2024,Apartment,17,608.25,"$167,875.27",Sold,C0203,01-11-2024,167875.27,275.9971558
10167,1,11-01-2024,Apartment,21,1957.16,"$545,614.44",Sold,C0501,01-11-2024,545614.44,278.7786589
10259,1,11-01-2024,Apartment,29,757.2,"$229,840.97",Sold,C0455,01-11-2024,229840.97,303.5406366
10376,1,11-01-2024,Apartment,41,835.25,"$210,587.30",Sold,C0825,01-11-2024,210587.3,252.1248728
10390,1,11-01-2024,Apartment,45,767.46,"$214,122.99",Sold,C1199,01-11-2024,214122.99,279.0021499
10391,1,11-01-2024,Apartment,46,1153.16,"$326,441.60",Sold,C1212,01-11-2024,326441.6,283.0843942
10396,1,11-01-2024,Apartment,46,1153.16,"$380,928.08",Available,,01-11-2024,380928.08,330.334108
10409,1,11-01-2024,Apartment,47,771.08,"$230,895.04",Sold,C1428,01-11-2024,230895.04,299.4436894
20003,2,11-01-2024,Apartment,1,706.3,"$202,389.15",Sold,C0280,01-11-2024,202389.15,286.5484214
20037,2,11-01-2024,Apartment,4,1281.85,"$407,225.63",Sold,C1670,01-11-2024,407225.63,317.6858681
20096,2,11-01-2024,Apartment,11,1625.05,"$401,094.64",Sold,C0855,01-11-2024,401094.64,246.8198763
20106,2,11-01-2024,Apartment,12,1610.5,"$430,917.22",Sold,C1594,01-11-2024,430917.22,267.5673518
20115,2,11-01-2024,Apartment,14,1296.39,"$352,637.60",Sold,C1502,01-11-2024,352637.6,272.0150572
20140,2,11-01-2024,Apartment,17,1397.4,"$436,648.96",Available,,01-11-2024,436648.96,312.4724202
20175,2,11-01-2024,Apartment,20,727.55,"$207,221.76",Sold,C0726,01-11-2024,207221.76,284.8213319
20186,2,11-01-2024,Apartment,21,921.38,"$247,542.86",Available,,01-11-2024,247542.86,268.6653281
20194,2,11-01-2024,Apartment,22,653.41,"$172,520.48",Sold,C0299,01-11-2024,172520.48,264.030976
20280,2,11-01-2024,Apartment,33,931.4,"$271,241.62",Sold,C1812,01-11-2024,271241.62,291.2192613
20298,2,11-01-2024,Apartment,35,1391.68,"$414,228.09",Sold,C0418,01-11-2024,414228.09,297.6460752
20331,2,11-01-2024,Apartment,40,1599.45,"$424,080.23",Sold,C0462,01-11-2024,424080.23,265.1412861
20348,2,11-01-2024,Apartment,42,786.45,"$232,997.81",Sold,C1976,01-11-2024,232997.81,296.2652553
20377,2,11-01-2024,Apartment,45,782.2,"$272,124.69",Available,,01-11-2024,272124.69,347.896561
20379,2,11-01-2024,Office,45,782.2,"$234,213.56",Sold,C0790,01-11-2024,234213.56,299.4292508
20380,2,11-01-2024,Office,45,782.2,"$268,510.94",Sold,C1515,01-11-2024,268510.94,343.2765789
20389,2,11-01-2024,Apartment,46,697.74,"$195,064.03",Sold,C1202,01-11-2024,195064.03,279.5654972
20395,2,11-01-2024,Apartment,46,697.74,"$233,644.34",Sold,C1395,01-11-2024,233644.34,334.8587439
20400,2,11-01-2024,Apartment,46,697.74,"$203,506.46",Sold,C0826,01-11-2024,203506.46,291.6651761
20408,2,11-01-2024,Apartment,47,708.32,"$223,015.27",Available,,01-11-2024,223015.27,314.8510137
20417,2,11-01-2024,Apartment,47,708.32,"$231,277.63",Sold,C1918,01-11-2024,231277.63,326.5157415
20445,2,11-01-2024,Apartment,51,699.31,"$211,377.64",Sold,C1766,01-11-2024,211377.64,302.2660051
20446,2,11-01-2024,Apartment,51,699.31,"$170,898.56",Sold,C1531,01-11-2024,170898.56,244.3816905
20474,2,11-01-2024,Apartment,55,579.26,"$186,508.92",Sold,C1692,01-11-2024,186508.92,321.9779028
20478,2,11-01-2024,Apartment,55,579.26,"$180,470.85",Sold,C1600,01-11-2024,180470.85,311.554138
20479,2,11-01-2024,Apartment,55,579.26,"$149,722.30",Sold,C0863,01-11-2024,149722.3,258.4716708
20482,2,11-01-2024,Apartment,55,579.26,"$183,552.54",Sold,C0914,01-11-2024,183552.54,316.8741843
20486,2,11-01-2024,Apartment,56,722.22,"$213,732.45",Sold,C1350,01-11-2024,213732.45,295.938149
30001,3,11-01-2024,Apartment,1,689.75,"$191,864.06",Sold,C0071,01-11-2024,191864.06,278.1646394
30022,3,11-01-2024,Apartment,2,672.64,"$240,374.88",Sold,C0788,01-11-2024,240374.88,357.3603711
30060,3,11-01-2024,Apartment,7,744.01,"$220,411.63",Sold,C0168,01-11-2024,220411.63,296.248209
30105,3,11-01-2024,Apartment,10,784.09,"$219,225.38",Sold,C1822,01-11-2024,219225.38,279.5921132
30115,3,11-01-2024,Office,10,784.09,"$237,286.38",Sold,C1077,01-11-2024,237286.38,302.6264587
30167,3,11-01-2024,Apartment,19,1602.22,"$482,466.49",Sold,C1422,01-11-2024,482466.49,301.1237471
30193,3,11-01-2024,Apartment,21,1122.15,"$305,315.50",Sold,C1794,01-11-2024,305315.5,272.080827
30205,3,11-01-2024,Apartment,22,1165.89,"$383,302.73",Sold,C1172,01-11-2024,383302.73,328.7640601
30260,3,11-01-2024,Apartment,28,679.93,"$198,426.44",Sold,C0243,01-11-2024,198426.44,291.8336299
30276,3,11-01-2024,Apartment,31,915.38,"$301,015.09",Available,,01-11-2024,301015.09,328.8416723
30299,3,11-01-2024,Apartment,36,733.45,"$207,396.58",Sold,C1166,01-11-2024,207396.58,282.7685323
30306,3,11-01-2024,Apartment,37,659.12,"$185,073.47",Sold,C1873,01-11-2024,185073.47,280.7887335
30347,3,11-01-2024,Apartment,42,1343.96,"$398,769.10",Sold,C0450,01-11-2024,398769.1,296.7120301
30359,3,11-01-2024,Apartment,44,673.86,"$220,677.17",Sold,C0144,01-11-2024,220677.17,327.4822218
30363,3,11-01-2024,Apartment,45,1598.85,"$428,464.18",Available,,01-11-2024,428464.18,267.9827251
30364,3,11-01-2024,Apartment,45,1598.85,"$485,278.06",Sold,C0880,01-11-2024,485278.06,303.5169403
30368,3,11-01-2024,Apartment,46,1599.81,"$395,214.07",Sold,C0303,01-11-2024,395214.07,247.0381295
30402,3,11-01-2024,Apartment,49,1174.48,"$399,369.84",Available,,01-11-2024,399369.84,340.0397112
30438,3,11-01-2024,Apartment,50,713.67,"$259,597.98",Available,,01-11-2024,259597.98,363.7507251
30473,3,11-01-2024,Office,56,1179.42,"$392,645.79",Sold,C0101,01-11-2024,392645.79,332.9143053
30486,3,11-01-2024,Apartment,57,1607.94,"$493,269.39",Available,,01-11-2024,493269.39,306.7710176
30496,3,11-01-2024,Apartment,58,1588.14,"$528,227.73",Sold,C0308,01-11-2024,528227.73,332.6077865
40010,4,11-01-2024,Apartment,1,1615.98,"$507,625.15",Sold,C0262,01-11-2024,507625.15,314.1283617
40031,4,11-01-2024,Apartment,3,1630.82,"$419,373.26",Sold,C1704,01-11-2024,419373.26,257.1548423
40087,4,11-01-2024,Apartment,11,802.79,"$248,706.16",Sold,C1562,01-11-2024,248706.16,309.8022646
40096,4,11-01-2024,Office,12,789.38,"$262,483.04",Sold,C0816,01-11-2024,262483.04,332.5179761
40110,4,11-01-2024,Apartment,14,1322.66,"$336,673.91",Sold,C0082,01-11-2024,336673.91,254.5430496
40119,4,11-01-2024,Office,14,1322.66,"$443,646.85",Sold,C0449,01-11-2024,443646.85,335.420176
40123,4,11-01-2024,Apartment,14,1322.66,"$449,636.39",Available,,01-11-2024,449636.39,339.9485809
40145,4,11-01-2024,Apartment,18,1294.91,"$339,650.50",Sold,C0170,01-11-2024,339650.5,262.2966075
40149,4,11-01-2024,Office,18,1294.91,"$411,474.59",Sold,C1992,01-11-2024,411474.59,317.7630801
40151,4,11-01-2024,Apartment,18,1294.91,"$432,835.22",Sold,C0030,01-11-2024,432835.22,334.2589215
40185,4,11-01-2024,Apartment,23,1110.99,"$318,695.18",Sold,C1047,01-11-2024,318695.18,286.8569294
40209,4,11-01-2024,Apartment,26,790.05,"$227,041.65",Sold,C1771,01-11-2024,227041.65,287.3763053
40220,4,11-01-2024,Apartment,26,790.05,"$239,720.69",Sold,C0831,01-11-2024,239720.69,303.4247073
40236,4,11-01-2024,Apartment,29,776.79,"$248,289.51",Sold,C1651,01-11-2024,248289.51,319.6353068
40248,4,11-01-2024,Office,30,1307.35,"$415,366.42",Sold,C1560,01-11-2024,415366.42,317.7163116
40256,4,11-01-2024,Apartment,31,793.1,"$267,974.26",Available,,01-11-2024,267974.26,337.8820577
40259,4,11-01-2024,Apartment,31,793.1,"$232,921.37",Sold,C0270,01-11-2024,232921.37,293.6847434
40267,4,11-01-2024,Apartment,31,793.1,"$246,750.84",Sold,C1085,01-11-2024,246750.84,311.1219771
40284,4,11-01-2024,Apartment,33,734.73,"$240,169.93",Sold,C0470,01-11-2024,240169.93,326.8818886
40287,4,11-01-2024,Office,33,734.73,"$228,208.94",Sold,C0928,01-11-2024,228208.94,310.6024526
40291,4,11-01-2024,Office,34,795.1,"$304,292.56",Available,,01-11-2024,304292.56,382.7097975
40330,4,11-01-2024,Apartment,39,743.73,"$229,285.01",Sold,C0700,01-11-2024,229285.01,308.2906566
40351,4,11-01-2024,Apartment,42,738.34,"$222,155.47",Sold,C0342,01-11-2024,222155.47,300.885053
40354,4,11-01-2024,Office,43,1616.99,"$581,950.52",Sold,C1537,01-11-2024,581950.52,359.8974143
40378,4,11-01-2024,Apartment,45,1160.48,"$358,031.05",Available,,01-11-2024,358031.05,308.5197935
40380,4,11-01-2024,Apartment,45,1160.48,"$339,771.48",Sold,C0903,01-11-2024,339771.48,292.7852957
40383,4,11-01-2024,Apartment,45,1160.48,"$419,164.55",Sold,C0641,01-11-2024,419164.55,361.1992882
40387,4,11-01-2024,Office,45,1160.48,"$324,753.68",Sold,C0358,01-11-2024,324753.68,279.8442713
40394,4,11-01-2024,Apartment,45,1160.48,"$348,785.34",Sold,C1734,01-11-2024,348785.34,300.5526506
40418,4,11-01-2024,Apartment,49,739.7,"$243,338.41",Sold,C0324,01-11-2024,243338.41,328.969055
40421,4,11-01-2024,Office,49,739.7,"$263,102.72",Available,,01-11-2024,263102.72,355.6884142
50004,5,11-01-2024,Office,1,790.55,"$257,071.38",Sold,C1933,01-11-2024,257071.38,325.1804187
50015,5,11-01-2024,Apartment,4,799.1,"$222,889.34",Sold,C0157,01-11-2024,222889.34,278.9254661
50030,5,11-01-2024,Apartment,6,775.85,"$231,930.65",Sold,C1840,01-11-2024,231930.65,298.9374879
50068,5,11-01-2024,Office,10,629.27,"$208,569.64",Sold,C0553,01-11-2024,208569.64,331.4469782
50083,5,11-01-2024,Apartment,11,1058.56,"$339,165.46",Sold,C0535,01-11-2024,339165.46,320.4026791
50121,5,11-01-2024,Office,15,1050.95,"$296,079.64",Sold,C0804,01-11-2024,296079.64,281.7257148
50122,5,11-01-2024,Apartment,15,1050.95,"$331,811.36",Sold,C1626,01-11-2024,331811.36,315.7251629
50130,5,11-01-2024,Apartment,17,798.74,"$245,892.17",Sold,C0048,01-11-2024,245892.17,307.8500764
50147,5,11-01-2024,Apartment,19,819.72,"$230,776.08",Sold,C1037,01-11-2024,230776.08,281.5303762
50186,5,11-01-2024,Office,23,1006.65,"$311,141.43",Sold,C1002,01-11-2024,311141.43,309.086008
50208,5,11-01-2024,Apartment,27,1278.6,"$481,540.50",Sold,C0899,01-11-2024,481540.5,376.6154388
50237,5,11-01-2024,Apartment,32,1051.39,"$305,116.48",Sold,C0371,01-11-2024,305116.48,290.2029504
50287,5,11-01-2024,Apartment,37,1790.7,"$575,737.82",Sold,C0184,01-11-2024,575737.82,321.5155079
50290,5,11-01-2024,Apartment,38,1283.87,"$379,665.90",Sold,C1063,01-11-2024,379665.9,295.7198938
50295,5,11-01-2024,Apartment,39,591.14,"$186,077.63",Sold,C1341,01-11-2024,186077.63,314.7775992
50337,5,11-01-2024,Apartment,43,802.72,"$229,725.79",Available,,01-11-2024,229725.79,286.1842112
50340,5,11-01-2024,Apartment,44,806.03,"$199,052.96",Sold,C1829,01-11-2024,199052.96,246.9547784
50346,5,11-01-2024,Apartment,44,806.03,"$204,999.29",Sold,C0750,01-11-2024,204999.29,254.3320844
50389,5,11-01-2024,Apartment,46,1272.95,"$343,500.43",Sold,C1374,01-11-2024,343500.43,269.845972
50425,5,11-01-2024,Apartment,49,795.75,"$203,817.34",Sold,C0098,01-11-2024,203817.34,256.1323783
60021,6,11-01-2024,Apartment,1,1720.95,"$486,875.04",Available,,01-11-2024,486875.04,282.9106249
60023,6,11-01-2024,Apartment,2,1338.63,"$330,762.51",Available,,01-11-2024,330762.51,247.0903162
60044,6,11-01-2024,Apartment,4,1925.28,"$487,921.83",Sold,C0669,01-11-2024,487921.83,253.4290233
60083,6,11-01-2024,Apartment,7,1075.42,"$327,614.46",Sold,C1609,01-11-2024,327614.46,304.6386156
60103,6,11-01-2024,Apartment,8,986.97,"$334,482.01",Sold,C0704,01-11-2024,334482.01,338.897849
60104,6,11-01-2024,Apartment,8,986.97,"$329,294.11",Available,,01-11-2024,329294.11,333.6414582
60125,6,11-01-2024,Apartment,10,942.08,"$257,759.96",Sold,C0162,01-11-2024,257759.96,273.6072945
60134,6,11-01-2024,Apartment,11,1719.85,"$542,668.47",Sold,C0180,01-11-2024,542668.47,315.5324418
60203,6,11-01-2024,Apartment,19,1542.71,"$418,659.41",Available,,01-11-2024,418659.41,271.3792028
60210,6,11-01-2024,Apartment,20,1897.17,"$581,422.65",Available,,01-11-2024,581422.65,306.4683977
60223,6,11-01-2024,Apartment,20,1897.17,"$495,367.08",Sold,C1014,01-11-2024,495367.08,261.1084299
60226,6,11-01-2024,Apartment,21,833.23,"$304,037.29",Sold,C0795,01-11-2024,304037.29,364.8899944
60284,6,11-01-2024,Apartment,31,1768.9,"$586,091.18",Sold,C1856,01-11-2024,586091.18,331.3308723
60315,6,11-01-2024,Apartment,34,1353.81,"$432,277.14",Available,,01-11-2024,432277.14,319.3041416
60340,6,11-01-2024,Apartment,37,1721.96,"$600,992.42",Sold,C0564,01-11-2024,600992.42,349.0164812
60370,6,11-01-2024,Apartment,42,1766.89,"$574,929.03",Sold,C0064,01-11-2024,574929.03,325.3903922
60387,6,11-01-2024,Apartment,44,842.69,"$222,108.32",Sold,C0457,01-11-2024,222108.32,263.5706132
60393,6,11-01-2024,Office,46,1870.54,"$553,675.21",Sold,C1982,01-11-2024,553675.21,295.9975248
60449,6,11-01-2024,Office,53,1170.96,"$410,695.68",Sold,C1435,01-11-2024,410695.68,350.7341668
60474,6,11-01-2024,Apartment,55,562.37,"$173,084.07",Sold,C1462,01-11-2024,173084.07,307.7761438
70012,7,11-01-2024,Apartment,3,888.5,"$292,195.46",Sold,C1305,01-11-2024,292195.46,328.8637704
70013,7,11-01-2024,Apartment,3,888.5,"$254,393.27",Available,,01-11-2024,254393.27,286.3176927
70048,7,11-01-2024,Apartment,8,1561.28,"$470,603.40",Sold,C0509,01-11-2024,470603.4,301.4215259
70124,7,11-01-2024,Apartment,15,602.92,"$149,595.29",Available,,01-11-2024,149595.29,248.1179759
70128,7,11-01-2024,Apartment,15,602.92,"$143,567.50",Available,,01-11-2024,143567.5,238.1203145
70160,7,11-01-2024,Apartment,19,751.07,"$245,886.58",Sold,C0760,01-11-2024,245886.58,327.3817088
70173,7,11-01-2024,Apartment,20,1160.82,"$399,084.27",Sold,C0293,01-11-2024,399084.27,343.7951362
70179,7,11-01-2024,Apartment,20,1160.82,"$304,852.58",Available,,01-11-2024,304852.58,262.6183043
70180,7,11-01-2024,Apartment,20,1160.82,"$337,242.59",Sold,C1694,01-11-2024,337242.59,290.5210024
70197,7,11-01-2024,Apartment,22,1914.21,"$541,890.18",Sold,C1243,01-11-2024,541890.18,283.0881565
70222,7,11-01-2024,Apartment,25,573.8,"$194,575.52",Sold,C1160,01-11-2024,194575.52,339.0998954
70223,7,11-01-2024,Apartment,25,573.8,"$199,102.71",Available,,01-11-2024,199102.71,346.9897351
70240,7,11-01-2024,Apartment,27,768.05,"$266,565.70",Available,,01-11-2024,266565.7,347.0681596
70297,7,11-01-2024,Apartment,35,613.21,"$187,821.39",Available,,01-11-2024,187821.39,306.2921185
70345,7,11-01-2024,Apartment,41,1093.92,"$356,161.33",Sold,C1476,01-11-2024,356161.33,325.5826112
70354,7,11-01-2024,Apartment,41,1093.92,"$377,039.12",Sold,C0601,01-11-2024,377039.12,344.6679099
70468,7,11-01-2024,Apartment,55,601.23,"$212,513.83",Sold,C1134,01-11-2024,212513.83,353.4651132
70487,7,11-01-2024,Apartment,57,1347.67,"$345,879.21",Available,,01-11-2024,345879.21,256.6497807
70517,7,11-01-2024,Apartment,60,1219.54,"$362,889.52",Available,,01-11-2024,362889.52,297.562622
80032,8,11-01-2024,Apartment,4,1934.75,"$562,008.09",Sold,C0627,01-11-2024,562008.09,290.4809872
80046,8,11-01-2024,Apartment,5,887.23,"$272,263.19",Available,,01-11-2024,272263.19,306.8687826
80074,8,11-01-2024,Apartment,8,1552.34,"$518,735.40",Sold,C0473,01-11-2024,518735.4,334.1635209
80101,8,11-01-2024,Apartment,12,1430.46,"$406,304.61",Available,,01-11-2024,406304.61,284.0377291
80115,8,11-01-2024,Apartment,14,685.93,"$179,753.73",Available,,01-11-2024,179753.73,262.058417
80133,8,11-01-2024,Office,16,424.09,"$114,987.30",Sold,C1760,01-11-2024,114987.3,271.1389092
80136,8,11-01-2024,Apartment,16,424.09,"$133,385.68",Sold,C0533,01-11-2024,133385.68,314.5221062
80177,8,11-01-2024,Office,23,1114.67,"$372,407.25",Available,,01-11-2024,372407.25,334.0964142
80181,8,11-01-2024,Apartment,25,1833.58,"$486,921.52",Available,,01-11-2024,486921.52,265.5578268
80186,8,11-01-2024,Office,26,1625.38,"$579,412.56",Sold,C1654,01-11-2024,579412.56,356.4782143
80208,8,11-01-2024,Apartment,28,1431.61,"$429,778.33",Sold,C1728,01-11-2024,429778.33,300.2062922
80209,8,11-01-2024,Apartment,28,1431.61,"$436,529.91",Sold,C0331,01-11-2024,436529.91,304.9223671
80281,8,11-01-2024,Apartment,33,1809.87,"$629,276.73",Sold,C0790,01-11-2024,629276.73,347.691674
80284,8,11-01-2024,Apartment,33,1809.87,"$577,250.82",Available,,01-11-2024,577250.82,318.9460127
80313,8,11-01-2024,Apartment,37,890.65,"$255,727.61",Available,,01-11-2024,255727.61,287.1246954
80342,8,11-01-2024,Apartment,39,1290.89,"$446,169.39",Sold,C1000,01-11-2024,446169.39,345.6292868
80363,8,11-01-2024,Office,43,1490.59,"$517,271.54",Sold,C1407,01-11-2024,517271.54,347.0246949
80417,8,11-01-2024,Apartment,47,543.08,"$152,252.04",Sold,C1687,01-11-2024,152252.04,280.3491935
80464,8,11-01-2024,Apartment,55,1300.05,"$293,754.17",Sold,C1371,01-11-2024,293754.17,225.9560555
80466,8,11-01-2024,Apartment,55,1300.05,"$410,171.80",Sold,C1241,01-11-2024,410171.8,315.5046344
80483,8,11-01-2024,Apartment,56,1874.7,"$535,453.26",Sold,C1934,01-11-2024,535453.26,285.6207713
90012,9,11-01-2024,Apartment,1,832.35,"$232,726.96",Sold,C0292,01-11-2024,232726.96,279.6022827
90027,9,11-01-2024,Office,6,1821.59,"$498,028.07",Sold,C1981,01-11-2024,498028.07,273.4029447
90040,9,11-01-2024,Office,7,697.68,"$242,154.43",Sold,C1590,01-11-2024,242154.43,347.0852397
90041,9,11-01-2024,Apartment,8,1315.55,"$369,604.60",Sold,C1030,01-11-2024,369604.6,280.950629
90044,9,11-01-2024,Apartment,8,1315.55,"$413,870.18",Sold,C1095,01-11-2024,413870.18,314.5985937
90045,9,11-01-2024,Apartment,8,1315.55,"$332,067.85",Sold,C0221,01-11-2024,332067.85,252.417506
90050,9,11-01-2024,Apartment,8,1315.55,"$317,799.98",Sold,C1595,01-11-2024,317799.98,241.5719509
90112,9,11-01-2024,Apartment,17,1481.32,"$399,912.07",Sold,C1923,01-11-2024,399912.07,269.970074
90155,9,11-01-2024,Apartment,24,914.61,"$252,664.87",Sold,C0563,01-11-2024,252664.87,276.2542176
90156,9,11-01-2024,Apartment,24,914.61,"$288,228.27",Sold,C1611,01-11-2024,288228.27,315.1378948
90163,9,11-01-2024,Office,25,1904.38,"$580,258.17",Available,,01-11-2024,580258.17,304.6966309
90176,9,11-01-2024,Apartment,26,1038.39,"$299,753.36",Sold,C0949,01-11-2024,299753.36,288.6712699
90180,9,11-01-2024,Apartment,27,1207.33,"$318,135.46",Sold,C1251,01-11-2024,318135.46,263.5033172
90203,9,11-01-2024,Apartment,30,1250.17,"$408,434.17",Sold,C1166,01-11-2024,408434.17,326.7029044
90263,9,11-01-2024,Apartment,34,1577.36,"$564,424.34",Sold,C0144,01-11-2024,564424.34,357.8284856
90270,9,11-01-2024,Apartment,35,1376.88,"$456,333.23",Sold,C1901,01-11-2024,456333.23,331.4255636
90333,9,11-01-2024,Apartment,40,1090.32,"$273,525.85",Sold,C0798,01-11-2024,273525.85,250.8674976
90384,9,11-01-2024,Office,45,786.13,"$255,671.55",Sold,C1628,01-11-2024,255671.55,325.2280793
90422,9,11-01-2024,Apartment,53,599.72,"$170,472.55",Sold,C0435,01-11-2024,170472.55,284.2535683
90436,9,11-01-2024,Apartment,56,1516.4,"$460,188.45",Available,,01-11-2024,460188.45,303.4743142
90446,9,11-01-2024,Apartment,56,1516.4,"$418,981.24",Sold,C0165,01-11-2024,418981.24,276.2999472
90470,9,11-01-2024,Apartment,57,1198.57,"$370,077.40",Sold,C1717,01-11-2024,370077.4,308.7657792
90496,9,11-01-2024,Apartment,58,838.34,"$242,857.89",Available,,01-11-2024,242857.89,289.6890164
90504,9,11-01-2024,Apartment,58,838.34,"$268,594.51",Sold,C0486,01-11-2024,268594.51,320.3885178
90513,9,11-01-2024,Office,58,838.34,"$263,976.08",Sold,C1194,01-11-2024,263976.08,314.8795
100023,10,11-01-2024,Apartment,4,1765.37,"$469,177.34",Available,,01-11-2024,469177.34,265.7671423
100028,10,11-01-2024,Office,4,1765.37,"$570,222.00",Sold,C0995,01-11-2024,570222,323.0042427
100033,10,11-01-2024,Apartment,4,1765.37,"$542,510.83",Sold,C1069,01-11-2024,542510.83,307.3071537
100038,10,11-01-2024,Apartment,5,1741.96,"$444,902.95",Sold,C0862,01-11-2024,444902.95,255.4036545
100043,10,11-01-2024,Apartment,5,1741.96,"$559,209.89",Sold,C1817,01-11-2024,559209.89,321.0233817
100076,10,11-01-2024,Apartment,9,1849.4,"$588,644.89",Sold,C0420,01-11-2024,588644.89,318.2896561
100108,10,11-01-2024,Apartment,14,1318.01,"$384,006.83",Sold,C1504,01-11-2024,384006.83,291.3535026
100115,10,11-01-2024,Apartment,15,1948.32,"$564,194.97",Sold,C0774,01-11-2024,564194.97,289.5802384
100116,10,11-01-2024,Apartment,15,1948.32,"$564,388.00",Sold,C0051,01-11-2024,564388,289.6793135
100121,10,11-01-2024,Apartment,15,1948.32,"$693,149.90",Available,,01-11-2024,693149.9,355.767995
100128,10,11-01-2024,Apartment,17,647.35,"$203,491.65",Sold,C0814,01-11-2024,203491.65,314.3456399
100149,10,11-01-2024,Apartment,19,948.04,"$289,760.74",Available,,01-11-2024,289760.74,305.6418927
100159,10,11-01-2024,Apartment,20,1264.43,"$334,152.70",Sold,C1549,01-11-2024,334152.7,264.2714108
100163,10,11-01-2024,Apartment,20,1264.43,"$349,197.14",Sold,C0378,01-11-2024,349197.14,276.16961
100168,10,11-01-2024,Apartment,22,1116.68,"$394,144.56",Sold,C1119,01-11-2024,394144.56,352.9610632
100196,10,11-01-2024,Apartment,26,1294.85,"$383,816.78",Sold,C0412,01-11-2024,383816.78,296.417948
100232,10,11-01-2024,Apartment,28,1606.58,"$426,208.52",Sold,C0446,01-11-2024,426208.52,265.2893227
100245,10,11-01-2024,Apartment,30,1559.4,"$546,710.43",Sold,C1537,01-11-2024,546710.43,350.5902462
100316,10,11-01-2024,Office,37,1177.85,"$366,995.11",Sold,C0941,01-11-2024,366995.11,311.5805153
100329,10,11-01-2024,Apartment,39,1188.51,"$339,275.85",Sold,C0640,01-11-2024,339275.85,285.463185
100346,10,11-01-2024,Apartment,42,1757.51,"$522,599.89",Sold,C0454,01-11-2024,522599.89,297.3524418
100390,10,11-01-2024,Apartment,45,1119.1,"$333,823.75",Sold,C1377,01-11-2024,333823.75,298.2966223
100393,10,11-01-2024,Apartment,45,1119.1,"$366,955.61",Sold,C1622,01-11-2024,366955.61,327.9024305
100394,10,11-01-2024,Apartment,45,1119.1,"$332,700.31",Sold,C0424,01-11-2024,332700.31,297.2927442
100422,10,11-01-2024,Apartment,50,1138.32,"$369,834.68",Sold,C1320,01-11-2024,369834.68,324.8951789
110016,11,11-01-2024,Apartment,2,938,"$312,873.77",Sold,C0354,01-11-2024,312873.77,333.5541258
110031,11,11-01-2024,Apartment,4,1414.25,"$516,866.80",Sold,C1464,01-11-2024,516866.8,365.4706028
110047,11,11-01-2024,Apartment,6,1724.08,"$504,984.93",Available,,01-11-2024,504984.93,292.9011009
110068,11,11-01-2024,Apartment,8,1001.41,"$311,102.25",Available,,01-11-2024,311102.25,310.6642135
110084,11,11-01-2024,Apartment,10,1519.64,"$361,461.89",Sold,C1179,01-11-2024,361461.89,237.8602103
110092,11,11-01-2024,Office,10,1519.64,"$519,571.55",Sold,C0616,01-11-2024,519571.55,341.9043655
110117,11,11-01-2024,Apartment,13,474.93,"$162,211.14",Sold,C0259,01-11-2024,162211.14,341.5474702
110145,11,11-01-2024,Apartment,15,1385.68,"$507,714.49",Sold,C0555,01-11-2024,507714.49,366.4009656
110165,11,11-01-2024,Apartment,17,1946.06,"$622,819.85",Available,,01-11-2024,622819.85,320.0414427
110182,11,11-01-2024,Office,20,570.62,"$205,017.07",Sold,C0927,01-11-2024,205017.07,359.2882654
110196,11,11-01-2024,Apartment,23,1098.83,"$258,369.14",Available,,01-11-2024,258369.14,235.1311304
110266,11,11-01-2024,Apartment,32,1285.87,"$376,063.41",Sold,C0815,01-11-2024,376063.41,292.4583434
110275,11,11-01-2024,Apartment,34,680.07,"$189,535.24",Sold,C0573,01-11-2024,189535.24,278.6996045
110329,11,11-01-2024,Apartment,39,1816.63,"$609,045.19",Sold,C0192,01-11-2024,609045.19,335.2609998
110336,11,11-01-2024,Apartment,41,1125.56,"$353,854.21",Sold,C1709,01-11-2024,353854.21,314.3805839
110350,11,11-01-2024,Apartment,42,808.59,"$241,210.83",Sold,C0295,01-11-2024,241210.83,298.3104293
110354,11,11-01-2024,Apartment,42,808.59,"$249,424.37",Sold,C0301,01-11-2024,249424.37,308.4682843
110406,11,11-01-2024,Apartment,48,661.7,"$179,875.05",Sold,C1650,01-11-2024,179875.05,271.8377664
110407,11,11-01-2024,Office,48,661.7,"$209,179.48",Available,,01-11-2024,209179.48,316.1243464
110411,11,11-01-2024,Apartment,49,1095.85,"$320,839.12",Available,,01-11-2024,320839.12,292.7764931
110420,11,11-01-2024,Apartment,49,1095.85,"$292,610.53",Sold,C0061,01-11-2024,292610.53,267.0169549
110428,11,11-01-2024,Apartment,50,948.72,"$331,896.95",Sold,C0921,01-11-2024,331896.95,349.8365693
110462,11,11-01-2024,Apartment,54,802.65,"$223,780.85",Sold,C0578,01-11-2024,223780.85,278.8025291
110490,11,11-01-2024,Apartment,58,1159.31,"$327,566.38",Sold,C0373,01-11-2024,327566.38,282.5528806
110504,11,11-01-2024,Office,60,1295.04,"$403,011.66",Sold,C0500,01-11-2024,403011.66,311.1963028
110542,11,11-01-2024,Apartment,62,1938.82,"$598,158.07",Sold,C0278,01-11-2024,598158.07,308.5165565
120025,12,11-01-2024,Apartment,3,1469.27,"$430,665.65",Sold,C1452,01-11-2024,430665.65,293.1153906
120100,12,11-01-2024,Office,13,1394.03,"$458,362.92",Sold,C0523,01-11-2024,458362.92,328.8042008
120131,12,11-01-2024,Apartment,15,1456.98,"$482,509.93",Sold,C1778,01-11-2024,482509.93,331.1712789
120148,12,11-01-2024,Office,17,1428.55,"$512,659.60",Sold,C0143,01-11-2024,512659.6,358.867103
120156,12,11-01-2024,Apartment,17,1428.55,"$385,976.11",Available,,01-11-2024,385976.11,270.1873298
120160,12,11-01-2024,Apartment,18,1702.66,"$576,725.19",Sold,C0915,01-11-2024,576725.19,338.7201144
120161,12,11-01-2024,Apartment,18,1702.66,"$512,721.62",Sold,C1366,01-11-2024,512721.62,301.1297734
120173,12,11-01-2024,Apartment,19,1381.22,"$496,924.72",Sold,C0064,01-11-2024,496924.72,359.7723172
120188,12,11-01-2024,Apartment,21,1408.9,"$451,859.26",Sold,C1982,01-11-2024,451859.26,320.7177656
120189,12,11-01-2024,Apartment,22,892.67,"$262,270.44",Sold,C1578,01-11-2024,262270.44,293.8044742
120200,12,11-01-2024,Apartment,22,892.67,"$260,362.03",Available,,01-11-2024,260362.03,291.6666069
120245,12,11-01-2024,Apartment,26,557.9,"$178,488.52",Sold,C0396,01-11-2024,178488.52,319.9292346
120248,12,11-01-2024,Apartment,27,871.52,"$244,246.04",Available,,01-11-2024,244246.04,280.2529374
120285,12,11-01-2024,Apartment,32,1906.38,"$496,630.54",Sold,C1927,01-11-2024,496630.54,260.5097305
120321,12,11-01-2024,Apartment,35,1690.62,"$532,684.51",Available,,01-11-2024,532684.51,315.0823426
120325,12,11-01-2024,Apartment,35,1690.62,"$572,833.62",Available,,01-11-2024,572833.62,338.8305001
120352,12,11-01-2024,Apartment,38,1157.23,"$409,994.99",Sold,C1988,01-11-2024,409994.99,354.2899769
120353,12,11-01-2024,Apartment,38,1157.23,"$343,936.88",Sold,C1913,01-11-2024,343936.88,297.2070202
120362,12,11-01-2024,Apartment,38,1157.23,"$386,654.16",Sold,C1759,01-11-2024,386654.16,334.1204082
120372,12,11-01-2024,Apartment,39,1653.93,"$399,974.10",Sold,C0444,01-11-2024,399974.1,241.8325443
120412,12,11-01-2024,Office,48,1919.31,"$591,264.92",Available,,01-11-2024,591264.92,308.0611887
130077,13,11-01-2024,Apartment,9,1448.68,"$441,779.65",Available,,01-11-2024,441779.65,304.9532333
130081,13,11-01-2024,Office,10,1314.38,"$465,277.30",Available,,01-11-2024,465277.3,353.989942
130121,13,11-01-2024,Office,14,777.75,"$227,143.34",Available,,01-11-2024,227143.34,292.0518676
130136,13,11-01-2024,Apartment,16,1772.88,"$478,656.41",Sold,C0034,01-11-2024,478656.41,269.9880477
130160,13,11-01-2024,Office,18,1820.34,"$724,345.49",Sold,C1161,01-11-2024,724345.49,397.9176912
130164,13,11-01-2024,Apartment,19,758.69,"$231,244.89",Sold,C0701,01-11-2024,231244.89,304.7949624
130167,13,11-01-2024,Apartment,19,758.69,"$248,982.96",Sold,C1700,01-11-2024,248982.96,328.1748277
130172,13,11-01-2024,Office,20,516.72,"$185,140.26",Sold,C0746,01-11-2024,185140.26,358.2990014
130177,13,11-01-2024,Office,20,516.72,"$132,138.97",Sold,C0684,01-11-2024,132138.97,255.7264476
130183,13,11-01-2024,Office,20,516.72,"$197,033.27",Sold,C0041,01-11-2024,197033.27,381.3153545
130207,13,11-01-2024,Apartment,24,1044.69,"$298,657.80",Sold,C0585,01-11-2024,298657.8,285.8817448
130308,13,11-01-2024,Apartment,33,1445.84,"$460,172.30",Sold,C1725,01-11-2024,460172.3,318.2733221
130378,13,11-01-2024,Office,42,1044.42,"$353,067.60",Available,,01-11-2024,353067.6,338.0513586
130392,13,11-01-2024,Apartment,43,1875.83,"$650,500.68",Available,,01-11-2024,650500.68,346.780188
130410,13,11-01-2024,Apartment,46,1098.38,"$339,242.23",Sold,C1013,01-11-2024,339242.23,308.8568892
130476,13,11-01-2024,Office,54,1029.15,"$343,339.00",Available,,01-11-2024,343339,333.6141476
130478,13,11-01-2024,Office,55,710.41,"$241,240.19",Sold,C0865,01-11-2024,241240.19,339.5788207
130504,13,11-01-2024,Apartment,59,1434.04,"$402,812.70",Sold,C1908,01-11-2024,402812.7,280.8936292
130518,13,11-01-2024,Apartment,60,1401.81,"$427,505.73",Available,,01-11-2024,427505.73,304.966957
130537,13,11-01-2024,Apartment,61,1333.63,"$372,328.20",Sold,C1973,01-11-2024,372328.2,279.1840316
130547,13,11-01-2024,Apartment,63,1623.8,"$470,140.59",Sold,C0399,01-11-2024,470140.59,289.5310937
130581,13,11-01-2024,Apartment,67,524.97,"$150,051.67",Sold,C1016,01-11-2024,150051.67,285.8290378
140031,14,11-01-2024,Apartment,5,424.34,"$132,481.59",Sold,C1723,01-11-2024,132481.59,312.2062261
140060,14,11-01-2024,Apartment,8,618.89,"$157,537.50",Sold,C1996,01-11-2024,157537.5,254.5484658
140064,14,11-01-2024,Apartment,8,618.89,"$160,534.76",Sold,C1864,01-11-2024,160534.76,259.3914266
140073,14,11-01-2024,Apartment,9,803.5,"$228,990.94",Sold,C0080,01-11-2024,228990.94,284.9918357
140095,14,11-01-2024,Apartment,12,459.44,"$127,809.54",Sold,C1500,01-11-2024,127809.54,278.1854867
140101,14,11-01-2024,Apartment,12,459.44,"$134,739.12",Sold,C1940,01-11-2024,134739.12,293.2681525
140109,14,11-01-2024,Apartment,12,459.44,"$146,274.65",Sold,C0315,01-11-2024,146274.65,318.3759577
140116,14,11-01-2024,Office,13,442.74,"$149,389.92",Sold,C1531,01-11-2024,149389.92,337.4213308
140126,14,11-01-2024,Apartment,13,442.74,"$128,009.61",Sold,C0566,01-11-2024,128009.61,289.1304377
140142,14,11-01-2024,Apartment,15,784.04,"$198,795.95",Sold,C1692,01-11-2024,198795.95,253.5533264
140180,14,11-01-2024,Apartment,19,1554.83,"$452,869.84",Available,,01-11-2024,452869.84,291.2664664
140184,14,11-01-2024,Apartment,20,1224.91,"$361,431.92",Available,,01-11-2024,361431.92,295.0681438
140192,14,11-01-2024,Apartment,21,1560.87,"$403,540.53",Sold,C0638,01-11-2024,403540.53,258.5356436
140230,14,11-01-2024,Apartment,25,586.85,"$165,634.39",Available,,01-11-2024,165634.39,282.2431456
140234,14,11-01-2024,Apartment,25,586.85,"$180,342.16",Sold,C0612,01-11-2024,180342.16,307.3053762
140245,14,11-01-2024,Office,28,486.35,"$180,048.26",Sold,C1758,01-11-2024,180048.26,370.2030636
140258,14,11-01-2024,Apartment,29,1618.34,"$441,652.41",Sold,C1077,01-11-2024,441652.41,272.9045874
140263,14,11-01-2024,Apartment,29,1618.34,"$485,471.20",Sold,C0304,01-11-2024,485471.2,299.9809682
140302,14,11-01-2024,Apartment,35,1152.84,"$349,684.96",Sold,C0005,01-11-2024,349684.96,303.3247979
140312,14,11-01-2024,Apartment,36,1034.47,"$322,414.06",Sold,C0361,01-11-2024,322414.06,311.6707686
140318,14,11-01-2024,Office,37,1469.73,"$527,180.96",Sold,C0981,01-11-2024,527180.96,358.6923857
140356,14,11-01-2024,Apartment,43,520.49,"$152,118.46",Sold,C0011,01-11-2024,152118.46,292.2601011
140367,14,11-01-2024,Apartment,45,1388.61,"$383,650.52",Sold,C0692,01-11-2024,383650.52,276.2838522
140400,14,11-01-2024,Apartment,48,1941.78,"$705,388.85",Sold,C1389,01-11-2024,705388.85,363.2691912
140418,14,11-01-2024,Apartment,51,1346.3,"$424,933.22",Available,,01-11-2024,424933.22,315.6304093
140428,14,11-01-2024,Apartment,51,1346.3,"$444,521.07",Sold,C1099,01-11-2024,444521.07,330.1798039
140442,14,11-01-2024,Office,52,571.74,"$188,431.43",Sold,C1873,01-11-2024,188431.43,329.5753839
140453,14,11-01-2024,Apartment,53,1493.72,"$387,618.51",Sold,C1512,01-11-2024,387618.51,259.4987749
140457,14,11-01-2024,Apartment,54,1724.77,"$552,928.83",Sold,C0693,01-11-2024,552928.83,320.5811963
140466,14,11-01-2024,Apartment,55,1415.9,"$427,830.22",Sold,C1957,01-11-2024,427830.22,302.161325
150047,15,11-01-2024,Apartment,7,1113.85,"$342,414.51",Sold,C0123,01-11-2024,342414.51,307.4152803
150061,15,11-01-2024,Apartment,9,565.48,"$185,323.76",Sold,C1185,01-11-2024,185323.76,327.7282309
150076,15,11-01-2024,Apartment,11,1437.62,"$369,075.29",Sold,C1885,01-11-2024,369075.29,256.7265967
150082,15,11-01-2024,Apartment,13,653.54,"$235,328.67",Sold,C0326,01-11-2024,235328.67,360.0830401
150094,15,11-01-2024,Apartment,15,522.71,"$145,287.94",Available,,01-11-2024,145287.94,277.9513306
150105,15,11-01-2024,Apartment,15,522.71,"$180,780.95",Sold,C1698,01-11-2024,180780.95,345.8532456
150115,15,11-01-2024,Apartment,16,1692.61,"$461,119.91",Sold,C1742,01-11-2024,461119.91,272.4312807
150121,15,11-01-2024,Apartment,16,1692.61,"$522,875.60",Sold,C1643,01-11-2024,522875.6,308.9167617
150126,15,11-01-2024,Apartment,16,1692.61,"$490,209.93",Available,,01-11-2024,490209.93,289.6177678
150141,15,11-01-2024,Office,17,562.64,"$166,805.88",Available,,01-11-2024,166805.88,296.4699986
150175,15,11-01-2024,Office,22,1317.29,"$468,522.56",Sold,C1652,01-11-2024,468522.56,355.6715378
150179,15,11-01-2024,Apartment,23,1279.23,"$356,062.49",Sold,C0435,01-11-2024,356062.49,278.34126
150195,15,11-01-2024,Apartment,23,1279.23,"$498,655.74",Sold,C0811,01-11-2024,498655.74,389.8092915
150201,15,11-01-2024,Apartment,23,1279.23,"$381,526.41",Available,,01-11-2024,381526.41,298.246922
150238,15,11-01-2024,Office,28,1567.93,"$600,656.79",Available,,01-11-2024,600656.79,383.0890346
150257,15,11-01-2024,Apartment,30,1523.22,"$463,318.62",Sold,C1806,01-11-2024,463318.62,304.1705203
150292,15,11-01-2024,Apartment,35,745.49,"$210,487.89",Sold,C0816,01-11-2024,210487.89,282.3483749
150356,15,11-01-2024,Apartment,43,1655.05,"$364,678.48",Sold,C0068,01-11-2024,364678.48,220.3428779
150391,15,11-01-2024,Apartment,50,1841.5,"$627,817.81",Sold,C0236,01-11-2024,627817.81,340.9274016
150432,15,11-01-2024,Apartment,54,1495.13,"$471,331.07",Sold,C1015,01-11-2024,471331.07,315.2442062
150507,15,11-01-2024,Office,60,1033.2,"$310,009.56",Available,,01-11-2024,310009.56,300.0479675
160011,16,11-01-2024,Apartment,2,1388.75,"$364,283.73",Available,,01-11-2024,364283.73,262.3105167
160012,16,11-01-2024,Office,2,1388.75,"$508,371.29",Sold,C0087,01-11-2024,508371.29,366.0639352
160025,16,11-01-2024,Apartment,4,1561.55,"$395,742.90",Sold,C1492,01-11-2024,395742.9,253.4295412
160058,16,11-01-2024,Apartment,8,986.18,"$315,292.46",Sold,C1380,01-11-2024,315292.46,319.7108641
160077,16,11-01-2024,Apartment,9,1524.04,"$459,850.51",Sold,C0777,01-11-2024,459850.51,301.7312603
160093,16,11-01-2024,Apartment,10,1608.56,"$558,250.19",Sold,C1286,01-11-2024,558250.19,347.0496531
160121,16,11-01-2024,Apartment,13,500.49,"$157,919.68",Available,,01-11-2024,157919.68,315.5301405
160203,16,11-01-2024,Apartment,25,853.37,"$260,928.85",Sold,C0905,01-11-2024,260928.85,305.7628578
160227,16,11-01-2024,Apartment,27,1164.55,"$369,105.44",Sold,C0929,01-11-2024,369105.44,316.9511313
160247,16,11-01-2024,Apartment,29,489.49,"$174,809.50",Sold,C1730,01-11-2024,174809.5,357.125784
160285,16,11-01-2024,Office,34,743.19,"$252,948.01",Sold,C1159,01-11-2024,252948.01,340.3544316
160326,16,11-01-2024,Apartment,38,431.83,"$127,936.41",Sold,C0899,01-11-2024,127936.41,296.2656833
160338,16,11-01-2024,Apartment,41,1001.72,"$277,637.08",Available,,01-11-2024,277637.08,277.1603642
160352,16,11-01-2024,Office,41,1001.72,"$303,985.03",Sold,C1215,01-11-2024,303985.03,303.4630735
160378,16,11-01-2024,Apartment,43,1185.4,"$438,939.75",Sold,C0238,01-11-2024,438939.75,370.2882993
170020,17,11-01-2024,Apartment,1,530.28,"$153,669.57",Available,,01-11-2024,153669.57,289.7894886
170029,17,11-01-2024,Apartment,2,1738.5,"$472,362.72",Sold,C1440,01-11-2024,472362.72,271.7070578
170039,17,11-01-2024,Office,4,448.67,"$149,645.32",Sold,C0750,01-11-2024,149645.32,333.5309247
170046,17,11-01-2024,Office,6,1739.03,"$505,829.95",Sold,C0511,01-11-2024,505829.95,290.8690189
170049,17,11-01-2024,Apartment,6,1739.03,"$486,833.55",Sold,C0919,01-11-2024,486833.55,279.9454581
170079,17,11-01-2024,Apartment,10,1059.07,"$282,046.70",Sold,C0815,01-11-2024,282046.7,266.3154466
170080,17,11-01-2024,Apartment,10,1059.07,"$363,238.99",Sold,C1889,01-11-2024,363238.99,342.9792082
170091,17,11-01-2024,Apartment,11,596.22,"$186,406.84",Sold,C1939,01-11-2024,186406.84,312.6477475
170105,17,11-01-2024,Apartment,13,916.9,"$250,569.40",Sold,C1248,01-11-2024,250569.4,273.2788745
170130,17,11-01-2024,Apartment,15,1365.73,"$441,846.20",Available,,01-11-2024,441846.2,323.5238297
170132,17,11-01-2024,Apartment,15,1365.73,"$445,150.57",Sold,C1810,01-11-2024,445150.57,325.9433197
170151,17,11-01-2024,Apartment,16,1693,"$447,263.48",Sold,C0584,01-11-2024,447263.48,264.1839811
170189,17,11-01-2024,Apartment,20,792.27,"$263,038.44",Sold,C1536,01-11-2024,263038.44,332.0060585
170256,17,11-01-2024,Apartment,30,1200.23,"$365,284.07",Sold,C0704,01-11-2024,365284.07,304.3450589
170307,17,11-01-2024,Apartment,38,721.83,"$204,844.07",Sold,C1217,01-11-2024,204844.07,283.7843675
170333,17,11-01-2024,Office,41,1422.93,"$472,361.05",Available,,01-11-2024,472361.05,331.9636595
170336,17,11-01-2024,Office,41,1422.93,"$462,947.81",Sold,C1914,01-11-2024,462947.81,325.3482673
170339,17,11-01-2024,Office,42,691.03,"$221,164.52",Sold,C0715,01-11-2024,221164.52,320.0505333
170348,17,11-01-2024,Apartment,45,1574.3,"$480,390.25",Sold,C0725,01-11-2024,480390.25,305.1453027
170424,17,11-01-2024,Apartment,49,1283.67,"$385,520.65",Sold,C0635,01-11-2024,385520.65,300.3269142
180022,18,11-01-2024,Apartment,3,524.48,"$158,224.66",Sold,C1729,01-11-2024,158224.66,301.6791107
180027,18,11-01-2024,Apartment,4,1096.58,"$290,759.45",Sold,C0355,01-11-2024,290759.45,265.1511518
180034,18,11-01-2024,Apartment,4,1096.58,"$309,174.78",Available,,01-11-2024,309174.78,281.9445731
180061,18,11-01-2024,Office,6,840.25,"$338,265.11",Available,,01-11-2024,338265.11,402.576745
180079,18,11-01-2024,Apartment,11,507.04,"$150,284.25",Sold,C0337,01-11-2024,150284.25,296.3952548
180097,18,11-01-2024,Office,13,537.4,"$161,031.99",Available,,01-11-2024,161031.99,299.6501489
180125,18,11-01-2024,Apartment,16,1360.96,"$346,882.78",Sold,C1265,01-11-2024,346882.78,254.8809517
180159,18,11-01-2024,Apartment,21,1790.69,"$485,944.71",Sold,C0078,01-11-2024,485944.71,271.3728842
180168,18,11-01-2024,Office,22,1108.09,"$303,789.51",Available,,01-11-2024,303789.51,274.1559891
180222,18,11-01-2024,Apartment,28,514.67,"$135,283.13",Available,,01-11-2024,135283.13,262.8541201
180255,18,11-01-2024,Apartment,30,1795.66,"$567,788.73",Sold,C1431,01-11-2024,567788.73,316.2005781
180276,18,11-01-2024,Office,33,1191.96,"$468,524.95",Sold,C0363,01-11-2024,468524.95,393.0710343
180278,18,11-01-2024,Apartment,34,684.02,"$220,432.21",Sold,C1825,01-11-2024,220432.21,322.2598901
180280,18,11-01-2024,Apartment,35,799.05,"$235,947.23",Sold,C0282,01-11-2024,235947.23,295.2846881
180296,18,11-01-2024,Apartment,36,1089.77,"$350,287.08",Available,,01-11-2024,350287.08,321.4321187
180301,18,11-01-2024,Apartment,36,1089.77,"$308,545.24",Sold,C0625,01-11-2024,308545.24,283.1287703
180325,18,11-01-2024,Apartment,38,1219.8,"$383,353.46",Available,,01-11-2024,383353.46,314.2756681
180333,18,11-01-2024,Apartment,38,1219.8,"$405,186.38",Available,,01-11-2024,405186.38,332.1744384
180343,18,11-01-2024,Apartment,39,662.88,"$193,455.41",Sold,C0200,01-11-2024,193455.41,291.8407706
180347,18,11-01-2024,Apartment,40,990.46,"$330,669.52",Sold,C0973,01-11-2024,330669.52,333.8544919
180354,18,11-01-2024,Apartment,40,990.46,"$295,905.81",Sold,C0516,01-11-2024,295905.81,298.7559417
180387,18,11-01-2024,Office,44,1334.77,"$380,861.11",Available,,01-11-2024,380861.11,285.3383804
180401,18,11-01-2024,Apartment,45,1627.52,"$485,373.77",Sold,C1459,01-11-2024,485373.77,298.2290663
180407,18,11-01-2024,Apartment,45,1627.52,"$588,706.93",Available,,01-11-2024,588706.93,361.7202431
180439,18,11-01-2024,Apartment,49,1457.92,"$433,115.11",Sold,C0063,01-11-2024,433115.11,297.0774185
180464,18,11-01-2024,Apartment,52,1424.54,"$407,789.69",Sold,C0668,01-11-2024,407789.69,286.2606104
180475,18,11-01-2024,Apartment,53,1806.7,"$516,252.84",Sold,C0589,01-11-2024,516252.84,285.7435324
180479,18,11-01-2024,Apartment,53,1806.7,"$555,330.51",Sold,C0883,01-11-2024,555330.51,307.37284
180489,18,11-01-2024,Apartment,54,1756.12,"$492,343.42",Sold,C0035,01-11-2024,492343.42,280.3586429
180499,18,11-01-2024,Apartment,55,930.04,"$267,387.07",Sold,C1180,01-11-2024,267387.07,287.5006129
180503,18,11-01-2024,Apartment,56,1311.59,"$368,548.96",Available,,01-11-2024,368548.96,280.9940301
180522,18,11-01-2024,Apartment,58,955.23,"$260,867.71",Sold,C0223,01-11-2024,260867.71,273.0941344
180563,18,11-01-2024,Apartment,66,1631.24,"$406,624.17",Available,,01-11-2024,406624.17,249.2730499
190025,19,11-01-2024,Apartment,5,1408.42,"$411,233.36",Sold,C0161,01-11-2024,411233.36,291.9820508
190034,19,11-01-2024,Apartment,6,1067.81,"$326,716.56",Sold,C0062,01-11-2024,326716.56,305.9688147
190072,19,11-01-2024,Apartment,10,747.71,"$216,518.11",Sold,C1580,01-11-2024,216518.11,289.5749823
190077,19,11-01-2024,Apartment,11,1869.93,"$619,787.84",Sold,C0112,01-11-2024,619787.84,331.4497548
190096,19,11-01-2024,Apartment,14,630.47,"$168,270.43",Sold,C0962,01-11-2024,168270.43,266.8968071
190106,19,11-01-2024,Apartment,14,630.47,"$195,542.61",Available,,01-11-2024,195542.61,310.1537107
190136,19,11-01-2024,Office,18,1599.44,"$510,826.71",Available,,01-11-2024,510826.71,319.3784762
190154,19,11-01-2024,Apartment,19,1697.73,"$550,990.78",Available,,01-11-2024,550990.78,324.5455873
190179,19,11-01-2024,Apartment,22,935.25,"$256,486.59",Sold,C1491,01-11-2024,256486.59,274.2438813
190190,19,11-01-2024,Apartment,23,1592.45,"$451,808.00",Available,,01-11-2024,451808,283.7187981
190210,19,11-01-2024,Apartment,25,996.38,"$296,420.21",Sold,C0311,01-11-2024,296420.21,297.4971497
190218,19,11-01-2024,Apartment,26,668.24,"$180,602.57",Available,,01-11-2024,180602.57,270.2660272
190220,19,11-01-2024,Office,26,668.24,"$213,075.10",Sold,C1330,01-11-2024,213075.1,318.8601401
190232,19,11-01-2024,Apartment,28,1599.78,"$516,197.37",Available,,01-11-2024,516197.37,322.6677231
190239,19,11-01-2024,Office,28,1599.78,"$662,403.71",Sold,C1821,01-11-2024,662403.71,414.0592519
190242,19,11-01-2024,Office,28,1599.78,"$463,547.14",Sold,C0502,01-11-2024,463547.14,289.7568041
190249,19,11-01-2024,Office,29,1657.84,"$575,177.72",Sold,C1764,01-11-2024,575177.72,346.9440477
190288,19,11-01-2024,Apartment,33,1454.84,"$418,163.55",Sold,C1120,01-11-2024,418163.55,287.4292362
190298,19,11-01-2024,Office,35,1099.62,"$354,463.37",Sold,C0887,01-11-2024,354463.37,322.3507848
190300,19,11-01-2024,Apartment,36,855.94,"$244,636.06",Available,,01-11-2024,244636.06,285.8098231
190311,19,11-01-2024,Apartment,37,1565.26,"$539,294.72",Sold,C0481,01-11-2024,539294.72,344.5400253
190335,19,11-01-2024,Apartment,40,893.49,"$268,225.04",Sold,C0462,01-11-2024,268225.04,300.1992636
190347,19,11-01-2024,Office,41,1657.19,"$520,340.47",Sold,C0487,01-11-2024,520340.47,313.989627
190359,19,11-01-2024,Apartment,42,1137.59,"$336,636.28",Sold,C0268,01-11-2024,336636.28,295.9205689
190364,19,11-01-2024,Office,42,1137.59,"$361,288.82",Available,,01-11-2024,361288.82,317.5914169
190383,19,11-01-2024,Apartment,43,1697.72,"$454,489.63",Available,,01-11-2024,454489.63,267.705882
190410,19,11-01-2024,Office,46,1926.19,"$578,726.68",Sold,C1326,01-11-2024,578726.68,300.4515027
200036,20,11-01-2024,Office,3,1645.93,"$564,116.06",Sold,C1767,01-11-2024,564116.06,342.7339316
200063,20,11-01-2024,Apartment,8,1268.45,"$430,028.88",Sold,C1600,01-11-2024,430028.88,339.0191809
200079,20,11-01-2024,Apartment,11,1722.28,"$426,159.42",Available,,01-11-2024,426159.42,247.439104
200080,20,11-01-2024,Apartment,11,1722.28,"$420,273.62",Sold,C1687,01-11-2024,420273.62,244.0216573
200082,20,11-01-2024,Apartment,11,1722.28,"$531,069.60",Sold,C1434,01-11-2024,531069.6,308.3526488
200089,20,11-01-2024,Apartment,12,856.15,"$251,932.36",Available,,01-11-2024,251932.36,294.2619401
200101,20,11-01-2024,Apartment,14,837.37,"$221,887.98",Sold,C1910,01-11-2024,221887.98,264.9820032
200128,20,11-01-2024,Apartment,16,645.44,"$189,778.78",Sold,C1371,01-11-2024,189778.78,294.030088
200133,20,11-01-2024,Apartment,16,645.44,"$209,532.60",Available,,01-11-2024,209532.6,324.6352876
200151,20,11-01-2024,Office,18,1868.01,"$556,002.13",Available,,01-11-2024,556002.13,297.6440865
200167,20,11-01-2024,Apartment,18,1868.01,"$632,746.53",Available,,01-11-2024,632746.53,338.7275925
200191,20,11-01-2024,Apartment,21,954.87,"$239,906.90",Available,,01-11-2024,239906.9,251.2456146
200203,20,11-01-2024,Apartment,24,1188.07,"$359,309.12",Sold,C1983,01-11-2024,359309.12,302.4309342
200225,20,11-01-2024,Office,28,463.13,"$150,726.44",Available,,01-11-2024,150726.44,325.4516874
200232,20,11-01-2024,Apartment,29,1844.16,"$579,944.58",Sold,C1550,01-11-2024,579944.58,314.4762819
200239,20,11-01-2024,Apartment,30,1703.94,"$477,371.12",Available,,01-11-2024,477371.12,280.1572356
200248,20,11-01-2024,Office,30,1703.94,"$515,916.62",Sold,C1293,01-11-2024,515916.62,302.7786307
200266,20,11-01-2024,Office,30,1703.94,"$411,253.40",Sold,C0532,01-11-2024,411253.4,241.3543904
200280,20,11-01-2024,Apartment,31,1414.44,"$441,780.05",Available,,01-11-2024,441780.05,312.3356593
200308,20,11-01-2024,Apartment,33,630.53,"$159,563.73",Sold,C0781,01-11-2024,159563.73,253.0628677
200319,20,11-01-2024,Office,34,858.93,"$297,822.29",Sold,C0191,01-11-2024,297822.29,346.736393
200324,20,11-01-2024,Apartment,36,1484.99,"$487,337.89",Sold,C0530,01-11-2024,487337.89,328.1758732
200364,20,11-01-2024,Apartment,40,428.03,"$127,354.14",Available,,01-11-2024,127354.14,297.5355466
200375,20,11-01-2024,Apartment,40,428.03,"$110,458.66",Sold,C1873,01-11-2024,110458.66,258.0628928
200396,20,11-01-2024,Apartment,45,1532.67,"$465,402.48",Sold,C1866,01-11-2024,465402.48,303.6547202
200398,20,11-01-2024,Apartment,45,1532.67,"$430,163.14",Sold,C1957,01-11-2024,430163.14,280.6625953
200422,20,11-01-2024,Apartment,48,860.8,"$260,547.09",Sold,C1142,01-11-2024,260547.09,302.6801696
200428,20,11-01-2024,Apartment,48,860.8,"$287,022.15",Sold,C0144,01-11-2024,287022.15,333.4365125
200448,20,11-01-2024,Apartment,50,493.06,"$163,085.03",Sold,C1851,01-11-2024,163085.03,330.761023
200458,20,11-01-2024,Apartment,51,1062.33,"$280,856.50",Available,,01-11-2024,280856.5,264.3778299
200489,20,11-01-2024,Apartment,56,1333.01,"$344,381.29",Available,,01-11-2024,344381.29,258.348617
990018,4,11-01-2024,Apartment,49,1325.31,"$377,043.60",Available,,01-11-2024,377043.6,284.4946465
990022,5,11-01-2024,Apartment,34,798.28,"$212,916.36",Available,,01-11-2024,212916.36,266.7188956
1020,1,12-01-2024,Apartment,20,1160.36,"$398,903.42",Sold,C0005,01-12-2024,398903.42,343.7755697
1035,1,12-01-2024,Apartment,35,827.87,"$238,811.06",Sold,C0132,01-12-2024,238811.06,288.4644449
2006,2,12-01-2024,Apartment,6,1307.45,"$396,973.83",Sold,C0009,01-12-2024,396973.83,303.6244828
2011,2,12-01-2024,Apartment,11,649.69,"$225,401.62",Sold,C0091,01-12-2024,225401.62,346.9371854
2035,2,12-01-2024,Apartment,35,785.48,"$192,092.24",Sold,C0028,01-12-2024,192092.24,244.5539543
2048,2,12-01-2024,Apartment,48,785.48,"$220,865.00",Sold,C0043,01-12-2024,220865,281.1847533
3053,3,12-01-2024,Apartment,53,670.24,"$190,119.50",Sold,C0122,01-12-2024,190119.5,283.6588386
4021,4,12-01-2024,Apartment,21,789.25,"$256,376.28",Available,,01-12-2024,256376.28,324.8353247
4027,4,12-01-2024,Apartment,27,789.25,"$233,172.49",Available,,01-12-2024,233172.49,295.4355274
4051,4,12-01-2024,Apartment,51,1608.84,"$496,266.41",Sold,C0001,01-12-2024,496266.41,308.4622523
5009,5,12-01-2024,Apartment,9,798.5,"$227,072.88",Available,,01-12-2024,227072.88,284.3743018
10028,1,12-01-2024,Office,3,788.73,"$261,844.74",Available,,01-12-2024,261844.74,331.9827317
10034,1,12-01-2024,Apartment,4,633.61,"$199,203.79",Available,,01-12-2024,199203.79,314.394959
10039,1,12-01-2024,Apartment,5,753.87,"$189,843.68",Sold,C1897,01-12-2024,189843.68,251.8254872
10044,1,12-01-2024,Office,5,753.87,"$232,407.25",Sold,C0209,01-12-2024,232407.25,308.2855797
10049,1,12-01-2024,Apartment,6,740.75,"$200,107.88",Sold,C1008,01-12-2024,200107.88,270.1422612
10077,1,12-01-2024,Apartment,10,1439.52,"$493,851.26",Sold,C1907,01-12-2024,493851.26,343.0666194
10089,1,12-01-2024,Apartment,12,621.14,"$193,074.48",Sold,C0254,01-12-2024,193074.48,310.8389091
10098,1,12-01-2024,Apartment,13,719.47,"$199,968.31",Available,,01-12-2024,199968.31,277.9383574
10121,1,12-01-2024,Apartment,15,765,"$296,667.95",Sold,C1170,01-12-2024,296667.95,387.8012418
10131,1,12-01-2024,Apartment,16,612.76,"$213,430.42",Sold,C1917,01-12-2024,213430.42,348.3099745
10134,1,12-01-2024,Office,17,608.25,"$239,307.41",Available,,01-12-2024,239307.41,393.4359392
10219,1,12-01-2024,Apartment,25,1154.92,"$354,701.55",Sold,C1243,01-12-2024,354701.55,307.1221816
10225,1,12-01-2024,Apartment,26,828.98,"$263,940.60",Sold,C1649,01-12-2024,263940.6,318.3919998
10231,1,12-01-2024,Apartment,26,828.98,"$268,587.60",Available,,01-12-2024,268587.6,323.9976839
10240,1,12-01-2024,Apartment,28,1946.26,"$530,674.29",Sold,C1459,01-12-2024,530674.29,272.6636164
10242,1,12-01-2024,Apartment,28,1946.26,"$605,564.38",Sold,C1446,01-12-2024,605564.38,311.1425914
10258,1,12-01-2024,Apartment,29,757.2,"$230,266.96",Available,,01-12-2024,230266.96,304.1032224
10260,1,12-01-2024,Apartment,29,757.2,"$243,084.29",Sold,C1919,01-12-2024,243084.29,321.0304939
10267,1,12-01-2024,Apartment,29,757.2,"$261,721.60",Sold,C1333,01-12-2024,261721.6,345.6439514
10295,1,12-01-2024,Apartment,31,619.78,"$181,475.71",Sold,C0611,01-12-2024,181475.71,292.8066572
10319,1,12-01-2024,Apartment,34,1469.14,"$395,086.10",Sold,C0883,01-12-2024,395086.1,268.9233837
10357,1,12-01-2024,Apartment,38,1355.85,"$405,898.92",Sold,C0041,01-12-2024,405898.92,299.3686027
10366,1,12-01-2024,Apartment,40,784.22,"$252,147.89",Sold,C0161,01-12-2024,252147.89,321.5269822
10381,1,12-01-2024,Apartment,44,779.24,"$270,937.97",Available,,01-12-2024,270937.97,347.6951517
10389,1,12-01-2024,Apartment,45,767.46,"$234,640.23",Sold,C1169,01-12-2024,234640.23,305.7361035
20032,2,12-01-2024,Apartment,4,1281.85,"$393,085.72",Available,,01-12-2024,393085.72,306.6550064
20038,2,12-01-2024,Apartment,4,1281.85,"$391,902.09",Sold,C0037,01-12-2024,391902.09,305.7316301
20074,2,12-01-2024,Apartment,9,584.19,"$199,444.82",Sold,C1668,01-12-2024,199444.82,341.4040295
20083,2,12-01-2024,Office,10,788.79,"$259,489.79",Sold,C0074,01-12-2024,259489.79,328.971957
20090,2,12-01-2024,Apartment,10,788.79,"$204,957.28",Sold,C1808,01-12-2024,204957.28,259.837574
20133,2,12-01-2024,Apartment,16,1117.38,"$401,500.38",Sold,C0289,01-12-2024,401500.38,359.3230414
20136,2,12-01-2024,Apartment,17,1397.4,"$427,677.52",Sold,C0561,01-12-2024,427677.52,306.0523257
20139,2,12-01-2024,Apartment,17,1397.4,"$407,127.60",Available,,01-12-2024,407127.6,291.3465006
20164,2,12-01-2024,Apartment,19,795.52,"$238,133.99",Sold,C1761,01-12-2024,238133.99,299.3438129
20189,2,12-01-2024,Apartment,22,653.41,"$187,636.65",Available,,01-12-2024,187636.65,287.1652561
20216,2,12-01-2024,Apartment,24,785.12,"$234,080.49",Sold,C1370,01-12-2024,234080.49,298.1461305
20242,2,12-01-2024,Apartment,26,1577.79,"$527,169.72",Sold,C0341,01-12-2024,527169.72,334.1190653
20251,2,12-01-2024,Apartment,28,650.67,"$201,418.27",Sold,C0067,01-12-2024,201418.27,309.5551816
20254,2,12-01-2024,Apartment,28,650.67,"$203,858.66",Sold,C0407,01-12-2024,203858.66,313.3057618
20297,2,12-01-2024,Office,35,1391.68,"$387,396.64",Sold,C0464,01-12-2024,387396.64,278.3661761
20310,2,12-01-2024,Apartment,36,641.72,"$175,163.42",Sold,C1050,01-12-2024,175163.42,272.9592657
20327,2,12-01-2024,Apartment,39,788.77,"$221,263.52",Available,,01-12-2024,221263.52,280.5171596
20341,2,12-01-2024,Apartment,41,654.93,"$174,694.61",Sold,C1848,01-12-2024,174694.61,266.7378346
20356,2,12-01-2024,Apartment,42,786.45,"$272,856.66",Sold,C0605,01-12-2024,272856.66,346.9472439
20378,2,12-01-2024,Apartment,45,782.2,"$244,301.69",Sold,C0338,01-12-2024,244301.69,312.3263743
20416,2,12-01-2024,Apartment,47,708.32,"$210,817.61",Sold,C1774,01-12-2024,210817.61,297.6304636
20419,2,12-01-2024,Office,47,708.32,"$232,550.78",Available,,01-12-2024,232550.78,328.3131635
20434,2,12-01-2024,Apartment,50,1604.8,"$507,541.50",Sold,C1033,01-12-2024,507541.5,316.2646436
20451,2,12-01-2024,Apartment,52,914.01,"$314,302.72",Sold,C0026,01-12-2024,314302.72,343.872299
20454,2,12-01-2024,Office,53,781.27,"$260,279.37",Sold,C0107,01-12-2024,260279.37,333.149065
20477,2,12-01-2024,Apartment,55,579.26,"$165,052.35",Sold,C0140,01-12-2024,165052.35,284.936557
20481,2,12-01-2024,Apartment,55,579.26,"$173,779.21",Sold,C0648,01-12-2024,173779.21,300.0020889
20483,2,12-01-2024,Apartment,56,722.22,"$219,431.86",Sold,C1556,01-12-2024,219431.86,303.8296641
30079,3,12-01-2024,Apartment,7,744.01,"$204,992.11",Sold,C1958,01-12-2024,204992.11,275.5233263
30083,3,12-01-2024,Apartment,8,1152.39,"$376,093.90",Available,,01-12-2024,376093.9,326.3599129
30129,3,12-01-2024,Apartment,11,1283.1,"$361,971.44",Sold,C1590,01-12-2024,361971.44,282.1069597
30137,3,12-01-2024,Apartment,13,754.84,"$220,531.20",Available,,01-12-2024,220531.2,292.1562185
30175,3,12-01-2024,Apartment,19,1602.22,"$535,348.43",Sold,C1151,01-12-2024,535348.43,334.1291645
30187,3,12-01-2024,Apartment,20,802.97,"$271,251.53",Sold,C1066,01-12-2024,271251.53,337.8102918
30239,3,12-01-2024,Apartment,27,1117.14,"$266,757.35",Sold,C1579,01-12-2024,266757.35,238.7859624
30246,3,12-01-2024,Apartment,28,679.93,"$195,873.81",Sold,C0191,01-12-2024,195873.81,288.0793758
30261,3,12-01-2024,Apartment,29,666,"$215,208.07",Available,,01-12-2024,215208.07,323.1352402
30317,3,12-01-2024,Office,39,1598.95,"$427,479.02",Sold,C0693,01-12-2024,427479.02,267.3498358
30319,3,12-01-2024,Apartment,39,1598.95,"$473,117.57",Sold,C1340,01-12-2024,473117.57,295.8926608
30329,3,12-01-2024,Office,40,678.71,"$213,999.90",Sold,C1337,01-12-2024,213999.9,315.3038853
30334,3,12-01-2024,Apartment,41,965.5,"$304,008.75",Sold,C0541,01-12-2024,304008.75,314.8718281
30352,3,12-01-2024,Apartment,43,928.43,"$290,577.04",Sold,C1142,01-12-2024,290577.04,312.9767888
30361,3,12-01-2024,Apartment,44,673.86,"$190,741.67",Sold,C0504,01-12-2024,190741.67,283.0583059
30362,3,12-01-2024,Apartment,44,673.86,"$209,364.49",Available,,01-12-2024,209364.49,310.694343
30366,3,12-01-2024,Apartment,45,1598.85,"$470,911.04",Sold,C1447,01-12-2024,470911.04,294.5310942
30397,3,12-01-2024,Apartment,49,1174.48,"$316,007.47",Sold,C1185,01-12-2024,316007.47,269.0616017
30462,3,12-01-2024,Apartment,55,688.14,"$177,394.92",Sold,C1548,01-12-2024,177394.92,257.7889964
30502,3,12-01-2024,Apartment,58,1588.14,"$459,626.95",Available,,01-12-2024,459626.95,289.412111
30504,3,12-01-2024,Apartment,58,1588.14,"$519,834.80",Available,,01-12-2024,519834.8,327.323032
40066,4,12-01-2024,Apartment,7,786.36,"$235,332.62",Sold,C1806,01-12-2024,235332.62,299.2682995
40070,4,12-01-2024,Office,7,786.36,"$229,822.20",Sold,C1345,01-12-2024,229822.2,292.2607966
40080,4,12-01-2024,Apartment,10,1614.62,"$557,392.74",Sold,C1719,01-12-2024,557392.74,345.2160508
40121,4,12-01-2024,Apartment,14,1322.66,"$361,289.62",Available,,01-12-2024,361289.62,273.1538113
40218,4,12-01-2024,Apartment,26,790.05,"$224,595.39",Sold,C0114,01-12-2024,224595.39,284.2799696
40228,4,12-01-2024,Apartment,26,790.05,"$240,880.70",Sold,C0774,01-12-2024,240880.7,304.8929815
40268,4,12-01-2024,Office,31,793.1,"$257,496.93",Sold,C0042,01-12-2024,257496.93,324.6714538
40278,4,12-01-2024,Apartment,33,734.73,"$189,152.52",Sold,C0046,01-12-2024,189152.52,257.444939
40293,4,12-01-2024,Apartment,34,795.1,"$212,131.44",Sold,C0729,01-12-2024,212131.44,266.7984404
40353,4,12-01-2024,Apartment,42,738.34,"$254,680.10",Available,,01-12-2024,254680.1,344.9360728
40366,4,12-01-2024,Apartment,43,1616.99,"$506,566.27",Available,,01-12-2024,506566.27,313.2773054
40374,4,12-01-2024,Apartment,44,799.67,"$226,191.71",Available,,01-12-2024,226191.71,282.8563157
40384,4,12-01-2024,Apartment,45,1160.48,"$323,933.82",Available,,01-12-2024,323933.82,279.1377878
40398,4,12-01-2024,Apartment,45,1160.48,"$336,264.83",Available,,01-12-2024,336264.83,289.763572
40404,4,12-01-2024,Apartment,46,800.23,"$216,829.01",Available,,01-12-2024,216829.01,270.958362
40432,4,12-01-2024,Apartment,50,791.37,"$273,481.02",Available,,01-12-2024,273481.02,345.5792107
50010,5,12-01-2024,Apartment,2,795.91,"$211,632.57",Available,,01-12-2024,211632.57,265.9001269
50031,5,12-01-2024,Apartment,6,775.85,"$201,788.02",Sold,C0187,01-12-2024,201788.02,260.0863827
50032,5,12-01-2024,Apartment,7,625.24,"$207,450.34",Available,,01-12-2024,207450.34,331.7931354
50051,5,12-01-2024,Apartment,8,782.15,"$207,569.34",Sold,C1675,01-12-2024,207569.34,265.3830339
50072,5,12-01-2024,Apartment,10,629.27,"$200,300.40",Sold,C0946,01-12-2024,200300.4,318.3059736
50111,5,12-01-2024,Apartment,13,791.13,"$259,068.93",Sold,C0629,01-12-2024,259068.93,327.4669523
50120,5,12-01-2024,Apartment,15,1050.95,"$306,423.34",Sold,C0991,01-12-2024,306423.34,291.5679528
50139,5,12-01-2024,Apartment,18,1267.03,"$391,039.93",Available,,01-12-2024,391039.93,308.6272069
50171,5,12-01-2024,Apartment,23,1006.65,"$309,187.49",Sold,C0188,01-12-2024,309187.49,307.1449759
50174,5,12-01-2024,Apartment,23,1006.65,"$302,949.76",Sold,C0718,01-12-2024,302949.76,300.9484528
50175,5,12-01-2024,Office,23,1006.65,"$271,409.35",Sold,C0137,01-12-2024,271409.35,269.6164009
50184,5,12-01-2024,Apartment,23,1006.65,"$349,312.79",Available,,01-12-2024,349312.79,347.0052054
50187,5,12-01-2024,Apartment,23,1006.65,"$290,605.38",Available,,01-12-2024,290605.38,288.6856206
50192,5,12-01-2024,Apartment,24,807.02,"$231,022.58",Available,,01-12-2024,231022.58,286.2662388
50230,5,12-01-2024,Apartment,31,1008.52,"$278,817.56",Available,,01-12-2024,278817.56,276.4621029
50252,5,12-01-2024,Office,33,1787.13,"$664,530.42",Sold,C1215,01-12-2024,664530.42,371.8422387
50276,5,12-01-2024,Office,36,627.56,"$184,184.30",Sold,C0789,01-12-2024,184184.3,293.4927338
50311,5,12-01-2024,Apartment,41,630.83,"$174,843.11",Sold,C1959,01-12-2024,174843.11,277.163594
50312,5,12-01-2024,Apartment,41,630.83,"$167,124.56",Sold,C0900,01-12-2024,167124.56,264.9280472
50356,5,12-01-2024,Apartment,44,806.03,"$260,684.22",Available,,01-12-2024,260684.22,323.4175155
50380,5,12-01-2024,Office,46,1272.95,"$433,722.55",Available,,01-12-2024,433722.55,340.7223772
50422,5,12-01-2024,Office,48,788.04,"$300,501.51",Sold,C1277,01-12-2024,300501.51,381.3277372
50443,5,12-01-2024,Office,52,1755.18,"$569,679.58",Sold,C1276,01-12-2024,569679.58,324.57046
60013,6,12-01-2024,Apartment,1,1720.95,"$582,011.89",Sold,C1026,01-12-2024,582011.89,338.1922136
60016,6,12-01-2024,Office,1,1720.95,"$607,591.51",Available,,01-12-2024,607591.51,353.0558761
60123,6,12-01-2024,Apartment,10,942.08,"$254,290.00",Available,,01-12-2024,254290,269.923998
60157,6,12-01-2024,Office,13,581.47,"$203,255.63",Available,,01-12-2024,203255.63,349.5548008
60227,6,12-01-2024,Apartment,21,833.23,"$240,771.42",Sold,C1269,01-12-2024,240771.42,288.9615352
60231,6,12-01-2024,Apartment,22,1656.54,"$493,038.86",Sold,C1922,01-12-2024,493038.86,297.6317264
60236,6,12-01-2024,Apartment,23,1243.4,"$365,713.38",Sold,C0854,01-12-2024,365713.38,294.123677
60264,6,12-01-2024,Apartment,28,1723.12,"$545,741.02",Sold,C0565,01-12-2024,545741.02,316.7167812
60306,6,12-01-2024,Apartment,33,1131,"$376,815.49",Sold,C0643,01-12-2024,376815.49,333.1701945
60319,6,12-01-2024,Apartment,35,999.85,"$294,335.41",Sold,C0152,01-12-2024,294335.41,294.3795669
60327,6,12-01-2024,Apartment,37,1721.96,"$499,912.08",Sold,C0779,01-12-2024,499912.08,290.3157332
60366,6,12-01-2024,Apartment,41,940.72,"$281,317.87",Sold,C1082,01-12-2024,281317.87,299.0452738
60372,6,12-01-2024,Apartment,42,1766.89,"$599,850.78",Sold,C0644,01-12-2024,599850.78,339.49526
60413,6,12-01-2024,Apartment,50,1579.99,"$416,694.88",Available,,01-12-2024,416694.88,263.7326059
60421,6,12-01-2024,Apartment,51,1476.63,"$381,644.71",Available,,01-12-2024,381644.71,258.4565599
60425,6,12-01-2024,Apartment,51,1476.63,"$485,832.54",Sold,C1916,01-12-2024,485832.54,329.0144044
60432,6,12-01-2024,Apartment,51,1476.63,"$476,404.88",Available,,01-12-2024,476404.88,322.629826
60444,6,12-01-2024,Apartment,53,1170.96,"$319,044.27",Sold,C1223,01-12-2024,319044.27,272.4638502
60446,6,12-01-2024,Apartment,53,1170.96,"$391,496.99",Sold,C0843,01-12-2024,391496.99,334.338483
60450,6,12-01-2024,Apartment,53,1170.96,"$286,069.52",Sold,C0459,01-12-2024,286069.52,244.3034092
60457,6,12-01-2024,Apartment,53,1170.96,"$330,774.86",Sold,C1854,01-12-2024,330774.86,282.4817756
60475,6,12-01-2024,Apartment,55,562.37,"$172,351.28",Available,,01-12-2024,172351.28,306.4731049
70039,7,12-01-2024,Apartment,7,1071.02,"$328,219.18",Available,,01-12-2024,328219.18,306.4547627
70057,7,12-01-2024,Apartment,9,926.11,"$231,116.53",Available,,01-12-2024,231116.53,249.5562406
70083,7,12-01-2024,Apartment,12,804.65,"$225,540.10",Available,,01-12-2024,225540.1,280.2959051
70091,7,12-01-2024,Apartment,13,604.6,"$157,057.02",Sold,C0799,01-12-2024,157057.02,259.770129
70184,7,12-01-2024,Apartment,21,1528.62,"$433,359.30",Available,,01-12-2024,433359.3,283.4970758
70200,7,12-01-2024,Apartment,23,1222.69,"$406,088.62",Sold,C1904,01-12-2024,406088.62,332.1272113
70214,7,12-01-2024,Apartment,24,852.99,"$264,681.72",Sold,C1284,01-12-2024,264681.72,310.2987374
70236,7,12-01-2024,Apartment,26,717,"$173,398.40",Sold,C0428,01-12-2024,173398.4,241.8387727
70257,7,12-01-2024,Apartment,28,694.55,"$197,254.69",Sold,C0063,01-12-2024,197254.69,284.0035851
70262,7,12-01-2024,Apartment,29,441.65,"$159,881.50",Sold,C0094,01-12-2024,159881.5,362.0095098
70266,7,12-01-2024,Office,30,1237.23,"$383,676.59",Sold,C0711,01-12-2024,383676.59,310.1093491
70267,7,12-01-2024,Office,30,1237.23,"$348,872.01",Sold,C1995,01-12-2024,348872.01,281.9782983
70291,7,12-01-2024,Apartment,35,613.21,"$191,074.27",Sold,C0121,01-12-2024,191074.27,311.5967939
70296,7,12-01-2024,Apartment,35,613.21,"$166,487.84",Sold,C0724,01-12-2024,166487.84,271.5021608
70298,7,12-01-2024,Apartment,35,613.21,"$209,673.07",Available,,01-12-2024,209673.07,341.9270234
70311,7,12-01-2024,Apartment,37,1171.04,"$386,845.88",Sold,C1196,01-12-2024,386845.88,330.3438653
70322,7,12-01-2024,Apartment,38,1755.26,"$558,904.53",Sold,C1507,01-12-2024,558904.53,318.4169468
70326,7,12-01-2024,Apartment,38,1755.26,"$592,648.66",Available,,01-12-2024,592648.66,337.6415232
70328,7,12-01-2024,Apartment,38,1755.26,"$570,156.97",Sold,C1503,01-12-2024,570156.97,324.8276438
70370,7,12-01-2024,Apartment,43,498.61,"$139,398.80",Sold,C1212,01-12-2024,139398.8,279.574818
70372,7,12-01-2024,Apartment,43,498.61,"$146,361.74",Sold,C0989,01-12-2024,146361.74,293.5395199
70377,7,12-01-2024,Apartment,43,498.61,"$144,307.67",Sold,C1618,01-12-2024,144307.67,289.4199274
70384,7,12-01-2024,Apartment,43,498.61,"$155,195.53",Sold,C1428,01-12-2024,155195.53,311.2563527
70385,7,12-01-2024,Apartment,44,1859.83,"$575,207.87",Sold,C0698,01-12-2024,575207.87,309.2798105
70404,7,12-01-2024,Apartment,47,1033.08,"$302,499.83",Sold,C0667,01-12-2024,302499.83,292.8135575
70410,7,12-01-2024,Apartment,48,533.35,"$175,165.70",Sold,C1546,01-12-2024,175165.7,328.4254242
70426,7,12-01-2024,Apartment,49,1383.05,"$396,729.97",Sold,C1571,01-12-2024,396729.97,286.8515021
70449,7,12-01-2024,Apartment,53,884.87,"$194,671.40",Sold,C0739,01-12-2024,194671.4,220
70463,7,12-01-2024,Apartment,54,1940.69,"$629,574.18",Sold,C0116,01-12-2024,629574.18,324.4073912
70482,7,12-01-2024,Office,56,1589.6,"$426,772.21",Available,,01-12-2024,426772.21,268.4777365
70483,7,12-01-2024,Apartment,56,1589.6,"$517,811.18",Sold,C1046,01-12-2024,517811.18,325.7493583
70485,7,12-01-2024,Apartment,57,1347.67,"$431,607.68",Sold,C1498,01-12-2024,431607.68,320.2621413
70500,7,12-01-2024,Apartment,58,1629.83,"$485,419.29",Sold,C0040,01-12-2024,485419.29,297.8343079
80014,8,12-01-2024,Apartment,2,1097.36,"$344,860.78",Available,,01-12-2024,344860.78,314.2640337
80031,8,12-01-2024,Apartment,4,1934.75,"$474,239.63",Sold,C0679,01-12-2024,474239.63,245.1167489
80085,8,12-01-2024,Apartment,9,1869.81,"$629,874.36",Available,,01-12-2024,629874.36,336.8654355
80097,8,12-01-2024,Apartment,11,742.87,"$234,850.32",Sold,C1697,01-12-2024,234850.32,316.1391899
80112,8,12-01-2024,Apartment,14,685.93,"$163,848.69",Available,,01-12-2024,163848.69,238.8708615
80160,8,12-01-2024,Apartment,21,1501.64,"$446,866.23",Available,,01-12-2024,446866.23,297.5854599
80189,8,12-01-2024,Apartment,26,1625.38,"$478,106.01",Sold,C1585,01-12-2024,478106.01,294.1502972
80192,8,12-01-2024,Apartment,26,1625.38,"$462,200.84",Sold,C0464,01-12-2024,462200.84,284.3647885
80218,8,12-01-2024,Apartment,29,1848.51,"$498,074.48",Sold,C1084,01-12-2024,498074.48,269.4464623
80226,8,12-01-2024,Apartment,29,1848.51,"$630,993.32",Sold,C0462,01-12-2024,630993.32,341.3523973
80235,8,12-01-2024,Apartment,30,1070.46,"$374,039.09",Available,,01-12-2024,374039.09,349.4190255
80240,8,12-01-2024,Apartment,30,1070.46,"$301,339.52",Sold,C1848,01-12-2024,301339.52,281.5046989
80247,8,12-01-2024,Apartment,31,1253.18,"$406,291.57",Sold,C1021,01-12-2024,406291.57,324.2084697
80255,8,12-01-2024,Office,31,1253.18,"$385,368.41",Available,,01-12-2024,385368.41,307.5124164
80277,8,12-01-2024,Office,33,1809.87,"$540,572.80",Sold,C1035,01-12-2024,540572.8,298.6804577
80298,8,12-01-2024,Apartment,34,1684.75,"$456,582.84",Available,,01-12-2024,456582.84,271.0092536
80299,8,12-01-2024,Apartment,34,1684.75,"$537,968.77",Available,,01-12-2024,537968.77,319.3166761
80374,8,12-01-2024,Apartment,45,1185.72,"$313,503.99",Available,,01-12-2024,313503.99,264.3996812
80384,8,12-01-2024,Office,46,1175.51,"$356,052.72",Available,,01-12-2024,356052.72,302.8921234
80401,8,12-01-2024,Office,46,1175.51,"$317,963.00",Sold,C0914,01-12-2024,317963,270.4894046
80412,8,12-01-2024,Apartment,47,543.08,"$131,564.73",Available,,01-12-2024,131564.73,242.2566289
80422,8,12-01-2024,Apartment,48,480.99,"$163,987.28",Sold,C0720,01-12-2024,163987.28,340.9369841
80490,8,12-01-2024,Apartment,57,1949.35,"$511,531.50",Sold,C0764,01-12-2024,511531.5,262.4113166
80502,8,12-01-2024,Apartment,58,1448.59,"$444,560.41",Sold,C1765,01-12-2024,444560.41,306.891812
90029,9,12-01-2024,Apartment,6,1821.59,"$483,462.07",Sold,C0369,01-12-2024,483462.07,265.4066338
90073,9,12-01-2024,Apartment,12,952.38,"$293,944.69",Sold,C1410,01-12-2024,293944.69,308.6422331
90090,9,12-01-2024,Office,15,1732.33,"$586,460.03",Sold,C1334,01-12-2024,586460.03,338.5382866
90106,9,12-01-2024,Apartment,16,924.6,"$284,298.65",Sold,C0532,01-12-2024,284298.65,307.4828575
90109,9,12-01-2024,Apartment,17,1481.32,"$453,518.72",Sold,C0405,01-12-2024,453518.72,306.1585073
90110,9,12-01-2024,Apartment,17,1481.32,"$401,749.61",Available,,01-12-2024,401749.61,271.2105487
90115,9,12-01-2024,Apartment,17,1481.32,"$551,780.87",Sold,C1932,01-12-2024,551780.87,372.492689
90119,9,12-01-2024,Apartment,18,860.97,"$271,354.98",Sold,C0419,01-12-2024,271354.98,315.1735601
90125,9,12-01-2024,Apartment,19,1866.15,"$537,563.89",Sold,C1868,01-12-2024,537563.89,288.0603864
90131,9,12-01-2024,Apartment,21,1261.65,"$378,534.84",Available,,01-12-2024,378534.84,300.0315777
90132,9,12-01-2024,Apartment,21,1261.65,"$384,401.32",Available,,01-12-2024,384401.32,304.6814251
90189,9,12-01-2024,Office,28,1931.82,"$512,682.59",Sold,C0028,01-12-2024,512682.59,265.388385
90204,9,12-01-2024,Apartment,30,1250.17,"$363,862.74",Sold,C1400,01-12-2024,363862.74,291.0506091
90214,9,12-01-2024,Apartment,31,1052.27,"$319,340.28",Sold,C0958,01-12-2024,319340.28,303.4775105
90219,9,12-01-2024,Apartment,32,707,"$222,525.37",Sold,C1512,01-12-2024,222525.37,314.7459264
90285,9,12-01-2024,Apartment,36,1582.79,"$505,127.63",Sold,C0002,01-12-2024,505127.63,319.1374914
90310,9,12-01-2024,Apartment,38,1260.31,"$374,028.63",Available,,01-12-2024,374028.63,296.775103
90314,9,12-01-2024,Apartment,38,1260.31,"$368,901.23",Sold,C1404,01-12-2024,368901.23,292.7067388
90377,9,12-01-2024,Apartment,44,1351.57,"$403,458.01",Sold,C0385,01-12-2024,403458.01,298.5106284
90417,9,12-01-2024,Apartment,53,599.72,"$195,087.94",Sold,C0491,01-12-2024,195087.94,325.2983726
90462,9,12-01-2024,Apartment,57,1198.57,"$324,849.30",Available,,01-12-2024,324849.3,271.0307283
90477,9,12-01-2024,Office,58,838.34,"$270,283.97",Available,,01-12-2024,270283.97,322.4037622
90482,9,12-01-2024,Apartment,58,838.34,"$240,394.52",Sold,C1121,01-12-2024,240394.52,286.7506262
90490,9,12-01-2024,Apartment,58,838.34,"$255,059.53",Sold,C0513,01-12-2024,255059.53,304.2435408
90528,9,12-01-2024,Apartment,60,1919.77,"$530,119.92",Sold,C0816,01-12-2024,530119.92,276.1372039
90536,9,12-01-2024,Apartment,62,1263.44,"$426,745.42",Sold,C0097,01-12-2024,426745.42,337.7646901
100026,10,12-01-2024,Apartment,4,1765.37,"$446,138.39",Sold,C1314,01-12-2024,446138.39,252.7166486
100079,10,12-01-2024,Apartment,9,1849.4,"$554,297.11",Sold,C1488,01-12-2024,554297.11,299.7172651
100081,10,12-01-2024,Apartment,10,1196.84,"$357,028.07",Sold,C1231,01-12-2024,357028.07,298.3089385
100085,10,12-01-2024,Office,10,1196.84,"$353,703.41",Sold,C0236,01-12-2024,353703.41,295.5310735
100109,10,12-01-2024,Apartment,14,1318.01,"$306,030.71",Sold,C1620,01-12-2024,306030.71,232.1914932
100120,10,12-01-2024,Office,15,1948.32,"$705,817.01",Sold,C0910,01-12-2024,705817.01,362.2695502
100127,10,12-01-2024,Apartment,17,647.35,"$193,463.80",Available,,01-12-2024,193463.8,298.8550243
100132,10,12-01-2024,Apartment,17,647.35,"$152,799.46",Sold,C1621,01-12-2024,152799.46,236.0384027
100164,10,12-01-2024,Office,21,1251.45,"$454,589.30",Sold,C1823,01-12-2024,454589.3,363.2500699
100180,10,12-01-2024,Office,24,708.64,"$207,485.50",Available,,01-12-2024,207485.5,292.7939433
100198,10,12-01-2024,Apartment,26,1294.85,"$456,412.46",Sold,C1688,01-12-2024,456412.46,352.4828822
100203,10,12-01-2024,Apartment,26,1294.85,"$354,252.16",Sold,C0204,01-12-2024,354252.16,273.5854809
100204,10,12-01-2024,Apartment,26,1294.85,"$324,190.87",Sold,C0600,01-12-2024,324190.87,250.3694405
100276,10,12-01-2024,Office,32,1661.46,"$379,173.42",Available,,01-12-2024,379173.42,228.2170019
100304,10,12-01-2024,Office,36,1920.65,"$580,992.98",Sold,C1059,01-12-2024,580992.98,302.4981022
100314,10,12-01-2024,Apartment,37,1177.85,"$342,176.37",Sold,C1921,01-12-2024,342176.37,290.5092924
100336,10,12-01-2024,Apartment,39,1188.51,"$311,878.98",Sold,C0440,01-12-2024,311878.98,262.4117424
100351,10,12-01-2024,Apartment,42,1757.51,"$468,096.73",Available,,01-12-2024,468096.73,266.3408629
100395,10,12-01-2024,Office,45,1119.1,"$346,660.08",Sold,C0575,01-12-2024,346660.08,309.7668484
100415,10,12-01-2024,Apartment,50,1138.32,"$408,310.10",Sold,C0905,01-12-2024,408310.1,358.6953581
100425,10,12-01-2024,Apartment,50,1138.32,"$354,595.01",Sold,C0388,01-12-2024,354595.01,311.5073178
110024,11,12-01-2024,Office,3,1479.84,"$442,609.68",Sold,C1358,01-12-2024,442609.68,299.092929
110025,11,12-01-2024,Office,3,1479.84,"$366,569.28",Sold,C0266,01-12-2024,366569.28,247.7087253
110157,11,12-01-2024,Apartment,16,1829.02,"$621,750.26",Available,,01-12-2024,621750.26,339.9362828
110163,11,12-01-2024,Apartment,17,1946.06,"$578,341.45",Available,,01-12-2024,578341.45,297.1858267
110164,11,12-01-2024,Apartment,17,1946.06,"$589,311.20",Sold,C1542,01-12-2024,589311.2,302.822729
110180,11,12-01-2024,Apartment,19,1083.98,"$293,740.15",Available,,01-12-2024,293740.15,270.9829978
110276,11,12-01-2024,Apartment,34,680.07,"$195,416.64",Sold,C1835,01-12-2024,195416.64,287.3478318
110297,11,12-01-2024,Apartment,36,1752.38,"$552,866.95",Sold,C1534,01-12-2024,552866.95,315.4948984
110302,11,12-01-2024,Apartment,37,1368.16,"$318,619.68",Sold,C1145,01-12-2024,318619.68,232.8818852
110317,11,12-01-2024,Apartment,38,788.47,"$245,885.21",Sold,C1242,01-12-2024,245885.21,311.851066
110320,11,12-01-2024,Apartment,38,788.47,"$216,600.53",Sold,C1313,01-12-2024,216600.53,274.7099192
110375,11,12-01-2024,Apartment,44,434.38,"$111,035.88",Sold,C0336,01-12-2024,111035.88,255.6192274
110394,11,12-01-2024,Office,46,1798.85,"$569,216.17",Available,,01-12-2024,569216.17,316.4333713
110408,11,12-01-2024,Office,48,661.7,"$177,247.30",Available,,01-12-2024,177247.3,267.8665558
110413,11,12-01-2024,Apartment,49,1095.85,"$378,804.75",Sold,C0805,01-12-2024,378804.75,345.672081
110436,11,12-01-2024,Apartment,52,1397.58,"$427,331.65",Available,,01-12-2024,427331.65,305.7654302
110463,11,12-01-2024,Apartment,54,802.65,"$223,827.64",Sold,C0558,01-12-2024,223827.64,278.8608235
110481,11,12-01-2024,Apartment,57,1008.58,"$281,566.76",Sold,C0317,01-12-2024,281566.76,279.1714688
110482,11,12-01-2024,Apartment,57,1008.58,"$312,680.76",Available,,01-12-2024,312680.76,310.0207817
110528,11,12-01-2024,Apartment,62,1938.82,"$537,168.96",Sold,C1048,01-12-2024,537168.96,277.0597374
120008,12,12-01-2024,Office,1,839.95,"$230,696.30",Sold,C0708,01-12-2024,230696.3,274.6548009
120038,12,12-01-2024,Apartment,4,1559.34,"$469,904.90",Available,,01-12-2024,469904.9,301.3485834
120041,12,12-01-2024,Apartment,4,1559.34,"$543,417.09",Available,,01-12-2024,543417.09,348.4917273
120092,12,12-01-2024,Apartment,12,959.05,"$256,455.73",Sold,C0783,01-12-2024,256455.73,267.4060059
120117,12,12-01-2024,Apartment,14,1369.96,"$444,751.33",Available,,01-12-2024,444751.33,324.645486
120129,12,12-01-2024,Apartment,15,1456.98,"$477,431.41",Sold,C0610,01-12-2024,477431.41,327.6856306
120133,12,12-01-2024,Apartment,16,1523.02,"$496,384.24",Sold,C0372,01-12-2024,496384.24,325.9210253
120157,12,12-01-2024,Apartment,17,1428.55,"$427,099.27",Available,,01-12-2024,427099.27,298.9739736
120265,12,12-01-2024,Apartment,28,1563.65,"$462,834.75",Available,,01-12-2024,462834.75,295.9963867
120267,12,12-01-2024,Apartment,28,1563.65,"$524,949.43",Available,,01-12-2024,524949.43,335.7205449
120283,12,12-01-2024,Office,31,1245.29,"$368,829.15",Sold,C1401,01-12-2024,368829.15,296.1793237
120290,12,12-01-2024,Apartment,33,1232.2,"$392,338.13",Sold,C0050,01-12-2024,392338.13,318.4045853
120310,12,12-01-2024,Office,34,1817.64,"$593,581.03",Sold,C0335,01-12-2024,593581.03,326.5668834
120327,12,12-01-2024,Apartment,35,1690.62,"$526,901.70",Sold,C0765,01-12-2024,526901.7,311.6618164
120360,12,12-01-2024,Office,38,1157.23,"$431,727.12",Sold,C1420,01-12-2024,431727.12,373.0694158
120361,12,12-01-2024,Apartment,38,1157.23,"$359,484.97",Sold,C1825,01-12-2024,359484.97,310.6426294
120364,12,12-01-2024,Apartment,38,1157.23,"$334,058.93",Available,,01-12-2024,334058.93,288.671163
120370,12,12-01-2024,Office,38,1157.23,"$364,356.74",Available,,01-12-2024,364356.74,314.8524839
120375,12,12-01-2024,Apartment,39,1653.93,"$401,863.68",Sold,C1772,01-12-2024,401863.68,242.9750231
120406,12,12-01-2024,Office,47,1528.05,"$565,288.74",Sold,C0334,01-12-2024,565288.74,369.9412585
130006,13,12-01-2024,Apartment,1,1899.92,"$502,325.67",Sold,C1133,01-12-2024,502325.67,264.3930639
130008,13,12-01-2024,Apartment,1,1899.92,"$607,483.38",Sold,C1403,01-12-2024,607483.38,319.7415575
130023,13,12-01-2024,Apartment,2,1651.02,"$588,858.11",Available,,01-12-2024,588858.11,356.6632203
130054,13,12-01-2024,Apartment,5,441.3,"$104,509.38",Sold,C0707,01-12-2024,104509.38,236.8216179
130085,13,12-01-2024,Apartment,10,1314.38,"$416,004.34",Available,,01-12-2024,416004.34,316.5023357
130162,13,12-01-2024,Apartment,19,758.69,"$207,387.45",Available,,01-12-2024,207387.45,273.3493917
130185,13,12-01-2024,Apartment,20,516.72,"$183,522.61",Sold,C0088,01-12-2024,183522.61,355.1683891
130190,13,12-01-2024,Apartment,20,516.72,"$148,388.65",Sold,C0161,01-12-2024,148388.65,287.1741949
130194,13,12-01-2024,Apartment,21,1680.5,"$432,134.46",Sold,C0493,01-12-2024,432134.46,257.1463612
130205,13,12-01-2024,Apartment,24,1044.69,"$279,992.40",Sold,C1784,01-12-2024,279992.4,268.0148178
130219,13,12-01-2024,Apartment,25,633.86,"$168,610.91",Sold,C0989,01-12-2024,168610.91,266.0065472
130225,13,12-01-2024,Apartment,26,1867.78,"$567,758.66",Sold,C1618,01-12-2024,567758.66,303.9751256
130238,13,12-01-2024,Office,28,1173.72,"$347,424.71",Available,,01-12-2024,347424.71,296.0030587
130241,13,12-01-2024,Apartment,28,1173.72,"$346,821.16",Available,,01-12-2024,346821.16,295.4888389
130264,13,12-01-2024,Apartment,31,627.57,"$203,411.23",Sold,C1546,01-12-2024,203411.23,324.1251653
130305,13,12-01-2024,Apartment,33,1445.84,"$443,394.23",Sold,C0841,01-12-2024,443394.23,306.6689468
130391,13,12-01-2024,Apartment,43,1875.83,"$605,988.38",Available,,01-12-2024,605988.38,323.0507988
130412,13,12-01-2024,Office,47,1874.35,"$604,278.58",Available,,01-12-2024,604278.58,322.3936725
130415,13,12-01-2024,Apartment,47,1874.35,"$627,385.67",Sold,C1227,01-12-2024,627385.67,334.7217275
130432,13,12-01-2024,Apartment,47,1874.35,"$518,691.38",Sold,C0940,01-12-2024,518691.38,276.7313362
130462,13,12-01-2024,Apartment,53,968.77,"$351,354.52",Sold,C1736,01-12-2024,351354.52,362.6810492
130469,13,12-01-2024,Apartment,53,968.77,"$287,821.17",Sold,C0108,01-12-2024,287821.17,297.0995902
130482,13,12-01-2024,Apartment,55,710.41,"$177,998.09",Sold,C0752,01-12-2024,177998.09,250.5568475
130494,13,12-01-2024,Apartment,57,1717.49,"$445,580.19",Sold,C0837,01-12-2024,445580.19,259.4368468
130533,13,12-01-2024,Apartment,61,1333.63,"$402,189.34",Sold,C1790,01-12-2024,402189.34,301.5749046
130540,13,12-01-2024,Apartment,63,1623.8,"$523,216.37",Sold,C0574,01-12-2024,523216.37,322.2172497
130546,13,12-01-2024,Apartment,63,1623.8,"$407,382.75",Sold,C1925,01-12-2024,407382.75,250.8823439
130595,13,12-01-2024,Apartment,69,736.95,"$201,663.74",Sold,C1718,01-12-2024,201663.74,273.6464346
130603,13,12-01-2024,Office,70,750.41,"$191,764.78",Sold,C0881,01-12-2024,191764.78,255.5466745
140044,14,12-01-2024,Apartment,7,641.37,"$200,311.05",Sold,C1310,01-12-2024,200311.05,312.3174611
140048,14,12-01-2024,Apartment,8,618.89,"$201,373.78",Available,,01-12-2024,201373.78,325.3789526
140056,14,12-01-2024,Apartment,8,618.89,"$159,063.45",Sold,C0790,01-12-2024,159063.45,257.0140897
140068,14,12-01-2024,Apartment,9,803.5,"$255,711.66",Sold,C1202,01-12-2024,255711.66,318.2472433
140090,14,12-01-2024,Apartment,11,1431.42,"$399,457.77",Sold,C1774,01-12-2024,399457.77,279.0639854
140103,14,12-01-2024,Apartment,12,459.44,"$141,906.57",Sold,C0924,01-12-2024,141906.57,308.8685574
140121,14,12-01-2024,Apartment,13,442.74,"$134,015.89",Sold,C0026,01-12-2024,134015.89,302.6965939
140146,14,12-01-2024,Apartment,15,784.04,"$256,044.78",Sold,C1552,01-12-2024,256044.78,326.5710678
140215,14,12-01-2024,Apartment,23,1610.37,"$583,905.11",Sold,C1397,01-12-2024,583905.11,362.5906531
140250,14,12-01-2024,Apartment,29,1618.34,"$488,803.45",Sold,C1822,01-12-2024,488803.45,302.0400225
140257,14,12-01-2024,Office,29,1618.34,"$507,713.37",Available,,01-12-2024,507713.37,313.7247859
140275,14,12-01-2024,Apartment,32,1120.81,"$361,235.70",Available,,01-12-2024,361235.7,322.2987839
140296,14,12-01-2024,Apartment,34,513.06,"$151,459.02",Sold,C0272,01-12-2024,151459.02,295.2072272
140301,14,12-01-2024,Apartment,35,1152.84,"$353,902.36",Sold,C1410,01-12-2024,353902.36,306.9830679
140314,14,12-01-2024,Apartment,37,1469.73,"$507,209.24",Sold,C0387,01-12-2024,507209.24,345.1036857
140320,14,12-01-2024,Apartment,38,1170.11,"$374,000.47",Available,,01-12-2024,374000.47,319.6284708
140331,14,12-01-2024,Apartment,39,1811.84,"$542,239.24",Sold,C0952,01-12-2024,542239.24,299.2754548
140339,14,12-01-2024,Apartment,40,532.44,"$161,368.51",Sold,C0488,01-12-2024,161368.51,303.0736045
140341,14,12-01-2024,Apartment,40,532.44,"$152,258.24",Sold,C0532,01-12-2024,152258.24,285.9631883
140350,14,12-01-2024,Office,42,1350.7,"$361,293.73",Sold,C1693,01-12-2024,361293.73,267.4862886
140374,14,12-01-2024,Apartment,45,1388.61,"$382,289.82",Sold,C0694,01-12-2024,382289.82,275.3039514
140417,14,12-01-2024,Apartment,51,1346.3,"$432,797.51",Sold,C0028,01-12-2024,432797.51,321.4718191
140427,14,12-01-2024,Apartment,51,1346.3,"$392,801.93",Sold,C1814,01-12-2024,392801.93,291.7640422
140468,14,12-01-2024,Apartment,55,1415.9,"$428,653.51",Sold,C0834,01-12-2024,428653.51,302.7427855
140471,14,12-01-2024,Apartment,55,1415.9,"$412,865.90",Sold,C0637,01-12-2024,412865.9,291.592556
140474,14,12-01-2024,Apartment,55,1415.9,"$446,560.50",Sold,C0541,01-12-2024,446560.5,315.389858
150014,15,12-01-2024,Apartment,2,1522.89,"$494,892.28",Sold,C1575,01-12-2024,494892.28,324.9691573
150034,15,12-01-2024,Apartment,5,769.6,"$245,975.45",Available,,01-12-2024,245975.45,319.61467
150056,15,12-01-2024,Office,9,565.48,"$158,297.69",Sold,C1017,01-12-2024,158297.69,279.9350817
150081,15,12-01-2024,Apartment,13,653.54,"$164,118.35",Available,,01-12-2024,164118.35,251.1221195
150098,15,12-01-2024,Apartment,15,522.71,"$161,288.11",Available,,01-12-2024,161288.11,308.5613629
150103,15,12-01-2024,Apartment,15,522.71,"$181,197.22",Sold,C1971,01-12-2024,181197.22,346.6496145
150129,15,12-01-2024,Apartment,17,562.64,"$188,067.00",Sold,C1548,01-12-2024,188067,334.2581402
150136,15,12-01-2024,Apartment,17,562.64,"$181,983.18",Available,,01-12-2024,181983.18,323.4451514
150154,15,12-01-2024,Office,20,1662.01,"$527,912.18",Sold,C0039,01-12-2024,527912.18,317.6347796
150190,15,12-01-2024,Apartment,23,1279.23,"$374,108.25",Sold,C1267,01-12-2024,374108.25,292.4479961
150204,15,12-01-2024,Apartment,23,1279.23,"$373,202.64",Sold,C0925,01-12-2024,373202.64,291.7400624
150208,15,12-01-2024,Apartment,24,924.36,"$241,356.60",Sold,C1568,01-12-2024,241356.6,261.1067117
150212,15,12-01-2024,Office,24,924.36,"$283,751.00",Available,,01-12-2024,283751,306.970228
150226,15,12-01-2024,Apartment,26,961.01,"$276,181.48",Available,,01-12-2024,276181.48,287.3866869
150236,15,12-01-2024,Apartment,27,1437.97,"$352,435.83",Available,,01-12-2024,352435.83,245.0926167
150243,15,12-01-2024,Office,29,1748.18,"$568,008.79",Sold,C1121,01-12-2024,568008.79,324.9143624
150259,15,12-01-2024,Apartment,30,1523.22,"$394,401.98",Sold,C1372,01-12-2024,394401.98,258.9264716
150269,15,12-01-2024,Apartment,31,1901.65,"$483,089.44",Available,,01-12-2024,483089.44,254.0369889
150404,15,12-01-2024,Apartment,51,1689.08,"$543,106.45",Sold,C0551,01-12-2024,543106.45,321.5398027
150448,15,12-01-2024,Apartment,55,892.75,"$271,118.72",Sold,C0300,01-12-2024,271118.72,303.6894091
150450,15,12-01-2024,Office,55,892.75,"$301,393.71",Sold,C0270,01-12-2024,301393.71,337.6014674
150464,15,12-01-2024,Office,56,939.93,"$255,723.60",Sold,C0193,01-12-2024,255723.6,272.0666433
150470,15,12-01-2024,Apartment,57,429.34,"$125,572.05",Sold,C1672,01-12-2024,125572.05,292.4769414
150500,15,12-01-2024,Apartment,59,1286.47,"$381,719.77",Sold,C1329,01-12-2024,381719.77,296.7187498
150514,15,12-01-2024,Apartment,60,1033.2,"$309,389.23",Sold,C1818,01-12-2024,309389.23,299.4475707
160009,16,12-01-2024,Apartment,2,1388.75,"$400,540.86",Sold,C0749,01-12-2024,400540.86,288.418261
160010,16,12-01-2024,Apartment,2,1388.75,"$355,804.31",Sold,C0498,01-12-2024,355804.31,256.2047237
160029,16,12-01-2024,Apartment,4,1561.55,"$463,587.51",Available,,01-12-2024,463587.51,296.8765073
160137,16,12-01-2024,Apartment,16,1451.17,"$436,603.35",Sold,C0519,01-12-2024,436603.35,300.8629933
160145,16,12-01-2024,Apartment,18,1432.77,"$419,555.74",Sold,C0402,01-12-2024,419555.74,292.8283953
160151,16,12-01-2024,Apartment,19,1163.06,"$314,295.78",Sold,C0673,01-12-2024,314295.78,270.2317851
160167,16,12-01-2024,Apartment,21,837.95,"$260,759.58",Sold,C0524,01-12-2024,260759.58,311.1875172
160188,16,12-01-2024,Apartment,23,594.14,"$166,825.11",Available,,01-12-2024,166825.11,280.7841754
160202,16,12-01-2024,Apartment,25,853.37,"$262,709.90",Available,,01-12-2024,262709.9,307.8499361
160217,16,12-01-2024,Apartment,26,1458.08,"$471,348.92",Available,,01-12-2024,471348.92,323.2668441
160267,16,12-01-2024,Office,32,431.76,"$131,562.21",Sold,C1146,01-12-2024,131562.21,304.7114369
160271,16,12-01-2024,Apartment,33,881.17,"$263,447.22",Available,,01-12-2024,263447.22,298.9743409
160302,16,12-01-2024,Apartment,35,629.97,"$219,338.00",Available,,01-12-2024,219338,348.1721352
160305,16,12-01-2024,Apartment,35,629.97,"$182,607.12",Sold,C1002,01-12-2024,182607.12,289.8663746
160312,16,12-01-2024,Apartment,37,922.03,"$285,332.67",Sold,C0576,01-12-2024,285332.67,309.4613733
160318,16,12-01-2024,Apartment,38,431.83,"$130,514.41",Sold,C0616,01-12-2024,130514.41,302.2356251
160335,16,12-01-2024,Apartment,40,688.81,"$233,630.18",Sold,C0988,01-12-2024,233630.18,339.1794254
160379,16,12-01-2024,Apartment,44,1695.03,"$579,072.02",Sold,C0846,01-12-2024,579072.02,341.6293635
170045,17,12-01-2024,Office,5,1829.38,"$423,868.45",Sold,C0884,01-12-2024,423868.45,231.7006035
170073,17,12-01-2024,Apartment,9,1505.53,"$425,964.32",Sold,C0660,01-12-2024,425964.32,282.9331332
170102,17,12-01-2024,Apartment,12,451.91,"$129,987.09",Available,,01-12-2024,129987.09,287.6393308
170116,17,12-01-2024,Apartment,13,916.9,"$305,098.44",Sold,C0395,01-12-2024,305098.44,332.7499618
170136,17,12-01-2024,Office,15,1365.73,"$417,096.92",Sold,C0314,01-12-2024,417096.92,305.4021805
170170,17,12-01-2024,Apartment,17,1827.25,"$560,968.54",Sold,C1416,01-12-2024,560968.54,307.0015269
170180,17,12-01-2024,Apartment,20,792.27,"$276,688.99",Sold,C1025,01-12-2024,276688.99,349.2357277
170201,17,12-01-2024,Apartment,23,1025.52,"$330,602.94",Sold,C0918,01-12-2024,330602.94,322.3759069
170212,17,12-01-2024,Office,24,894.72,"$262,975.64",Available,,01-12-2024,262975.64,293.9194832
170244,17,12-01-2024,Apartment,27,677.24,"$187,719.53",Sold,C0448,01-12-2024,187719.53,277.1831699
170277,17,12-01-2024,Office,33,1532.89,"$434,121.60",Sold,C0162,01-12-2024,434121.6,283.2046657
170296,17,12-01-2024,Apartment,37,644.06,"$227,389.86",Sold,C0241,01-12-2024,227389.86,353.0569512
170303,17,12-01-2024,Apartment,38,721.83,"$244,736.09",Available,,01-12-2024,244736.09,339.0494853
170318,17,12-01-2024,Apartment,39,1341.67,"$415,809.78",Sold,C0500,01-12-2024,415809.78,309.9195629
170323,17,12-01-2024,Apartment,39,1341.67,"$399,182.83",Sold,C0986,01-12-2024,399182.83,297.526836
170335,17,12-01-2024,Apartment,41,1422.93,"$363,367.60",Sold,C0607,01-12-2024,363367.6,255.3657594
170373,17,12-01-2024,Office,46,1582.61,"$495,697.84",Sold,C0861,01-12-2024,495697.84,313.21541
170410,17,12-01-2024,Apartment,48,1833.96,"$610,364.02",Sold,C0879,01-12-2024,610364.02,332.8120679
170414,17,12-01-2024,Apartment,48,1833.96,"$561,574.14",Sold,C0305,01-12-2024,561574.14,306.2084996
170431,17,12-01-2024,Apartment,50,1392.01,"$413,894.32",Sold,C1081,01-12-2024,413894.32,297.3357375
170448,17,12-01-2024,Apartment,52,1742.3,"$567,471.58",Sold,C0982,01-12-2024,567471.58,325.7025656
180009,18,12-01-2024,Apartment,1,1379.64,"$377,504.51",Sold,C0858,01-12-2024,377504.51,273.6253733
180010,18,12-01-2024,Apartment,1,1379.64,"$419,346.92",Sold,C0717,01-12-2024,419346.92,303.953872
180013,18,12-01-2024,Office,2,650.96,"$212,599.63",Available,,01-12-2024,212599.63,326.5939996
180032,18,12-01-2024,Apartment,4,1096.58,"$400,375.74",Available,,01-12-2024,400375.74,365.1131153
180058,18,12-01-2024,Apartment,6,840.25,"$299,889.06",Available,,01-12-2024,299889.06,356.9045641
180117,18,12-01-2024,Apartment,16,1360.96,"$381,213.39",Sold,C0695,01-12-2024,381213.39,280.1062412
180149,18,12-01-2024,Apartment,20,1631.48,"$536,689.03",Available,,01-12-2024,536689.03,328.9583875
180155,18,12-01-2024,Apartment,21,1790.69,"$638,860.68",Available,,01-12-2024,638860.68,356.7678828
180156,18,12-01-2024,Apartment,21,1790.69,"$504,632.86",Available,,01-12-2024,504632.86,281.8091685
180291,18,12-01-2024,Apartment,36,1089.77,"$347,608.97",Sold,C1827,01-12-2024,347608.97,318.9746185
180307,18,12-01-2024,Apartment,36,1089.77,"$323,499.11",Sold,C1101,01-12-2024,323499.11,296.8508126
180335,18,12-01-2024,Apartment,38,1219.8,"$356,599.56",Available,,01-12-2024,356599.56,292.3426463
180361,18,12-01-2024,Apartment,40,990.46,"$311,777.53",Available,,01-12-2024,311777.53,314.7805363
180364,18,12-01-2024,Apartment,41,852.83,"$267,144.13",Sold,C1694,01-12-2024,267144.13,313.2442925
180380,18,12-01-2024,Office,42,1045.42,"$357,661.01",Sold,C1094,01-12-2024,357661.01,342.1218362
180382,18,12-01-2024,Apartment,43,937.7,"$254,439.10",Sold,C0696,01-12-2024,254439.1,271.34382
180400,18,12-01-2024,Office,45,1627.52,"$575,967.88",Sold,C1284,01-12-2024,575967.88,353.892966
180436,18,12-01-2024,Apartment,49,1457.92,"$444,915.47",Available,,01-12-2024,444915.47,305.171388
180451,18,12-01-2024,Apartment,51,1527.31,"$477,444.00",Sold,C1271,01-12-2024,477444,312.6045138
180461,18,12-01-2024,Apartment,52,1424.54,"$412,200.04",Sold,C0069,01-12-2024,412200.04,289.3565923
180486,18,12-01-2024,Apartment,54,1756.12,"$559,177.67",Sold,C1529,01-12-2024,559177.67,318.416549
180539,18,12-01-2024,Apartment,61,1019.7,"$312,674.39",Sold,C1684,01-12-2024,312674.39,306.633706
180552,18,12-01-2024,Apartment,64,893.66,"$227,339.25",Available,,01-12-2024,227339.25,254.3912114
180553,18,12-01-2024,Apartment,64,893.66,"$208,140.68",Sold,C0198,01-12-2024,208140.68,232.9081306
180559,18,12-01-2024,Apartment,66,1631.24,"$483,647.09",Sold,C1890,01-12-2024,483647.09,296.4904551
180571,18,12-01-2024,Apartment,66,1631.24,"$501,575.25",Sold,C0247,01-12-2024,501575.25,307.4809654
180577,18,12-01-2024,Apartment,66,1631.24,"$412,683.22",Sold,C1541,01-12-2024,412683.22,252.9874329
180578,18,12-01-2024,Apartment,66,1631.24,"$452,777.15",Sold,C1484,01-12-2024,452777.15,277.566238
190016,19,12-01-2024,Apartment,4,1225.38,"$344,641.40",Sold,C0050,01-12-2024,344641.4,281.2526726
190019,19,12-01-2024,Apartment,4,1225.38,"$327,077.64",Sold,C0853,01-12-2024,327077.64,266.9193556
190075,19,12-01-2024,Apartment,11,1869.93,"$585,167.95",Sold,C0421,01-12-2024,585167.95,312.9357516
190092,19,12-01-2024,Apartment,13,766.61,"$255,608.63",Sold,C0960,01-12-2024,255608.63,333.4272055
190104,19,12-01-2024,Apartment,14,630.47,"$205,486.74",Sold,C1316,01-12-2024,205486.74,325.9262772
190124,19,12-01-2024,Apartment,17,574.75,"$175,749.34",Sold,C0951,01-12-2024,175749.34,305.7839756
190129,19,12-01-2024,Apartment,18,1599.44,"$521,125.08",Sold,C0321,01-12-2024,521125.08,325.817211
190142,19,12-01-2024,Apartment,19,1697.73,"$491,253.25",Sold,C0261,01-12-2024,491253.25,289.3588792
190143,19,12-01-2024,Apartment,19,1697.73,"$487,600.08",Sold,C1227,01-12-2024,487600.08,287.2070824
190160,19,12-01-2024,Apartment,20,1772.03,"$459,381.05",Sold,C0840,01-12-2024,459381.05,259.2399959
190172,19,12-01-2024,Apartment,21,477.75,"$151,362.59",Available,,01-12-2024,151362.59,316.8238409
190177,19,12-01-2024,Apartment,22,935.25,"$298,017.54",Sold,C1168,01-12-2024,298017.54,318.6501363
190200,19,12-01-2024,Apartment,24,620.51,"$206,458.43",Available,,01-12-2024,206458.43,332.7237756
190201,19,12-01-2024,Apartment,25,996.38,"$289,350.19",Sold,C0473,01-12-2024,289350.19,290.4014432
190217,19,12-01-2024,Office,26,668.24,"$199,931.08",Sold,C0008,01-12-2024,199931.08,299.1905303
190221,19,12-01-2024,Apartment,26,668.24,"$199,853.80",Sold,C0090,01-12-2024,199853.8,299.0748833
190235,19,12-01-2024,Apartment,28,1599.78,"$566,395.41",Sold,C1032,01-12-2024,566395.41,354.0458125
190245,19,12-01-2024,Apartment,29,1657.84,"$473,439.56",Sold,C0539,01-12-2024,473439.56,285.5761473
190258,19,12-01-2024,Apartment,29,1657.84,"$477,048.94",Sold,C1328,01-12-2024,477048.94,287.7533055
190292,19,12-01-2024,Apartment,34,783.42,"$259,829.62",Sold,C0173,01-12-2024,259829.62,331.6606929
190297,19,12-01-2024,Apartment,35,1099.62,"$435,759.96",Available,,01-12-2024,435759.96,396.2823157
190305,19,12-01-2024,Apartment,37,1565.26,"$458,129.19",Sold,C0464,01-12-2024,458129.19,292.6856816
190323,19,12-01-2024,Apartment,39,1237.04,"$363,695.77",Sold,C0891,01-12-2024,363695.77,294.0048584
190329,19,12-01-2024,Apartment,39,1237.04,"$344,804.54",Available,,01-12-2024,344804.54,278.7335414
190334,19,12-01-2024,Apartment,40,893.49,"$225,808.71",Sold,C0514,01-12-2024,225808.71,252.7266226
190337,19,12-01-2024,Apartment,40,893.49,"$283,267.47",Sold,C1218,01-12-2024,283267.47,317.0348521
190344,19,12-01-2024,Apartment,40,893.49,"$264,363.94",Sold,C0691,01-12-2024,264363.94,295.8778945
190357,19,12-01-2024,Apartment,42,1137.59,"$340,542.60",Sold,C1991,01-12-2024,340542.6,299.3544247
190365,19,12-01-2024,Apartment,42,1137.59,"$316,898.28",Sold,C0605,01-12-2024,316898.28,278.5698538
190371,19,12-01-2024,Apartment,42,1137.59,"$354,756.38",Sold,C0284,01-12-2024,354756.38,311.8490669
190399,19,12-01-2024,Apartment,46,1926.19,"$577,630.33",Sold,C1920,01-12-2024,577630.33,299.8823221
200018,20,12-01-2024,Office,1,1898.39,"$699,865.87",Available,,01-12-2024,699865.87,368.6628512
200022,20,12-01-2024,Apartment,2,1669.84,"$594,550.99",Available,,01-12-2024,594550.99,356.0526697
200028,20,12-01-2024,Office,3,1645.93,"$509,367.59",Sold,C1531,01-12-2024,509367.59,309.4709921
200107,20,12-01-2024,Apartment,14,837.37,"$252,186.35",Sold,C1997,01-12-2024,252186.35,301.1647778
200114,20,12-01-2024,Apartment,15,1805.12,"$470,809.32",Sold,C0966,01-12-2024,470809.32,260.8188486
200140,20,12-01-2024,Apartment,17,1089.33,"$285,954.40",Sold,C1566,01-12-2024,285954.4,262.5048424
200166,20,12-01-2024,Apartment,18,1868.01,"$541,416.84",Sold,C1260,01-12-2024,541416.84,289.8361572
200173,20,12-01-2024,Apartment,19,759.72,"$232,129.93",Sold,C0939,01-12-2024,232129.93,305.5466883
200176,20,12-01-2024,Apartment,19,759.72,"$225,648.44",Available,,01-12-2024,225648.44,297.0152688
200193,20,12-01-2024,Apartment,22,460.81,"$146,612.19",Sold,C1173,01-12-2024,146612.19,318.1619105
200202,20,12-01-2024,Apartment,24,1188.07,"$394,828.55",Sold,C1030,01-12-2024,394828.55,332.3276827
200205,20,12-01-2024,Apartment,25,780.74,"$244,512.28",Sold,C0221,01-12-2024,244512.28,313.1801624
200211,20,12-01-2024,Apartment,26,1941.62,"$532,651.76",Sold,C1423,01-12-2024,532651.76,274.3336801
200213,20,12-01-2024,Apartment,26,1941.62,"$502,440.47",Sold,C0409,01-12-2024,502440.47,258.7738435
200291,20,12-01-2024,Apartment,32,1630.81,"$462,356.44",Sold,C0866,01-12-2024,462356.44,283.5133707
200295,20,12-01-2024,Apartment,33,630.53,"$218,348.87",Sold,C1855,01-12-2024,218348.87,346.2941811
200312,20,12-01-2024,Office,34,858.93,"$312,624.46",Sold,C0754,01-12-2024,312624.46,363.9696599
200320,20,12-01-2024,Apartment,34,858.93,"$244,324.93",Sold,C0406,01-12-2024,244324.93,284.4526679
200323,20,12-01-2024,Apartment,36,1484.99,"$467,621.17",Sold,C0348,01-12-2024,467621.17,314.8985313
200349,20,12-01-2024,Apartment,38,1499.47,"$387,376.74",Sold,C0028,01-12-2024,387376.74,258.342441
200402,20,12-01-2024,Apartment,46,1227.49,"$356,609.27",Sold,C1686,01-12-2024,356609.27,290.5190837
200433,20,12-01-2024,Apartment,48,860.8,"$236,640.56",Available,,01-12-2024,236640.56,274.9077138
200451,20,12-01-2024,Apartment,51,1062.33,"$334,718.74",Sold,C1096,01-12-2024,334718.74,315.0798151
200482,20,12-01-2024,Apartment,54,589.61,"$148,198.24",Sold,C0379,01-12-2024,148198.24,251.349604
200485,20,12-01-2024,Apartment,56,1333.01,"$343,595.19",Sold,C1214,01-12-2024,343595.19,257.758899
200486,20,12-01-2024,Apartment,56,1333.01,"$373,874.21",Sold,C0370,01-12-2024,373874.21,280.4736724
200500,20,12-01-2024,Office,58,1208.52,"$384,992.37",Sold,C0095,01-12-2024,384992.37,318.5651623
990008,3,12-01-2024,Apartment,7,720.38,"$216,552.71",Available,,01-12-2024,216552.71,300.608998
990021,5,12-01-2024,Apartment,30,1057.92,"$351,304.58",Available,,01-12-2024,351304.58,332.0710262
1002,1,01-01-2025,Office,2,1238.58,"$410,932.67",Sold,C0102,01-01-2025,410932.67,331.777253
1033,1,01-01-2025,Apartment,33,1434.09,"$412,856.56",Sold,C0025,01-01-2025,412856.56,287.8874827
2001,2,01-01-2025,Apartment,1,587.28,"$169,158.29",Sold,C0014,01-01-2025,169158.29,288.0368649
3019,3,01-01-2025,Apartment,19,680.57,"$230,154.53",Sold,C0118,01-01-2025,230154.53,338.1790705
4020,4,01-01-2025,Apartment,20,1611.85,"$498,994.03",Available,,01-01-2025,498994.03,309.5784533
4023,4,01-01-2025,Apartment,23,794.52,"$235,633.26",Sold,C0158,01-01-2025,235633.26,296.5731007
4025,4,01-01-2025,Apartment,25,733.19,"$236,608.95",Sold,C0007,01-01-2025,236608.95,322.7116436
10017,1,01-01-2025,Apartment,3,788.73,"$285,152.79",Available,,01-01-2025,285152.79,361.5340991
10045,1,01-01-2025,Apartment,5,753.87,"$226,602.24",Sold,C1305,01-01-2025,226602.24,300.5852999
10050,1,01-01-2025,Office,6,740.75,"$236,641.59",Available,,01-01-2025,236641.59,319.4621532
10075,1,01-01-2025,Apartment,10,1439.52,"$421,479.88",Sold,C0509,01-01-2025,421479.88,292.7919584
10097,1,01-01-2025,Apartment,13,719.47,"$205,329.68",Sold,C1080,01-01-2025,205329.68,285.39019
10142,1,01-01-2025,Apartment,18,716.85,"$187,240.43",Available,,01-01-2025,187240.43,261.198898
10154,1,01-01-2025,Apartment,20,1146.24,"$342,738.34",Available,,01-01-2025,342738.34,299.010975
10163,1,01-01-2025,Office,20,1146.24,"$286,502.53",Available,,01-01-2025,286502.53,249.9498622
10196,1,01-01-2025,Apartment,23,1201.5,"$369,648.47",Available,,01-01-2025,369648.47,307.6558219
10205,1,01-01-2025,Apartment,24,1146.11,"$372,663.50",Available,,01-01-2025,372663.5,325.1550898
10226,1,01-01-2025,Apartment,26,828.98,"$302,468.70",Sold,C0186,01-01-2025,302468.7,364.8685131
10245,1,01-01-2025,Office,29,757.2,"$277,875.52",Sold,C1160,01-01-2025,277875.52,366.9777073
10265,1,01-01-2025,Apartment,29,757.2,"$267,927.55",Available,,01-01-2025,267927.55,353.8398706
10304,1,01-01-2025,Apartment,32,800.77,"$228,154.68",Sold,C0668,01-01-2025,228154.68,284.9191154
10327,1,01-01-2025,Apartment,35,1168.59,"$310,562.19",Sold,C0120,01-01-2025,310562.19,265.7580417
10348,1,01-01-2025,Apartment,37,758.3,"$240,860.60",Sold,C1503,01-01-2025,240860.6,317.6323355
10350,1,01-01-2025,Apartment,38,1355.85,"$474,858.86",Sold,C0746,01-01-2025,474858.86,350.2296419
10420,1,01-01-2025,Apartment,49,629.24,"$184,627.23",Available,,01-01-2025,184627.23,293.4130538
20015,2,01-01-2025,Apartment,2,788.72,"$267,893.43",Sold,C1605,01-01-2025,267893.43,339.6559362
20141,2,01-01-2025,Office,17,1397.4,"$474,237.35",Sold,C1013,01-01-2025,474237.35,339.3712251
20165,2,01-01-2025,Office,19,795.52,"$254,773.64",Sold,C1951,01-01-2025,254773.64,320.2605088
20177,2,01-01-2025,Apartment,20,727.55,"$218,055.03",Sold,C1392,01-01-2025,218055.03,299.7114013
20214,2,01-01-2025,Apartment,24,785.12,"$237,035.97",Sold,C1330,01-01-2025,237035.97,301.9104978
20372,2,01-01-2025,Apartment,44,580.26,"$188,055.47",Sold,C1850,01-01-2025,188055.47,324.088288
20415,2,01-01-2025,Apartment,47,708.32,"$214,449.87",Sold,C0047,01-01-2025,214449.87,302.7584566
20456,2,01-01-2025,Apartment,54,924.4,"$268,881.64",Sold,C1843,01-01-2025,268881.64,290.8715275
20460,2,01-01-2025,Apartment,54,924.4,"$282,193.58",Sold,C1989,01-01-2025,282193.58,305.2721549
20476,2,01-01-2025,Office,55,579.26,"$136,944.18",Sold,C1552,01-01-2025,136944.18,236.4122846
30086,3,01-01-2025,Apartment,8,1152.39,"$337,354.39",Available,,01-01-2025,337354.39,292.7432466
30136,3,01-01-2025,Apartment,13,754.84,"$221,376.35",Sold,C0874,01-01-2025,221376.35,293.2758598
30191,3,01-01-2025,Apartment,21,1122.15,"$378,433.14",Available,,01-01-2025,378433.14,337.239353
30198,3,01-01-2025,Apartment,21,1122.15,"$325,454.57",Sold,C1923,01-01-2025,325454.57,290.0276879
30234,3,01-01-2025,Apartment,27,1117.14,"$395,854.74",Sold,C1445,01-01-2025,395854.74,354.3465814
30244,3,01-01-2025,Apartment,28,679.93,"$207,951.17",Sold,C0563,01-01-2025,207951.17,305.8420279
30247,3,01-01-2025,Apartment,28,679.93,"$214,175.32",Sold,C0406,01-01-2025,214175.32,314.996132
30252,3,01-01-2025,Apartment,28,679.93,"$225,228.02",Sold,C0197,01-01-2025,225228.02,331.2517759
30281,3,01-01-2025,Apartment,32,777.85,"$244,977.74",Sold,C0084,01-01-2025,244977.74,314.9421354
30348,3,01-01-2025,Apartment,42,1343.96,"$406,705.44",Sold,C0544,01-01-2025,406705.44,302.6172208
30384,3,01-01-2025,Apartment,47,691.09,"$202,725.25",Sold,C1576,01-01-2025,202725.25,293.3413159
30387,3,01-01-2025,Apartment,47,691.09,"$204,994.87",Sold,C0103,01-01-2025,204994.87,296.6254323
30406,3,01-01-2025,Apartment,49,1174.48,"$325,999.89",Sold,C1404,01-01-2025,325999.89,277.5695542
30407,3,01-01-2025,Apartment,49,1174.48,"$385,011.74",Sold,C0542,01-01-2025,385011.74,327.8146414
30419,3,01-01-2025,Apartment,49,1174.48,"$338,313.48",Sold,C1820,01-01-2025,338313.48,288.0538451
30458,3,01-01-2025,Apartment,54,787.64,"$247,736.87",Sold,C1140,01-01-2025,247736.87,314.530585
30465,3,01-01-2025,Apartment,56,1179.42,"$390,678.42",Sold,C1178,01-01-2025,390678.42,331.2462227
30476,3,01-01-2025,Apartment,56,1179.42,"$352,620.85",Available,,01-01-2025,352620.85,298.9781842
30478,3,01-01-2025,Apartment,56,1179.42,"$396,573.07",Sold,C1268,01-01-2025,396573.07,336.2441454
30495,3,01-01-2025,Apartment,58,1588.14,"$468,351.84",Available,,01-01-2025,468351.84,294.9058899
40041,4,01-01-2025,Apartment,4,783.03,"$280,086.40",Sold,C1717,01-01-2025,280086.4,357.6956183
40045,4,01-01-2025,Apartment,5,786.98,"$239,134.14",Sold,C0397,01-01-2025,239134.14,303.8630461
40055,4,01-01-2025,Apartment,5,786.98,"$251,404.16",Sold,C0349,01-01-2025,251404.16,319.454319
40077,4,01-01-2025,Apartment,10,1614.62,"$500,013.28",Sold,C1049,01-01-2025,500013.28,309.6786117
40217,4,01-01-2025,Apartment,26,790.05,"$248,127.36",Sold,C1072,01-01-2025,248127.36,314.0653883
40225,4,01-01-2025,Apartment,26,790.05,"$238,107.01",Sold,C0410,01-01-2025,238107.01,301.3822037
40310,4,01-01-2025,Apartment,37,800.13,"$225,340.35",Available,,01-01-2025,225340.35,281.6296727
40311,4,01-01-2025,Apartment,37,800.13,"$200,713.96",Available,,01-01-2025,200713.96,250.8516866
40316,4,01-01-2025,Apartment,39,743.73,"$231,799.35",Sold,C1581,01-01-2025,231799.35,311.6713727
40321,4,01-01-2025,Apartment,39,743.73,"$255,069.28",Sold,C0917,01-01-2025,255069.28,342.9595149
40364,4,01-01-2025,Apartment,43,1616.99,"$531,552.36",Available,,01-01-2025,531552.36,328.7295283
50022,5,01-01-2025,Apartment,4,799.1,"$229,209.92",Sold,C1443,01-01-2025,229209.92,286.8350895
50060,5,01-01-2025,Office,9,793.56,"$241,777.75",Sold,C0741,01-01-2025,241777.75,304.6748198
50062,5,01-01-2025,Apartment,9,793.56,"$245,523.79",Sold,C1349,01-01-2025,245523.79,309.3953702
50100,5,01-01-2025,Apartment,12,787.5,"$208,063.37",Sold,C1055,01-01-2025,208063.37,264.207454
50134,5,01-01-2025,Office,17,798.74,"$232,448.63",Sold,C1747,01-01-2025,232448.63,291.0191426
50165,5,01-01-2025,Apartment,22,1059.78,"$344,895.35",Sold,C1373,01-01-2025,344895.35,325.440516
50166,5,01-01-2025,Apartment,22,1059.78,"$306,962.07",Sold,C1449,01-01-2025,306962.07,289.6469739
50176,5,01-01-2025,Apartment,23,1006.65,"$324,753.38",Available,,01-01-2025,324753.38,322.6080366
50188,5,01-01-2025,Apartment,24,807.02,"$260,912.82",Sold,C0652,01-01-2025,260912.82,323.3040321
50222,5,01-01-2025,Apartment,29,786.28,"$231,969.34",Available,,01-01-2025,231969.34,295.0212901
50266,5,01-01-2025,Apartment,35,605.55,"$197,165.85",Sold,C1598,01-01-2025,197165.85,325.5979688
50377,5,01-01-2025,Apartment,46,1272.95,"$327,517.83",Sold,C1206,01-01-2025,327517.83,257.290412
50388,5,01-01-2025,Apartment,46,1272.95,"$363,708.24",Sold,C0033,01-01-2025,363708.24,285.7207589
50390,5,01-01-2025,Apartment,46,1272.95,"$359,443.76",Available,,01-01-2025,359443.76,282.3706823
50414,5,01-01-2025,Office,47,1241.14,"$354,546.23",Sold,C0395,01-01-2025,354546.23,285.6617545
60048,6,01-01-2025,Apartment,4,1925.28,"$521,054.42",Sold,C1356,01-01-2025,521054.42,270.6382552
60056,6,01-01-2025,Apartment,5,1617.43,"$521,703.52",Sold,C0220,01-01-2025,521703.52,322.550911
60061,6,01-01-2025,Apartment,5,1617.43,"$573,660.29",Sold,C1650,01-01-2025,573660.29,354.6739519
60072,6,01-01-2025,Apartment,7,1075.42,"$317,822.29",Sold,C1797,01-01-2025,317822.29,295.5331777
60098,6,01-01-2025,Apartment,7,1075.42,"$316,514.21",Sold,C0375,01-01-2025,316514.21,294.3168344
60136,6,01-01-2025,Apartment,11,1719.85,"$602,654.49",Sold,C1424,01-01-2025,602654.49,350.4110765
60173,6,01-01-2025,Apartment,15,1392.45,"$482,685.96",Sold,C1914,01-01-2025,482685.96,346.6450932
60189,6,01-01-2025,Apartment,19,1542.71,"$389,622.67",Sold,C1354,01-01-2025,389622.67,252.5572985
60207,6,01-01-2025,Apartment,20,1897.17,"$530,773.97",Sold,C0861,01-01-2025,530773.97,279.7714332
60250,6,01-01-2025,Apartment,25,1086.43,"$339,531.13",Sold,C0836,01-01-2025,339531.13,312.5200243
60276,6,01-01-2025,Apartment,30,552.59,"$159,939.07",Sold,C0158,01-01-2025,159939.07,289.4353318
60358,6,01-01-2025,Apartment,41,940.72,"$322,598.15",Sold,C1559,01-01-2025,322598.15,342.9268539
60384,6,01-01-2025,Apartment,43,1492.81,"$475,627.51",Available,,01-01-2025,475627.51,318.6122212
60424,6,01-01-2025,Apartment,51,1476.63,"$402,848.90",Sold,C1041,01-01-2025,402848.9,272.816413
70030,7,01-01-2025,Apartment,5,1144.09,"$349,604.45",Available,,01-01-2025,349604.45,305.5742555
70101,7,01-01-2025,Office,13,604.6,"$172,730.12",Sold,C1420,01-01-2025,172730.12,285.6932187
70103,7,01-01-2025,Apartment,13,604.6,"$168,102.17",Sold,C1759,01-01-2025,168102.17,278.0386537
70110,7,01-01-2025,Apartment,15,602.92,"$183,532.39",Available,,01-01-2025,183532.39,304.4058747
70118,7,01-01-2025,Apartment,15,602.92,"$197,392.19",Sold,C1052,01-01-2025,197392.19,327.3936675
70133,7,01-01-2025,Apartment,16,1239.87,"$392,998.19",Sold,C1238,01-01-2025,392998.19,316.9672546
70148,7,01-01-2025,Apartment,18,703.28,"$237,741.19",Sold,C1931,01-01-2025,237741.19,338.0462831
70219,7,01-01-2025,Apartment,24,852.99,"$291,299.93",Sold,C1183,01-01-2025,291299.93,341.5045077
70228,7,01-01-2025,Apartment,25,573.8,"$181,396.76",Sold,C0027,01-01-2025,181396.76,316.1323806
70234,7,01-01-2025,Apartment,26,717,"$175,221.24",Sold,C1653,01-01-2025,175221.24,244.3810879
70254,7,01-01-2025,Apartment,28,694.55,"$189,255.74",Available,,01-01-2025,189255.74,272.4868476
70335,7,01-01-2025,Apartment,40,1138.18,"$349,106.37",Sold,C0587,01-01-2025,349106.37,306.723339
70341,7,01-01-2025,Apartment,41,1093.92,"$330,897.08",Sold,C1669,01-01-2025,330897.08,302.4874579
70342,7,01-01-2025,Apartment,41,1093.92,"$282,085.85",Sold,C0161,01-01-2025,282085.85,257.866983
70374,7,01-01-2025,Apartment,43,498.61,"$164,944.49",Sold,C0198,01-01-2025,164944.49,330.808628
70376,7,01-01-2025,Apartment,43,498.61,"$148,232.84",Available,,01-01-2025,148232.84,297.2921522
70413,7,01-01-2025,Apartment,48,533.35,"$157,806.81",Sold,C1289,01-01-2025,157806.81,295.8785225
70417,7,01-01-2025,Apartment,49,1383.05,"$434,807.71",Available,,01-01-2025,434807.71,314.3832182
70438,7,01-01-2025,Apartment,51,648.27,"$214,948.78",Sold,C1871,01-01-2025,214948.78,331.5729249
70450,7,01-01-2025,Office,54,1940.69,"$550,949.39",Sold,C0136,01-01-2025,550949.39,283.8935585
70501,7,01-01-2025,Office,58,1629.83,"$464,148.93",Sold,C1610,01-01-2025,464148.93,284.7836461
70516,7,01-01-2025,Office,60,1219.54,"$334,261.40",Available,,01-01-2025,334261.4,274.0880988
80015,8,01-01-2025,Apartment,2,1097.36,"$363,064.89",Sold,C0198,01-01-2025,363064.89,330.8530382
80050,8,01-01-2025,Apartment,5,887.23,"$296,098.37",Sold,C0911,01-01-2025,296098.37,333.7334964
80082,8,01-01-2025,Apartment,9,1869.81,"$567,459.84",Sold,C1275,01-01-2025,567459.84,303.4852953
80149,8,01-01-2025,Apartment,19,865.63,"$244,406.00",Sold,C0574,01-01-2025,244406,282.3446507
80204,8,01-01-2025,Office,28,1431.61,"$389,141.48",Sold,C0163,01-01-2025,389141.48,271.820873
80233,8,01-01-2025,Apartment,30,1070.46,"$318,391.04",Available,,01-01-2025,318391.04,297.4338509
80261,8,01-01-2025,Apartment,31,1253.18,"$375,272.42",Sold,C1319,01-01-2025,375272.42,299.4561196
80278,8,01-01-2025,Apartment,33,1809.87,"$580,646.02",Available,,01-01-2025,580646.02,320.8219485
80318,8,01-01-2025,Apartment,37,890.65,"$282,175.27",Sold,C0537,01-01-2025,282175.27,316.8194802
90121,9,01-01-2025,Apartment,18,860.97,"$244,266.24",Sold,C0011,01-01-2025,244266.24,283.7105126
90235,9,01-01-2025,Apartment,33,973.52,"$306,463.10",Available,,01-01-2025,306463.1,314.7989769
90258,9,01-01-2025,Apartment,34,1577.36,"$437,298.41",Available,,01-01-2025,437298.41,277.2343726
90287,9,01-01-2025,Apartment,36,1582.79,"$502,456.39",Sold,C0123,01-01-2025,502456.39,317.4498133
90297,9,01-01-2025,Apartment,36,1582.79,"$434,288.76",Sold,C1639,01-01-2025,434288.76,274.3817942
90306,9,01-01-2025,Apartment,38,1260.31,"$409,323.23",Sold,C1210,01-01-2025,409323.23,324.7798002
90348,9,01-01-2025,Apartment,41,1488.32,"$433,230.74",Sold,C1540,01-01-2025,433230.74,291.0870915
90367,9,01-01-2025,Apartment,44,1351.57,"$370,487.95",Available,,01-01-2025,370487.95,274.1167309
90368,9,01-01-2025,Apartment,44,1351.57,"$398,764.96",Available,,01-01-2025,398764.96,295.0383332
90379,9,01-01-2025,Office,44,1351.57,"$463,860.46",Sold,C0508,01-01-2025,463860.46,343.2012104
90394,9,01-01-2025,Apartment,47,1262.78,"$354,323.80",Sold,C1342,01-01-2025,354323.8,280.5902849
90413,9,01-01-2025,Apartment,53,599.72,"$199,212.53",Available,,01-01-2025,199212.53,332.1758988
90425,9,01-01-2025,Apartment,53,599.72,"$159,920.20",Sold,C0365,01-01-2025,159920.2,266.6581071
90451,9,01-01-2025,Office,56,1516.4,"$570,859.46",Sold,C1568,01-01-2025,570859.46,376.457043
90476,9,01-01-2025,Apartment,58,838.34,"$242,986.14",Sold,C0645,01-01-2025,242986.14,289.8419973
90517,9,01-01-2025,Apartment,59,1697.13,"$522,341.36",Available,,01-01-2025,522341.36,307.7792273
100055,10,01-01-2025,Apartment,6,842.66,"$256,100.46",Sold,C0195,01-01-2025,256100.46,303.9190895
100067,10,01-01-2025,Office,9,1849.4,"$561,351.99",Sold,C0832,01-01-2025,561351.99,303.5319509
100095,10,01-01-2025,Apartment,11,1675.44,"$510,194.12",Sold,C0332,01-01-2025,510194.12,304.5135129
100101,10,01-01-2025,Apartment,12,852.74,"$271,729.26",Sold,C0930,01-01-2025,271729.26,318.6542909
100167,10,01-01-2025,Office,22,1116.68,"$285,833.85",Sold,C0193,01-01-2025,285833.85,255.9675556
100222,10,01-01-2025,Apartment,27,777.35,"$213,904.67",Available,,01-01-2025,213904.67,275.1716344
100301,10,01-01-2025,Apartment,35,1675.74,"$543,673.09",Sold,C1942,01-01-2025,543673.09,324.4376156
100349,10,01-01-2025,Apartment,42,1757.51,"$535,002.72",Sold,C0187,01-01-2025,535002.72,304.4094884
100356,10,01-01-2025,Apartment,43,1093.67,"$331,504.20",Sold,C1115,01-01-2025,331504.2,303.1117247
100372,10,01-01-2025,Apartment,43,1093.67,"$282,078.89",Sold,C1738,01-01-2025,282078.89,257.9195644
100396,10,01-01-2025,Apartment,46,1525.34,"$434,337.24",Sold,C1514,01-01-2025,434337.24,284.7478202
110033,11,01-01-2025,Office,4,1414.25,"$381,879.40",Sold,C0313,01-01-2025,381879.4,270.0225561
110036,11,01-01-2025,Office,4,1414.25,"$446,236.57",Sold,C0135,01-01-2025,446236.57,315.528775
110048,11,01-01-2025,Apartment,6,1724.08,"$585,004.16",Sold,C1186,01-01-2025,585004.16,339.3138137
110050,11,01-01-2025,Apartment,6,1724.08,"$516,397.54",Sold,C0012,01-01-2025,516397.54,299.5206371
110067,11,01-01-2025,Apartment,8,1001.41,"$279,379.41",Sold,C0577,01-01-2025,279379.41,278.9860397
110073,11,01-01-2025,Apartment,8,1001.41,"$283,671.40",Sold,C0967,01-01-2025,283671.4,283.2719865
110089,11,01-01-2025,Office,10,1519.64,"$527,746.08",Sold,C0768,01-01-2025,527746.08,347.2836198
110120,11,01-01-2025,Office,13,474.93,"$161,687.29",Available,,01-01-2025,161687.29,340.4444655
110166,11,01-01-2025,Apartment,18,1562.55,"$449,725.17",Sold,C0789,01-01-2025,449725.17,287.8148987
110221,11,01-01-2025,Apartment,27,1638.1,"$418,232.26",Available,,01-01-2025,418232.26,255.315463
110224,11,01-01-2025,Apartment,27,1638.1,"$529,761.19",Sold,C0472,01-01-2025,529761.19,323.3997863
110242,11,01-01-2025,Apartment,29,993.51,"$307,831.28",Sold,C0181,01-01-2025,307831.28,309.8421556
110284,11,01-01-2025,Office,34,680.07,"$191,273.75",Sold,C0582,01-01-2025,191273.75,281.2559736
110306,11,01-01-2025,Apartment,37,1368.16,"$375,698.11",Sold,C0130,01-01-2025,375698.11,274.6010043
110311,11,01-01-2025,Apartment,38,788.47,"$217,061.60",Available,,01-01-2025,217061.6,275.2946846
110427,11,01-01-2025,Apartment,50,948.72,"$237,505.20",Sold,C1609,01-01-2025,237505.2,250.3427776
110472,11,01-01-2025,Apartment,56,724.8,"$203,988.37",Available,,01-01-2025,203988.37,281.4409078
110523,11,01-01-2025,Apartment,62,1938.82,"$611,138.02",Available,,01-01-2025,611138.02,315.2113244
110524,11,01-01-2025,Apartment,62,1938.82,"$523,101.86",Sold,C0715,01-01-2025,523101.86,269.8042418
110541,11,01-01-2025,Office,62,1938.82,"$693,830.82",Sold,C1354,01-01-2025,693830.82,357.8624215
120032,12,01-01-2025,Apartment,3,1469.27,"$445,260.24",Sold,C0683,01-01-2025,445260.24,303.048616
120050,12,01-01-2025,Apartment,5,495.04,"$148,566.34",Sold,C0621,01-01-2025,148566.34,300.1097689
120052,12,01-01-2025,Apartment,5,495.04,"$164,106.72",Available,,01-01-2025,164106.72,331.5019392
120064,12,01-01-2025,Apartment,8,1803.36,"$526,401.55",Sold,C1453,01-01-2025,526401.55,291.9004248
120079,12,01-01-2025,Apartment,9,857.88,"$268,688.51",Sold,C1381,01-01-2025,268688.51,313.2005758
120116,12,01-01-2025,Apartment,14,1369.96,"$381,173.34",Sold,C0152,01-01-2025,381173.34,278.236839
120127,12,01-01-2025,Apartment,15,1456.98,"$477,616.00",Available,,01-01-2025,477616,327.8123241
120151,12,01-01-2025,Apartment,17,1428.55,"$450,975.70",Available,,01-01-2025,450975.7,315.6877253
120165,12,01-01-2025,Apartment,18,1702.66,"$417,251.87",Sold,C0322,01-01-2025,417251.87,245.0588315
120187,12,01-01-2025,Apartment,20,1802.21,"$450,541.60",Sold,C0670,01-01-2025,450541.6,249.9939519
120190,12,01-01-2025,Apartment,22,892.67,"$286,110.52",Sold,C0695,01-01-2025,286110.52,320.5109615
120195,12,01-01-2025,Apartment,22,892.67,"$304,758.75",Sold,C0483,01-01-2025,304758.75,341.4013577
120221,12,01-01-2025,Apartment,24,1306.75,"$437,978.56",Sold,C0702,01-01-2025,437978.56,335.1662981
120226,12,01-01-2025,Apartment,24,1306.75,"$421,012.83",Available,,01-01-2025,421012.83,322.183149
120262,12,01-01-2025,Apartment,27,871.52,"$281,637.63",Sold,C1782,01-01-2025,281637.63,323.156818
120277,12,01-01-2025,Apartment,30,622.2,"$216,541.46",Sold,C0209,01-01-2025,216541.46,348.0254902
120282,12,01-01-2025,Apartment,30,622.2,"$234,791.28",Sold,C1008,01-01-2025,234791.28,377.3566056
120293,12,01-01-2025,Apartment,33,1232.2,"$364,975.55",Sold,C0632,01-01-2025,364975.55,296.1983038
120300,12,01-01-2025,Apartment,34,1817.64,"$600,821.21",Sold,C0394,01-01-2025,600821.21,330.5501695
120332,12,01-01-2025,Apartment,35,1690.62,"$536,210.24",Sold,C0351,01-01-2025,536210.24,317.1678083
120338,12,01-01-2025,Apartment,37,1681.78,"$463,430.97",Sold,C1431,01-01-2025,463430.97,275.5598057
120344,12,01-01-2025,Apartment,38,1157.23,"$319,615.17",Sold,C1351,01-01-2025,319615.17,276.1898413
120345,12,01-01-2025,Apartment,38,1157.23,"$334,438.68",Sold,C0194,01-01-2025,334438.68,288.9993173
120389,12,01-01-2025,Apartment,45,1898.75,"$524,988.70",Sold,C1238,01-01-2025,524988.7,276.4917446
120401,12,01-01-2025,Apartment,47,1528.05,"$483,527.37",Available,,01-01-2025,483527.37,316.4342594
130057,13,01-01-2025,Office,5,441.3,"$135,427.72",Sold,C1259,01-01-2025,135427.72,306.8835713
130062,13,01-01-2025,Apartment,6,1240.96,"$273,011.20",Sold,C1966,01-01-2025,273011.2,220
130065,13,01-01-2025,Apartment,7,1115.82,"$307,845.19",Sold,C1446,01-01-2025,307845.19,275.8914431
130072,13,01-01-2025,Office,8,1449.43,"$427,086.44",Sold,C0027,01-01-2025,427086.44,294.6582036
130099,13,01-01-2025,Apartment,11,1678.3,"$465,116.85",Sold,C1249,01-01-2025,465116.85,277.1357028
130117,13,01-01-2025,Apartment,14,777.75,"$262,108.83",Available,,01-01-2025,262108.83,337.0091032
130143,13,01-01-2025,Apartment,16,1772.88,"$552,662.92",Sold,C0883,01-01-2025,552662.92,311.7317134
130226,13,01-01-2025,Apartment,26,1867.78,"$541,536.26",Available,,01-01-2025,541536.26,289.9357847
130273,13,01-01-2025,Apartment,32,1114.07,"$351,539.71",Available,,01-01-2025,351539.71,315.5454415
130315,13,01-01-2025,Apartment,35,1867.34,"$490,501.95",Sold,C0343,01-01-2025,490501.95,262.6741515
130317,13,01-01-2025,Apartment,35,1867.34,"$538,677.47",Sold,C1152,01-01-2025,538677.47,288.4731597
130329,13,01-01-2025,Apartment,37,1555.67,"$439,078.00",Sold,C1668,01-01-2025,439078,282.2436635
130330,13,01-01-2025,Office,37,1555.67,"$555,297.43",Available,,01-01-2025,555297.43,356.9506579
130337,13,01-01-2025,Apartment,37,1555.67,"$538,355.40",Available,,01-01-2025,538355.4,346.0601541
130372,13,01-01-2025,Apartment,41,1168.7,"$301,991.77",Sold,C1316,01-01-2025,301991.77,258.3997347
130379,13,01-01-2025,Apartment,42,1044.42,"$282,504.55",Sold,C1502,01-01-2025,282504.55,270.4894104
130458,13,01-01-2025,Apartment,53,968.77,"$294,203.62",Sold,C0651,01-01-2025,294203.62,303.6877897
130485,13,01-01-2025,Apartment,56,606.9,"$164,608.18",Sold,C1370,01-01-2025,164608.18,271.2278464
130536,13,01-01-2025,Apartment,61,1333.63,"$391,577.58",Available,,01-01-2025,391577.58,293.617855
130544,13,01-01-2025,Apartment,63,1623.8,"$474,039.53",Sold,C1676,01-01-2025,474039.53,291.9322146
130556,13,01-01-2025,Office,64,792.66,"$205,474.20",Sold,C1583,01-01-2025,205474.2,259.2211036
130565,13,01-01-2025,Apartment,66,1283.8,"$365,694.22",Sold,C1779,01-01-2025,365694.22,284.8529522
140016,14,01-01-2025,Apartment,4,1797.81,"$542,265.03",Sold,C0487,01-01-2025,542265.03,301.6253275
140041,14,01-01-2025,Apartment,7,641.37,"$192,882.89",Sold,C1565,01-01-2025,192882.89,300.7357532
140079,14,01-01-2025,Apartment,11,1431.42,"$387,972.92",Sold,C0848,01-01-2025,387972.92,271.0405891
140089,14,01-01-2025,Apartment,11,1431.42,"$459,403.88",Sold,C0047,01-01-2025,459403.88,320.9427561
140161,14,01-01-2025,Apartment,17,686.6,"$187,481.07",Sold,C0327,01-01-2025,187481.07,273.0571949
140171,14,01-01-2025,Apartment,17,686.6,"$219,459.84",Sold,C1089,01-01-2025,219459.84,319.632741
140226,14,01-01-2025,Apartment,24,1205.25,"$390,537.99",Sold,C1061,01-01-2025,390537.99,324.0306907
140270,14,01-01-2025,Apartment,29,1618.34,"$513,021.02",Sold,C0164,01-01-2025,513021.02,317.0044737
140300,14,01-01-2025,Office,34,513.06,"$181,212.20",Sold,C1193,01-01-2025,181212.2,353.1988461
140321,14,01-01-2025,Apartment,38,1170.11,"$350,292.46",Sold,C1334,01-01-2025,350292.46,299.3671193
150008,15,01-01-2025,Apartment,2,1522.89,"$472,485.62",Sold,C0450,01-01-2025,472485.62,310.2559082
150077,15,01-01-2025,Apartment,11,1437.62,"$491,966.69",Sold,C1214,01-01-2025,491966.69,342.2091304
150282,15,01-01-2025,Apartment,34,1304.22,"$400,330.93",Sold,C1911,01-01-2025,400330.93,306.9504608
150290,15,01-01-2025,Apartment,35,745.49,"$257,914.02",Sold,C1496,01-01-2025,257914.02,345.9657675
150312,15,01-01-2025,Apartment,35,745.49,"$234,624.17",Sold,C1655,01-01-2025,234624.17,314.7247716
150318,15,01-01-2025,Office,36,1424.81,"$484,693.93",Sold,C0620,01-01-2025,484693.93,340.1814488
150342,15,01-01-2025,Office,39,1713.42,"$515,035.42",Available,,01-01-2025,515035.42,300.5891258
150389,15,01-01-2025,Apartment,49,460.17,"$116,092.04",Sold,C1253,01-01-2025,116092.04,252.2807658
150440,15,01-01-2025,Apartment,55,892.75,"$284,965.13",Sold,C1390,01-01-2025,284965.13,319.1992495
150465,15,01-01-2025,Apartment,56,939.93,"$288,907.22",Sold,C1119,01-01-2025,288907.22,307.3709957
150488,15,01-01-2025,Apartment,58,1750.89,"$585,649.12",Available,,01-01-2025,585649.12,334.4865297
150497,15,01-01-2025,Apartment,59,1286.47,"$392,351.64",Sold,C1881,01-01-2025,392351.64,304.9831244
150515,15,01-01-2025,Apartment,60,1033.2,"$302,845.83",Sold,C0700,01-01-2025,302845.83,293.1144309
160005,16,01-01-2025,Apartment,1,637.07,"$226,490.60",Available,,01-01-2025,226490.6,355.5191737
160008,16,01-01-2025,Office,2,1388.75,"$372,421.45",Sold,C0446,01-01-2025,372421.45,268.170261
160054,16,01-01-2025,Apartment,7,941.57,"$248,945.18",Available,,01-01-2025,248945.18,264.3937041
160107,16,01-01-2025,Apartment,11,1288.42,"$340,036.99",Available,,01-01-2025,340036.99,263.9178141
160112,16,01-01-2025,Apartment,11,1288.42,"$379,602.60",Sold,C0931,01-01-2025,379602.6,294.6264417
160125,16,01-01-2025,Apartment,14,660.84,"$181,790.56",Sold,C1557,01-01-2025,181790.56,275.0901277
160156,16,01-01-2025,Apartment,19,1163.06,"$377,230.63",Sold,C0263,01-01-2025,377230.63,324.3432239
160205,16,01-01-2025,Apartment,25,853.37,"$269,027.59",Sold,C1607,01-01-2025,269027.59,315.253161
160268,16,01-01-2025,Apartment,33,881.17,"$264,303.57",Sold,C1148,01-01-2025,264303.57,299.9461738
160321,16,01-01-2025,Apartment,38,431.83,"$125,935.98",Sold,C0250,01-01-2025,125935.98,291.6332353
160347,16,01-01-2025,Apartment,41,1001.72,"$308,315.97",Sold,C0770,01-01-2025,308315.97,307.7865771
160365,16,01-01-2025,Apartment,42,1496.62,"$437,082.22",Sold,C0706,01-01-2025,437082.22,292.0462242
160366,16,01-01-2025,Apartment,42,1496.62,"$479,711.66",Sold,C0362,01-01-2025,479711.66,320.5300343
160371,16,01-01-2025,Office,42,1496.62,"$457,384.74",Sold,C0017,01-01-2025,457384.74,305.6118053
160372,16,01-01-2025,Apartment,42,1496.62,"$479,358.58",Sold,C1542,01-01-2025,479358.58,320.2941161
170032,17,01-01-2025,Office,2,1738.5,"$498,320.91",Sold,C0634,01-01-2025,498320.91,286.6384297
170041,17,01-01-2025,Apartment,5,1829.38,"$519,866.77",Sold,C0044,01-01-2025,519866.77,284.1764806
170061,17,01-01-2025,Apartment,8,1297.3,"$346,864.73",Sold,C1521,01-01-2025,346864.73,267.374339
170081,17,01-01-2025,Apartment,10,1059.07,"$306,057.52",Sold,C0287,01-01-2025,306057.52,288.9870547
170137,17,01-01-2025,Apartment,16,1693,"$520,252.16",Available,,01-01-2025,520252.16,307.2960189
170146,17,01-01-2025,Apartment,16,1693,"$536,802.30",Sold,C1690,01-01-2025,536802.3,317.071648
170159,17,01-01-2025,Apartment,17,1827.25,"$420,462.70",Available,,01-01-2025,420462.7,230.1068272
170174,17,01-01-2025,Apartment,19,1712.06,"$466,184.49",Available,,01-01-2025,466184.49,272.2944815
170238,17,01-01-2025,Apartment,27,677.24,"$219,537.26",Sold,C0703,01-01-2025,219537.26,324.1646388
170261,17,01-01-2025,Apartment,31,1806.06,"$556,733.50",Sold,C1270,01-01-2025,556733.5,308.258585
170317,17,01-01-2025,Apartment,39,1341.67,"$401,901.30",Available,,01-01-2025,401901.3,299.5530197
170340,17,01-01-2025,Office,42,691.03,"$228,875.86",Sold,C1048,01-01-2025,228875.86,331.2097304
170369,17,01-01-2025,Apartment,46,1582.61,"$483,164.81",Available,,01-01-2025,483164.81,305.2961943
170371,17,01-01-2025,Apartment,46,1582.61,"$406,250.16",Sold,C0222,01-01-2025,406250.16,256.6963181
170378,17,01-01-2025,Apartment,47,1106.83,"$314,114.79",Sold,C1208,01-01-2025,314114.79,283.79678
170436,17,01-01-2025,Apartment,51,1375.52,"$426,338.68",Sold,C0845,01-01-2025,426338.68,309.9472781
180052,18,01-01-2025,Apartment,6,840.25,"$219,795.98",Sold,C1778,01-01-2025,219795.98,261.5840286
180065,18,01-01-2025,Apartment,7,505.94,"$155,133.85",Sold,C0901,01-01-2025,155133.85,306.6249951
180095,18,01-01-2025,Apartment,13,537.4,"$131,819.04",Sold,C0685,01-01-2025,131819.04,245.290361
180110,18,01-01-2025,Office,15,1728.6,"$513,299.69",Sold,C1250,01-01-2025,513299.69,296.9453257
180111,18,01-01-2025,Apartment,15,1728.6,"$471,855.64",Sold,C1309,01-01-2025,471855.64,272.9698253
180144,18,01-01-2025,Apartment,19,1268.1,"$374,750.52",Sold,C1036,01-01-2025,374750.52,295.521268
180177,18,01-01-2025,Apartment,23,1659.02,"$483,905.55",Available,,01-01-2025,483905.55,291.681565
180213,18,01-01-2025,Apartment,27,650.82,"$199,115.19",Sold,C1597,01-01-2025,199115.19,305.9451
180230,18,01-01-2025,Apartment,29,578.36,"$180,205.66",Sold,C1058,01-01-2025,180205.66,311.5804343
180252,18,01-01-2025,Apartment,30,1795.66,"$584,611.99",Sold,C0003,01-01-2025,584611.99,325.5694229
180281,18,01-01-2025,Apartment,35,799.05,"$240,417.02",Available,,01-01-2025,240417.02,300.8785683
180288,18,01-01-2025,Apartment,35,799.05,"$223,242.17",Sold,C0444,01-01-2025,223242.17,279.3844816
180309,18,01-01-2025,Apartment,36,1089.77,"$308,720.40",Sold,C0753,01-01-2025,308720.4,283.2895015
180324,18,01-01-2025,Apartment,38,1219.8,"$319,114.04",Sold,C0959,01-01-2025,319114.04,261.6117724
180334,18,01-01-2025,Office,38,1219.8,"$410,772.92",Sold,C1573,01-01-2025,410772.92,336.7543204
180346,18,01-01-2025,Apartment,39,662.88,"$199,623.02",Sold,C0760,01-01-2025,199623.02,301.1450338
180349,18,01-01-2025,Apartment,40,990.46,"$238,075.26",Sold,C0687,01-01-2025,238075.26,240.3683743
180444,18,01-01-2025,Apartment,50,854.74,"$261,667.93",Available,,01-01-2025,261667.93,306.137457
180476,18,01-01-2025,Apartment,53,1806.7,"$568,990.61",Available,,01-01-2025,568990.61,314.9336414
180514,18,01-01-2025,Apartment,58,955.23,"$292,794.12",Available,,01-01-2025,292794.12,306.5168808
180564,18,01-01-2025,Apartment,66,1631.24,"$494,656.28",Sold,C1953,01-01-2025,494656.28,303.2394252
190001,19,01-01-2025,Apartment,1,1688.31,"$496,466.31",Sold,C0932,01-01-2025,496466.31,294.0611084
190002,19,01-01-2025,Apartment,1,1688.31,"$558,730.59",Sold,C0518,01-01-2025,558730.59,330.9407573
190088,19,01-01-2025,Office,13,766.61,"$241,468.69",Sold,C0367,01-01-2025,241468.69,314.9824422
190095,19,01-01-2025,Apartment,14,630.47,"$172,253.45",Sold,C0151,01-01-2025,172253.45,273.214348
190134,19,01-01-2025,Apartment,18,1599.44,"$503,687.91",Sold,C0561,01-01-2025,503687.91,314.9151641
190181,19,01-01-2025,Apartment,22,935.25,"$278,958.96",Available,,01-01-2025,278958.96,298.272077
190185,19,01-01-2025,Apartment,22,935.25,"$353,029.52",Available,,01-01-2025,353029.52,377.4707511
190204,19,01-01-2025,Office,25,996.38,"$297,272.73",Sold,C1022,01-01-2025,297272.73,298.352767
190264,19,01-01-2025,Apartment,30,673.27,"$191,782.03",Available,,01-01-2025,191782.03,284.85159
190268,19,01-01-2025,Apartment,31,1089.64,"$292,398.57",Sold,C1790,01-01-2025,292398.57,268.3441962
190326,19,01-01-2025,Apartment,39,1237.04,"$431,971.97",Available,,01-01-2025,431971.97,349.1980615
190369,19,01-01-2025,Apartment,42,1137.59,"$321,045.92",Sold,C1020,01-01-2025,321045.92,282.2158423
190425,19,01-01-2025,Apartment,49,1004.26,"$292,433.99",Sold,C1774,01-01-2025,292433.99,291.1935057
200012,20,01-01-2025,Apartment,1,1898.39,"$485,326.73",Sold,C0762,01-01-2025,485326.73,255.6517523
200019,20,01-01-2025,Apartment,1,1898.39,"$611,749.24",Available,,01-01-2025,611749.24,322.2463456
200052,20,01-01-2025,Apartment,6,1401,"$456,799.28",Sold,C1448,01-01-2025,456799.28,326.0523055
200086,20,01-01-2025,Apartment,12,856.15,"$230,351.54",Available,,01-01-2025,230351.54,269.0551188
200094,20,01-01-2025,Apartment,13,1587.57,"$448,959.32",Sold,C0392,01-01-2025,448959.32,282.7965507
200117,20,01-01-2025,Apartment,16,645.44,"$208,927.52",Sold,C0638,01-01-2025,208927.52,323.6978185
200119,20,01-01-2025,Apartment,16,645.44,"$184,932.22",Sold,C0211,01-01-2025,184932.22,286.5211639
200139,20,01-01-2025,Apartment,17,1089.33,"$338,195.62",Sold,C0662,01-01-2025,338195.62,310.4620455
200154,20,01-01-2025,Apartment,18,1868.01,"$513,250.83",Sold,C1958,01-01-2025,513250.83,274.7580741
200187,20,01-01-2025,Apartment,20,1110.23,"$323,595.45",Sold,C0304,01-01-2025,323595.45,291.4670384
200199,20,01-01-2025,Apartment,24,1188.07,"$377,107.87",Sold,C0572,01-01-2025,377107.87,317.4121643
200259,20,01-01-2025,Apartment,30,1703.94,"$521,182.71",Sold,C0952,01-01-2025,521182.71,305.8691679
200303,20,01-01-2025,Apartment,33,630.53,"$168,406.60",Sold,C1926,01-01-2025,168406.6,267.0873709
200376,20,01-01-2025,Apartment,40,428.03,"$129,284.34",Available,,01-01-2025,129284.34,302.0450436
200443,20,01-01-2025,Office,50,493.06,"$136,987.43",Sold,C1163,01-01-2025,136987.43,277.8311565
200461,20,01-01-2025,Apartment,51,1062.33,"$365,691.35",Sold,C0103,01-01-2025,365691.35,344.2351717
200465,20,01-01-2025,Apartment,52,1634.67,"$451,642.29",Sold,C1419,01-01-2025,451642.29,276.2895814
990019,5,01-01-2025,Apartment,16,798.5,"$234,032.88",Available,,01-01-2025,234032.88,293.090645
1016,1,02-01-2025,Apartment,16,782.25,"$224,076.84",Sold,C0016,01-02-2025,224076.84,286.451697
1049,1,02-01-2025,Apartment,49,1375.45,"$467,083.31",Sold,C0087,01-02-2025,467083.31,339.5858156
2046,2,02-01-2025,Apartment,46,928.16,"$253,831.02",Sold,C0018,01-02-2025,253831.02,273.4776547
3029,3,02-01-2025,Apartment,29,1127.76,"$310,831.21",Sold,C0017,01-02-2025,310831.21,275.6182255
3059,3,02-01-2025,Apartment,59,1171.55,"$367,976.46",Sold,C0093,01-02-2025,367976.46,314.0936878
5020,5,02-01-2025,Apartment,20,1273.55,"$349,865.22",Available,,01-02-2025,349865.22,274.7165168
10090,1,02-01-2025,Apartment,12,621.14,"$170,047.61",Sold,C1613,01-02-2025,170047.61,273.7669607
10124,1,02-01-2025,Office,15,765,"$220,409.41",Sold,C1420,01-02-2025,220409.41,288.1168758
10143,1,02-01-2025,Apartment,18,716.85,"$234,207.26",Sold,C1052,01-02-2025,234207.26,326.7172491
10144,1,02-01-2025,Apartment,18,716.85,"$254,207.29",Available,,01-02-2025,254207.29,354.6171305
10173,1,02-01-2025,Apartment,22,740.83,"$235,996.49",Sold,C1117,01-02-2025,235996.49,318.5568754
10202,1,02-01-2025,Apartment,24,1146.11,"$330,642.27",Sold,C1694,01-02-2025,330642.27,288.4908691
10223,1,02-01-2025,Apartment,26,828.98,"$257,018.21",Sold,C1004,01-02-2025,257018.21,310.0415088
10227,1,02-01-2025,Apartment,26,828.98,"$253,333.84",Available,,01-02-2025,253333.84,305.597047
10250,1,02-01-2025,Office,29,757.2,"$212,438.42",Sold,C0294,01-02-2025,212438.42,280.5578711
10282,1,02-01-2025,Office,30,753.29,"$213,710.41",Sold,C0094,01-02-2025,213710.41,283.7027041
10290,1,02-01-2025,Apartment,31,619.78,"$185,249.68",Sold,C0173,01-02-2025,185249.68,298.8958663
10317,1,02-01-2025,Apartment,34,1469.14,"$382,707.57",Sold,C1805,01-02-2025,382707.57,260.4976857
10358,1,02-01-2025,Office,39,742.93,"$251,029.99",Sold,C0088,01-02-2025,251029.99,337.8918471
10361,1,02-01-2025,Apartment,39,742.93,"$215,537.99",Available,,01-02-2025,215537.99,290.1188403
10368,1,02-01-2025,Apartment,41,835.25,"$246,579.07",Sold,C1476,01-02-2025,246579.07,295.2158875
20027,2,02-01-2025,Apartment,3,645.84,"$169,113.16",Sold,C0015,01-02-2025,169113.16,261.8499319
20111,2,02-01-2025,Apartment,13,782.33,"$239,666.38",Available,,01-02-2025,239666.38,306.3494689
20135,2,02-01-2025,Apartment,16,1117.38,"$390,742.56",Available,,01-02-2025,390742.56,349.695323
20153,2,02-01-2025,Apartment,18,784.76,"$244,660.43",Sold,C0433,01-02-2025,244660.43,311.7646542
20171,2,02-01-2025,Apartment,20,727.55,"$205,668.10",Available,,01-02-2025,205668.1,282.6858635
20212,2,02-01-2025,Apartment,24,785.12,"$235,049.47",Sold,C0752,01-02-2025,235049.47,299.3803113
20239,2,02-01-2025,Office,26,1577.79,"$487,791.17",Sold,C1764,01-02-2025,487791.17,309.1610227
20268,2,02-01-2025,Apartment,32,925.63,"$240,269.82",Sold,C0399,01-02-2025,240269.82,259.5743656
20279,2,02-01-2025,Apartment,33,931.4,"$305,773.57",Sold,C1120,01-02-2025,305773.57,328.2945781
20296,2,02-01-2025,Apartment,35,1391.68,"$407,027.74",Sold,C1585,01-02-2025,407027.74,292.4722206
20303,2,02-01-2025,Apartment,35,1391.68,"$454,375.43",Sold,C0682,01-02-2025,454375.43,326.4941869
20305,2,02-01-2025,Office,36,641.72,"$178,222.98",Sold,C0481,01-02-2025,178222.98,277.7270149
20347,2,02-01-2025,Apartment,41,654.93,"$197,579.07",Sold,C0208,01-02-2025,197579.07,301.6796757
20357,2,02-01-2025,Apartment,42,786.45,"$273,717.69",Sold,C1631,01-02-2025,273717.69,348.0420751
20404,2,02-01-2025,Apartment,47,708.32,"$232,033.87",Sold,C1326,01-02-2025,232033.87,327.5833945
20410,2,02-01-2025,Apartment,47,708.32,"$169,534.41",Sold,C1863,01-02-2025,169534.41,239.3472018
20411,2,02-01-2025,Apartment,47,708.32,"$220,615.20",Sold,C1034,01-02-2025,220615.2,311.4626158
20423,2,02-01-2025,Apartment,48,788.44,"$232,961.90",Sold,C1473,01-02-2025,232961.9,295.4719446
30055,3,02-01-2025,Apartment,6,668.89,"$191,680.58",Available,,01-02-2025,191680.58,286.5651751
30058,3,02-01-2025,Apartment,7,744.01,"$186,193.10",Available,,01-02-2025,186193.1,250.2561794
30094,3,02-01-2025,Apartment,9,1125.84,"$354,725.76",Sold,C1471,01-02-2025,354725.76,315.0765295
30113,3,02-01-2025,Apartment,10,784.09,"$239,494.90",Available,,01-02-2025,239494.9,305.4431252
30141,3,02-01-2025,Apartment,14,788.59,"$232,882.70",Sold,C1423,01-02-2025,232882.7,295.3153096
30154,3,02-01-2025,Office,17,937.24,"$360,341.50",Sold,C1193,01-02-2025,360341.5,384.4708933
30200,3,02-01-2025,Office,21,1122.15,"$317,794.58",Available,,01-02-2025,317794.58,283.2015149
30201,3,02-01-2025,Apartment,21,1122.15,"$388,570.89",Sold,C0139,01-02-2025,388570.89,346.2735731
30218,3,02-01-2025,Office,25,765.56,"$249,123.19",Sold,C1071,01-02-2025,249123.19,325.4130179
30266,3,02-01-2025,Apartment,29,666,"$232,418.01",Available,,01-02-2025,232418.01,348.975991
30273,3,02-01-2025,Apartment,30,796.57,"$261,361.16",Sold,C1394,01-02-2025,261361.16,328.108214
30283,3,02-01-2025,Apartment,34,768.76,"$227,965.28",Sold,C0201,01-02-2025,227965.28,296.5363442
30381,3,02-01-2025,Apartment,46,1599.81,"$526,063.15",Sold,C0451,01-02-2025,526063.15,328.8285171
30399,3,02-01-2025,Apartment,49,1174.48,"$342,590.98",Sold,C0664,01-02-2025,342590.98,291.6958824
30451,3,02-01-2025,Apartment,52,1361.9,"$489,316.52",Sold,C0997,01-02-2025,489316.52,359.2896101
30477,3,02-01-2025,Apartment,56,1179.42,"$295,003.43",Sold,C0808,01-02-2025,295003.43,250.12585
30479,3,02-01-2025,Apartment,56,1179.42,"$324,029.03",Available,,01-02-2025,324029.03,274.7359126
40074,4,02-01-2025,Apartment,9,792.66,"$215,782.79",Available,,01-02-2025,215782.79,272.2261625
40100,4,02-01-2025,Apartment,13,809.06,"$199,578.85",Sold,C1181,01-02-2025,199578.85,246.6799125
40106,4,02-01-2025,Apartment,13,809.06,"$251,590.54",Available,,01-02-2025,251590.54,310.9664796
40140,4,02-01-2025,Apartment,17,780.68,"$223,765.97",Sold,C1225,01-02-2025,223765.97,286.6295665
40169,4,02-01-2025,Apartment,21,801.66,"$258,574.46",Sold,C0740,01-02-2025,258574.46,322.5487863
40201,4,02-01-2025,Apartment,25,1310.16,"$438,877.49",Available,,01-02-2025,438877.49,334.9800711
40229,4,02-01-2025,Apartment,26,790.05,"$261,614.90",Sold,C0051,01-02-2025,261614.9,331.1371432
40272,4,02-01-2025,Apartment,31,793.1,"$281,815.97",Sold,C1743,01-02-2025,281815.97,355.3347245
40349,4,02-01-2025,Apartment,42,738.34,"$256,968.41",Sold,C1353,01-02-2025,256968.41,348.035336
40355,4,02-01-2025,Apartment,43,1616.99,"$522,854.67",Sold,C0178,01-02-2025,522854.67,323.3505897
40356,4,02-01-2025,Apartment,43,1616.99,"$441,147.68",Sold,C1492,01-02-2025,441147.68,272.8202896
40386,4,02-01-2025,Apartment,45,1160.48,"$315,150.92",Available,,01-02-2025,315150.92,271.569454
50018,5,02-01-2025,Apartment,4,799.1,"$236,524.71",Sold,C0426,01-02-2025,236524.71,295.988875
50027,5,02-01-2025,Apartment,5,821.43,"$268,385.32",Available,,01-02-2025,268385.32,326.7293866
50037,5,02-01-2025,Apartment,8,782.15,"$201,120.11",Available,,01-02-2025,201120.11,257.1375184
50038,5,02-01-2025,Apartment,8,782.15,"$248,699.46",Sold,C0519,01-02-2025,248699.46,317.9690085
50053,5,02-01-2025,Apartment,9,793.56,"$253,517.90",Sold,C1849,01-02-2025,253517.9,319.4691013
50056,5,02-01-2025,Apartment,9,793.56,"$252,929.91",Available,,01-02-2025,252929.91,318.7281491
50080,5,02-01-2025,Apartment,10,629.27,"$180,268.05",Sold,C0424,01-02-2025,180268.05,286.4717053
50098,5,02-01-2025,Apartment,12,787.5,"$233,010.15",Sold,C0665,01-02-2025,233010.15,295.8859048
50116,5,02-01-2025,Apartment,15,1050.95,"$330,647.39",Sold,C1409,01-02-2025,330647.39,314.6176222
50123,5,02-01-2025,Apartment,15,1050.95,"$320,250.05",Sold,C1378,01-02-2025,320250.05,304.7243446
50124,5,02-01-2025,Apartment,15,1050.95,"$338,565.22",Sold,C0809,01-02-2025,338565.22,322.1515962
50168,5,02-01-2025,Apartment,22,1059.78,"$313,882.70",Sold,C0594,01-02-2025,313882.7,296.1772255
50180,5,02-01-2025,Office,23,1006.65,"$286,546.53",Sold,C1116,01-02-2025,286546.53,284.6535837
50193,5,02-01-2025,Apartment,24,807.02,"$281,449.31",Sold,C1478,01-02-2025,281449.31,348.7513445
50201,5,02-01-2025,Apartment,26,1272.4,"$363,278.34",Sold,C0616,01-02-2025,363278.34,285.5063974
50223,5,02-01-2025,Apartment,29,786.28,"$237,733.07",Available,,01-02-2025,237733.07,302.3516686
50308,5,02-01-2025,Apartment,41,630.83,"$166,623.49",Sold,C1845,01-02-2025,166623.49,264.1337444
50313,5,02-01-2025,Apartment,41,630.83,"$181,139.35",Available,,01-02-2025,181139.35,287.1444763
50371,5,02-01-2025,Apartment,45,608.89,"$181,792.91",Sold,C0671,01-02-2025,181792.91,298.5644533
50405,5,02-01-2025,Apartment,47,1241.14,"$371,938.81",Sold,C1248,01-02-2025,371938.81,299.6751454
50444,5,02-01-2025,Office,52,1755.18,"$549,519.31",Available,,01-02-2025,549519.31,313.0843047
60055,6,02-01-2025,Apartment,5,1617.43,"$543,286.73",Available,,01-02-2025,543286.73,335.8950496
60119,6,02-01-2025,Apartment,10,942.08,"$216,531.18",Sold,C0578,01-02-2025,216531.18,229.8437288
60138,6,02-01-2025,Apartment,12,1678.17,"$447,904.01",Sold,C0317,01-02-2025,447904.01,266.9002604
60209,6,02-01-2025,Apartment,20,1897.17,"$634,070.07",Sold,C1564,01-02-2025,634070.07,334.2188997
60254,6,02-01-2025,Apartment,26,1538.47,"$473,238.41",Sold,C0591,01-02-2025,473238.41,307.6032747
60275,6,02-01-2025,Apartment,30,552.59,"$153,396.33",Sold,C1453,01-02-2025,153396.33,277.5951972
60296,6,02-01-2025,Apartment,33,1131,"$325,206.04",Available,,01-02-2025,325206.04,287.5384969
60332,6,02-01-2025,Apartment,37,1721.96,"$492,821.75",Sold,C1875,01-02-2025,492821.75,286.1981405
60388,6,02-01-2025,Apartment,44,842.69,"$258,741.18",Available,,01-02-2025,258741.18,307.041949
60407,6,02-01-2025,Office,49,1167.52,"$322,088.43",Sold,C0926,01-02-2025,322088.43,275.874015
60410,6,02-01-2025,Apartment,49,1167.52,"$414,385.38",Available,,01-02-2025,414385.38,354.9278642
60417,6,02-01-2025,Apartment,51,1476.63,"$427,031.50",Available,,01-02-2025,427031.5,289.1932983
60445,6,02-01-2025,Apartment,53,1170.96,"$342,357.64",Sold,C0078,01-02-2025,342357.64,292.3734713
60464,6,02-01-2025,Apartment,54,1633.19,"$474,954.11",Sold,C0142,01-02-2025,474954.11,290.813751
70014,7,02-01-2025,Apartment,3,888.5,"$247,222.26",Sold,C0401,01-02-2025,247222.26,278.2467755
70111,7,02-01-2025,Apartment,15,602.92,"$198,180.92",Sold,C0203,01-02-2025,198180.92,328.701851
70116,7,02-01-2025,Apartment,15,602.92,"$168,489.90",Available,,01-02-2025,168489.9,279.4564785
70120,7,02-01-2025,Office,15,602.92,"$170,552.15",Sold,C0625,01-02-2025,170552.15,282.8769157
70125,7,02-01-2025,Apartment,15,602.92,"$165,907.49",Sold,C1101,01-02-2025,165907.49,275.1733066
70175,7,02-01-2025,Apartment,20,1160.82,"$373,814.11",Available,,01-02-2025,373814.11,322.0259041
70265,7,02-01-2025,Office,30,1237.23,"$384,080.49",Available,,01-02-2025,384080.49,310.4358042
70292,7,02-01-2025,Apartment,35,613.21,"$171,388.38",Sold,C1635,01-02-2025,171388.38,279.4937786
70315,7,02-01-2025,Apartment,38,1755.26,"$520,127.02",Sold,C0442,01-02-2025,520127.02,296.3247724
70389,7,02-01-2025,Apartment,44,1859.83,"$553,756.62",Sold,C0247,01-02-2025,553756.62,297.7458262
70418,7,02-01-2025,Apartment,49,1383.05,"$415,154.19",Sold,C1744,01-02-2025,415154.19,300.1729439
70425,7,02-01-2025,Office,49,1383.05,"$434,241.53",Available,,01-02-2025,434241.53,313.9738477
70439,7,02-01-2025,Office,51,648.27,"$175,097.75",Sold,C1292,01-02-2025,175097.75,270.1000355
70466,7,02-01-2025,Apartment,54,1940.69,"$507,423.55",Sold,C1861,01-02-2025,507423.55,261.4655355
70467,7,02-01-2025,Apartment,55,601.23,"$189,501.07",Sold,C0782,01-02-2025,189501.07,315.1889793
80055,8,02-01-2025,Apartment,5,887.23,"$272,174.29",Sold,C0045,01-02-2025,272174.29,306.7685831
80062,8,02-01-2025,Apartment,6,1370.17,"$430,340.07",Available,,01-02-2025,430340.07,314.0778663
80073,8,02-01-2025,Apartment,8,1552.34,"$495,541.93",Sold,C0299,01-02-2025,495541.93,319.2225479
80102,8,02-01-2025,Office,12,1430.46,"$527,730.49",Sold,C0690,01-02-2025,527730.49,368.923626
80104,8,02-01-2025,Apartment,13,660.3,"$205,786.97",Sold,C0837,01-02-2025,205786.97,311.6567772
80106,8,02-01-2025,Apartment,13,660.3,"$187,336.30",Available,,01-02-2025,187336.3,283.7139179
80110,8,02-01-2025,Apartment,14,685.93,"$190,406.88",Available,,01-02-2025,190406.88,277.589375
80117,8,02-01-2025,Office,14,685.93,"$210,058.02",Sold,C1908,01-02-2025,210058.02,306.238275
80170,8,02-01-2025,Apartment,22,1495.57,"$406,648.60",Sold,C1812,01-02-2025,406648.6,271.9020842
80174,8,02-01-2025,Apartment,23,1114.67,"$301,038.15",Available,,01-02-2025,301038.15,270.069303
80222,8,02-01-2025,Apartment,29,1848.51,"$591,360.76",Available,,01-02-2025,591360.76,319.9121238
80248,8,02-01-2025,Apartment,31,1253.18,"$352,347.86",Sold,C0208,01-02-2025,352347.86,281.1630093
80267,8,02-01-2025,Apartment,32,1410.88,"$448,837.59",Available,,01-02-2025,448837.59,318.1259852
80287,8,02-01-2025,Apartment,33,1809.87,"$489,564.98",Sold,C0249,01-02-2025,489564.98,270.4973175
80304,8,02-01-2025,Apartment,36,673.86,"$200,870.54",Available,,01-02-2025,200870.54,298.0894251
80315,8,02-01-2025,Apartment,37,890.65,"$231,059.65",Sold,C1326,01-02-2025,231059.65,259.4281143
80316,8,02-01-2025,Apartment,37,890.65,"$284,422.16",Sold,C0400,01-02-2025,284422.16,319.3422332
80380,8,02-01-2025,Apartment,45,1185.72,"$316,429.20",Sold,C1375,01-02-2025,316429.2,266.8667139
80409,8,02-01-2025,Apartment,47,543.08,"$143,682.52",Sold,C0031,01-02-2025,143682.52,264.5697135
80428,8,02-01-2025,Office,49,1081,"$362,667.03",Available,,01-02-2025,362667.03,335.4921647
80451,8,02-01-2025,Apartment,53,1891.72,"$527,612.39",Sold,C0638,01-02-2025,527612.39,278.9061753
80459,8,02-01-2025,Apartment,54,1699.02,"$536,046.25",Sold,C1466,01-02-2025,536046.25,315.5032018
80473,8,02-01-2025,Apartment,55,1300.05,"$385,361.66",Sold,C1566,01-02-2025,385361.66,296.4206454
80481,8,02-01-2025,Apartment,56,1874.7,"$561,295.70",Available,,01-02-2025,561295.7,299.4056116
90053,9,02-01-2025,Apartment,9,1391.22,"$410,603.84",Available,,01-02-2025,410603.84,295.1394028
90060,9,02-01-2025,Apartment,11,559.6,"$179,388.02",Available,,01-02-2025,179388.02,320.5647248
90066,9,02-01-2025,Apartment,12,952.38,"$277,070.00",Sold,C0812,01-02-2025,277070,290.9237909
90075,9,02-01-2025,Apartment,12,952.38,"$280,193.32",Sold,C1781,01-02-2025,280193.32,294.2032802
90080,9,02-01-2025,Apartment,12,952.38,"$287,245.48",Sold,C1532,01-02-2025,287245.48,301.6080556
90133,9,02-01-2025,Apartment,21,1261.65,"$382,547.93",Available,,01-02-2025,382547.93,303.2124044
90161,9,02-01-2025,Apartment,25,1904.38,"$729,836.68",Available,,01-02-2025,729836.68,383.2410968
90167,9,02-01-2025,Apartment,26,1038.39,"$312,442.45",Sold,C1086,01-02-2025,312442.45,300.8912355
90168,9,02-01-2025,Apartment,26,1038.39,"$335,383.02",Sold,C0766,01-02-2025,335383.02,322.9836767
90242,9,02-01-2025,Apartment,34,1577.36,"$481,949.20",Sold,C1591,01-02-2025,481949.2,305.5416646
90375,9,02-01-2025,Apartment,44,1351.57,"$362,893.07",Sold,C0097,01-02-2025,362893.07,268.4974289
90402,9,02-01-2025,Apartment,48,1264.94,"$312,096.70",Sold,C1525,01-02-2025,312096.7,246.7284614
90415,9,02-01-2025,Apartment,53,599.72,"$171,267.91",Sold,C0964,01-02-2025,171267.91,285.5797872
90433,9,02-01-2025,Apartment,55,1182.51,"$295,744.88",Sold,C1964,01-02-2025,295744.88,250.0992634
90434,9,02-01-2025,Apartment,55,1182.51,"$332,249.26",Sold,C0262,01-02-2025,332249.26,280.969514
90459,9,02-01-2025,Office,57,1198.57,"$441,154.94",Sold,C1704,01-02-2025,441154.94,368.0677307
90497,9,02-01-2025,Apartment,58,838.34,"$301,410.90",Sold,C1705,01-02-2025,301410.9,359.5330057
90529,9,02-01-2025,Apartment,62,1263.44,"$357,655.99",Sold,C1490,01-02-2025,357655.99,283.081104
90531,9,02-01-2025,Apartment,62,1263.44,"$380,051.12",Available,,01-02-2025,380051.12,300.8066232
100017,10,02-01-2025,Apartment,4,1765.37,"$596,435.43",Sold,C1261,01-02-2025,596435.43,337.8529317
100056,10,02-01-2025,Office,6,842.66,"$266,868.89",Sold,C0350,01-02-2025,266868.89,316.6981819
100062,10,02-01-2025,Apartment,8,1054.86,"$265,540.40",Sold,C1637,01-02-2025,265540.4,251.7304666
100091,10,02-01-2025,Apartment,11,1675.44,"$516,067.93",Sold,C0747,01-02-2025,516067.93,308.0193442
100093,10,02-01-2025,Office,11,1675.44,"$464,815.25",Sold,C0824,01-02-2025,464815.25,277.428765
100119,10,02-01-2025,Office,15,1948.32,"$594,434.15",Available,,01-02-2025,594434.15,305.1008818
100147,10,02-01-2025,Apartment,19,948.04,"$361,049.96",Sold,C0384,01-02-2025,361049.96,380.8383191
100195,10,02-01-2025,Apartment,26,1294.85,"$326,351.74",Sold,C1949,01-02-2025,326351.74,252.0382593
100221,10,02-01-2025,Apartment,27,777.35,"$242,708.74",Sold,C0499,01-02-2025,242708.74,312.2258185
100223,10,02-01-2025,Apartment,27,777.35,"$247,387.97",Sold,C0089,01-02-2025,247387.97,318.245282
100233,10,02-01-2025,Apartment,28,1606.58,"$526,465.62",Sold,C0749,01-02-2025,526465.62,327.6933735
100348,10,02-01-2025,Office,42,1757.51,"$490,529.51",Sold,C1840,01-02-2025,490529.51,279.1048187
100383,10,02-01-2025,Apartment,44,1224.71,"$375,810.64",Sold,C0553,01-02-2025,375810.64,306.8568396
110062,11,02-01-2025,Office,7,1734.79,"$406,298.92",Sold,C0718,01-02-2025,406298.92,234.2063996
110099,11,02-01-2025,Apartment,10,1519.64,"$440,930.72",Sold,C0899,01-02-2025,440930.72,290.1547209
110123,11,02-01-2025,Apartment,13,474.93,"$126,637.08",Available,,01-02-2025,126637.08,266.6436738
110146,11,02-01-2025,Apartment,15,1385.68,"$395,511.02",Available,,01-02-2025,395511.02,285.4273858
110194,11,02-01-2025,Apartment,23,1098.83,"$385,857.81",Sold,C0404,01-02-2025,385857.81,351.1533267
110202,11,02-01-2025,Apartment,24,1481.82,"$498,779.18",Sold,C0126,01-02-2025,498779.18,336.5990336
110241,11,02-01-2025,Office,29,993.51,"$267,233.83",Sold,C1606,01-02-2025,267233.83,268.979507
110258,11,02-01-2025,Apartment,31,1232.68,"$354,022.30",Available,,01-02-2025,354022.3,287.197245
110262,11,02-01-2025,Apartment,32,1285.87,"$337,448.81",Sold,C1938,01-02-2025,337448.81,262.4284026
110287,11,02-01-2025,Apartment,34,680.07,"$190,843.28",Sold,C1867,01-02-2025,190843.28,280.6229947
110303,11,02-01-2025,Office,37,1368.16,"$390,611.21",Sold,C1543,01-02-2025,390611.21,285.5011183
110305,11,02-01-2025,Apartment,37,1368.16,"$451,310.88",Available,,01-02-2025,451310.88,329.8670331
110330,11,02-01-2025,Office,39,1816.63,"$460,780.85",Sold,C1056,01-02-2025,460780.85,253.6459543
110334,11,02-01-2025,Apartment,40,638.97,"$187,291.27",Sold,C0584,01-02-2025,187291.27,293.1143403
110339,11,02-01-2025,Apartment,42,808.59,"$278,521.93",Sold,C1092,01-02-2025,278521.93,344.4538394
110341,11,02-01-2025,Apartment,42,808.59,"$225,455.98",Sold,C0366,01-02-2025,225455.98,278.82608
110343,11,02-01-2025,Apartment,42,808.59,"$246,266.66",Sold,C1872,01-02-2025,246266.66,304.5630789
110347,11,02-01-2025,Apartment,42,808.59,"$180,903.98",Sold,C0425,01-02-2025,180903.98,223.7276988
110349,11,02-01-2025,Apartment,42,808.59,"$234,941.79",Sold,C0624,01-02-2025,234941.79,290.5573777
110403,11,02-01-2025,Apartment,48,661.7,"$201,779.65",Sold,C0220,01-02-2025,201779.65,304.9412876
110422,11,02-01-2025,Apartment,50,948.72,"$268,278.37",Sold,C0177,01-02-2025,268278.37,282.7792921
110446,11,02-01-2025,Apartment,52,1397.58,"$513,689.05",Available,,01-02-2025,513689.05,367.556097
110467,11,02-01-2025,Apartment,55,1713.32,"$495,437.61",Sold,C1090,01-02-2025,495437.61,289.1681706
120007,12,02-01-2025,Apartment,1,839.95,"$296,060.71",Sold,C1014,01-02-2025,296060.71,352.4742068
120158,12,02-01-2025,Office,18,1702.66,"$673,008.78",Sold,C0944,01-02-2025,673008.78,395.2690379
120164,12,02-01-2025,Office,18,1702.66,"$634,835.96",Available,,01-02-2025,634835.96,372.8495178
120179,12,02-01-2025,Apartment,20,1802.21,"$596,353.18",Sold,C1544,01-02-2025,596353.18,330.9010493
120225,12,02-01-2025,Apartment,24,1306.75,"$363,577.18",Available,,01-02-2025,363577.18,278.2300976
120253,12,02-01-2025,Apartment,27,871.52,"$256,747.85",Sold,C1854,01-02-2025,256747.85,294.5977717
120256,12,02-01-2025,Apartment,27,871.52,"$291,656.08",Sold,C0792,01-02-2025,291656.08,334.6521939
120346,12,02-01-2025,Apartment,38,1157.23,"$356,613.57",Available,,01-02-2025,356613.57,308.1613595
120354,12,02-01-2025,Office,38,1157.23,"$412,809.69",Sold,C0484,01-02-2025,412809.69,356.7222505
130017,13,02-01-2025,Apartment,1,1899.92,"$552,644.49",Available,,01-02-2025,552644.49,290.8777685
130091,13,02-01-2025,Apartment,11,1678.3,"$523,310.82",Available,,01-02-2025,523310.82,311.8100578
130146,13,02-01-2025,Apartment,17,1278.95,"$407,835.54",Sold,C0413,01-02-2025,407835.54,318.8830994
130189,13,02-01-2025,Office,20,516.72,"$162,335.17",Sold,C1669,01-02-2025,162335.17,314.1646733
130232,13,02-01-2025,Apartment,27,885.68,"$292,667.00",Sold,C1699,01-02-2025,292667,330.4432752
130255,13,02-01-2025,Apartment,30,1777.51,"$533,306.66",Sold,C0554,01-02-2025,533306.66,300.0301883
130291,13,02-01-2025,Apartment,33,1445.84,"$438,504.35",Sold,C0957,01-02-2025,438504.35,303.2869128
130313,13,02-01-2025,Apartment,34,1557,"$377,174.02",Sold,C1057,01-02-2025,377174.02,242.2440719
130314,13,02-01-2025,Apartment,35,1867.34,"$524,863.71",Sold,C1522,01-02-2025,524863.71,281.0755995
130336,13,02-01-2025,Apartment,37,1555.67,"$503,083.73",Sold,C0421,01-02-2025,503083.73,323.3871772
130338,13,02-01-2025,Apartment,38,656.42,"$214,023.32",Sold,C0856,01-02-2025,214023.32,326.0463118
130349,13,02-01-2025,Apartment,38,656.42,"$180,340.51",Sold,C1498,01-02-2025,180340.51,274.7334176
130351,13,02-01-2025,Apartment,38,656.42,"$211,245.25",Available,,01-02-2025,211245.25,321.8141586
130463,13,02-01-2025,Apartment,53,968.77,"$244,847.22",Sold,C1022,01-02-2025,244847.22,252.7402996
130465,13,02-01-2025,Office,53,968.77,"$326,702.90",Sold,C0828,01-02-2025,326702.9,337.234741
130479,13,02-01-2025,Apartment,55,710.41,"$197,075.07",Sold,C0004,01-02-2025,197075.07,277.4103264
130488,13,02-01-2025,Apartment,56,606.9,"$173,524.87",Sold,C0521,01-02-2025,173524.87,285.9200362
130578,13,02-01-2025,Apartment,67,524.97,"$162,549.19",Sold,C1298,01-02-2025,162549.19,309.6351982
140005,14,02-01-2025,Apartment,2,922.7,"$297,571.83",Available,,01-02-2025,297571.83,322.5011705
140019,14,02-01-2025,Apartment,4,1797.81,"$599,434.98",Available,,01-02-2025,599434.98,333.4251005
140091,14,02-01-2025,Apartment,12,459.44,"$136,551.67",Sold,C1918,01-02-2025,136551.67,297.2132814
140148,14,02-01-2025,Apartment,16,915.37,"$263,773.21",Sold,C1600,01-02-2025,263773.21,288.1602084
140166,14,02-01-2025,Apartment,17,686.6,"$192,542.32",Sold,C0071,01-02-2025,192542.32,280.428663
140198,14,02-01-2025,Apartment,22,1148.66,"$425,275.93",Sold,C1466,01-02-2025,425275.93,370.2365626
140240,14,02-01-2025,Apartment,27,1866.49,"$517,052.17",Available,,01-02-2025,517052.17,277.0184517
140249,14,02-01-2025,Apartment,29,1618.34,"$475,030.73",Sold,C1195,01-02-2025,475030.73,293.5296229
140252,14,02-01-2025,Apartment,29,1618.34,"$476,326.35",Sold,C1011,01-02-2025,476326.35,294.3302087
140255,14,02-01-2025,Apartment,29,1618.34,"$518,926.42",Sold,C0414,01-02-2025,518926.42,320.6535215
140313,14,02-01-2025,Apartment,37,1469.73,"$436,673.97",Available,,01-02-2025,436673.97,297.111694
140366,14,02-01-2025,Apartment,44,840.77,"$257,084.92",Sold,C1071,01-02-2025,257084.92,305.7731841
140387,14,02-01-2025,Apartment,47,917.53,"$265,736.45",Sold,C1611,01-02-2025,265736.45,289.6215383
140398,14,02-01-2025,Office,48,1941.78,"$587,630.43",Sold,C0766,01-02-2025,587630.43,302.6246176
140433,14,02-01-2025,Apartment,51,1346.3,"$426,811.39",Sold,C1400,01-02-2025,426811.39,317.0254698
140469,14,02-01-2025,Apartment,55,1415.9,"$472,750.27",Sold,C1337,01-02-2025,472750.27,333.8867646
150033,15,02-01-2025,Apartment,5,769.6,"$227,720.97",Sold,C1681,01-02-2025,227720.97,295.8952313
150035,15,02-01-2025,Apartment,5,769.6,"$232,747.31",Available,,01-02-2025,232747.31,302.4263384
150057,15,02-01-2025,Office,9,565.48,"$180,509.34",Sold,C1419,01-02-2025,180509.34,319.2143666
150149,15,02-01-2025,Apartment,18,567.74,"$204,975.53",Sold,C0808,01-02-2025,204975.53,361.0376757
150181,15,02-01-2025,Apartment,23,1279.23,"$358,223.33",Sold,C1262,01-02-2025,358223.33,280.0304324
150186,15,02-01-2025,Apartment,23,1279.23,"$413,166.71",Sold,C0276,01-02-2025,413166.71,322.9807853
150206,15,02-01-2025,Apartment,24,924.36,"$318,156.13",Sold,C0165,01-02-2025,318156.13,344.1907157
150245,15,02-01-2025,Apartment,29,1748.18,"$508,674.80",Sold,C1228,01-02-2025,508674.8,290.9739272
150310,15,02-01-2025,Apartment,35,745.49,"$202,307.22",Sold,C0579,01-02-2025,202307.22,271.3748273
150329,15,02-01-2025,Apartment,38,585.57,"$163,782.67",Available,,01-02-2025,163782.67,279.69785
150333,15,02-01-2025,Office,38,585.57,"$207,212.83",Available,,01-02-2025,207212.83,353.8651741
150344,15,02-01-2025,Apartment,40,982.37,"$292,030.79",Sold,C1225,01-02-2025,292030.79,297.2716899
150351,15,02-01-2025,Apartment,42,1298.37,"$364,634.43",Available,,01-02-2025,364634.43,280.8401534
150408,15,02-01-2025,Apartment,51,1689.08,"$461,101.00",Sold,C0118,01-02-2025,461101,272.989438
150419,15,02-01-2025,Apartment,52,829.2,"$259,423.47",Sold,C0410,01-02-2025,259423.47,312.8599493
150467,15,02-01-2025,Apartment,56,939.93,"$281,265.09",Available,,01-02-2025,281265.09,299.2404647
150506,15,02-01-2025,Apartment,60,1033.2,"$324,615.74",Sold,C1943,01-02-2025,324615.74,314.1848045
150513,15,02-01-2025,Office,60,1033.2,"$340,778.92",Sold,C1501,01-02-2025,340778.92,329.8286101
160043,16,02-01-2025,Apartment,6,1062.34,"$401,252.51",Sold,C0490,01-02-2025,401252.51,377.7062993
160062,16,02-01-2025,Apartment,8,986.18,"$271,891.69",Sold,C0546,01-02-2025,271891.69,275.7018901
160066,16,02-01-2025,Apartment,8,986.18,"$302,579.35",Available,,01-02-2025,302579.35,306.8195968
160078,16,02-01-2025,Apartment,9,1524.04,"$450,533.33",Sold,C1909,01-02-2025,450533.33,295.6177856
160111,16,02-01-2025,Apartment,11,1288.42,"$375,916.09",Sold,C1347,01-02-2025,375916.09,291.7651775
160117,16,02-01-2025,Apartment,12,549.98,"$153,033.12",Sold,C0157,01-02-2025,153033.12,278.2521546
160191,16,02-01-2025,Apartment,23,594.14,"$177,597.95",Available,,01-02-2025,177597.95,298.9159962
160206,16,02-01-2025,Apartment,26,1458.08,"$386,781.39",Available,,01-02-2025,386781.39,265.2676053
160251,16,02-01-2025,Apartment,29,489.49,"$139,220.68",Sold,C1358,01-02-2025,139220.68,284.4198656
160265,16,02-01-2025,Apartment,32,431.76,"$122,072.19",Available,,01-02-2025,122072.19,282.731587
160282,16,02-01-2025,Apartment,33,881.17,"$246,388.55",Available,,01-02-2025,246388.55,279.6152275
160288,16,02-01-2025,Apartment,34,743.19,"$228,152.13",Sold,C0188,01-02-2025,228152.13,306.990312
160327,16,02-01-2025,Apartment,38,431.83,"$141,982.12",Sold,C1878,01-02-2025,141982.12,328.7917004
160348,16,02-01-2025,Apartment,41,1001.72,"$301,088.09",Sold,C1588,01-02-2025,301088.09,300.5711077
160351,16,02-01-2025,Apartment,41,1001.72,"$282,183.87",Available,,01-02-2025,282183.87,281.6993471
160355,16,02-01-2025,Apartment,41,1001.72,"$343,497.51",Sold,C1240,01-02-2025,343497.51,342.9077087
170062,17,02-01-2025,Apartment,8,1297.3,"$367,286.05",Sold,C0231,01-02-2025,367286.05,283.1157404
170078,17,02-01-2025,Apartment,10,1059.07,"$331,410.45",Available,,01-02-2025,331410.45,312.9259161
170086,17,02-01-2025,Apartment,10,1059.07,"$243,250.45",Available,,01-02-2025,243250.45,229.683071
170090,17,02-01-2025,Apartment,11,596.22,"$181,421.79",Sold,C1835,01-02-2025,181421.79,304.2866559
170119,17,02-01-2025,Apartment,14,1646.02,"$545,914.63",Available,,01-02-2025,545914.63,331.6573492
170140,17,02-01-2025,Apartment,16,1693,"$504,379.44",Available,,01-02-2025,504379.44,297.9205198
170226,17,02-01-2025,Apartment,26,929.59,"$317,758.61",Sold,C0597,01-02-2025,317758.61,341.8266225
170231,17,02-01-2025,Apartment,27,677.24,"$213,538.13",Available,,01-02-2025,213538.13,315.3064349
170250,17,02-01-2025,Apartment,28,1201.04,"$408,993.51",Sold,C0212,01-02-2025,408993.51,340.5327966
170350,17,02-01-2025,Apartment,45,1574.3,"$441,706.47",Sold,C0723,01-02-2025,441706.47,280.5732516
170357,17,02-01-2025,Office,46,1582.61,"$425,502.86",Sold,C1125,01-02-2025,425502.86,268.8614757
170375,17,02-01-2025,Apartment,46,1582.61,"$382,955.82",Available,,01-02-2025,382955.82,241.9773791
180026,18,02-01-2025,Apartment,3,524.48,"$170,571.14",Sold,C0549,01-02-2025,170571.14,325.2195317
180055,18,02-01-2025,Apartment,6,840.25,"$237,460.80",Sold,C1970,01-02-2025,237460.8,282.6073193
180073,18,02-01-2025,Apartment,9,894.92,"$219,920.56",Sold,C0143,01-02-2025,219920.56,245.743262
180075,18,02-01-2025,Apartment,9,894.92,"$293,067.82",Sold,C0240,01-02-2025,293067.82,327.4793501
180078,18,02-01-2025,Apartment,10,1111.43,"$273,871.34",Available,,01-02-2025,273871.34,246.4134853
180129,18,02-01-2025,Apartment,17,1195.81,"$363,575.75",Sold,C0763,01-02-2025,363575.75,304.0414029
180164,18,02-01-2025,Apartment,22,1108.09,"$366,169.68",Available,,01-02-2025,366169.68,330.4512088
180197,18,02-01-2025,Apartment,25,911.94,"$297,415.23",Available,,01-02-2025,297415.23,326.134647
180240,18,02-01-2025,Apartment,30,1795.66,"$562,818.96",Sold,C0013,01-02-2025,562818.96,313.4329216
180249,18,02-01-2025,Apartment,30,1795.66,"$499,251.91",Available,,01-02-2025,499251.91,278.0325396
180251,18,02-01-2025,Apartment,30,1795.66,"$526,416.26",Sold,C0351,01-02-2025,526416.26,293.1603199
180275,18,02-01-2025,Apartment,33,1191.96,"$334,939.30",Sold,C0181,01-02-2025,334939.3,280.9987751
180279,18,02-01-2025,Apartment,35,799.05,"$242,910.33",Sold,C1759,01-02-2025,242910.33,303.9989112
180340,18,02-01-2025,Apartment,38,1219.8,"$346,043.52",Available,,01-02-2025,346043.52,283.6887359
180374,18,02-01-2025,Apartment,42,1045.42,"$344,722.40",Sold,C0515,01-02-2025,344722.4,329.7453655
180420,18,02-01-2025,Apartment,48,564.59,"$200,099.00",Sold,C0428,01-02-2025,200099,354.414708
180496,18,02-01-2025,Apartment,55,930.04,"$263,674.47",Sold,C0701,01-02-2025,263674.47,283.5087416
180502,18,02-01-2025,Apartment,55,930.04,"$278,811.89",Sold,C1344,01-02-2025,278811.89,299.7848372
180512,18,02-01-2025,Apartment,57,636.39,"$203,193.41",Sold,C0587,01-02-2025,203193.41,319.2907022
180541,18,02-01-2025,Apartment,61,1019.7,"$315,923.54",Sold,C0659,01-02-2025,315923.54,309.8200843
180542,18,02-01-2025,Office,61,1019.7,"$261,651.11",Sold,C1169,01-02-2025,261651.11,256.5961655
180573,18,02-01-2025,Office,66,1631.24,"$486,354.46",Sold,C0906,01-02-2025,486354.46,298.1501557
190041,19,02-01-2025,Apartment,7,973.6,"$307,421.87",Sold,C0307,01-02-2025,307421.87,315.757878
190051,19,02-01-2025,Office,8,974.77,"$315,031.62",Sold,C0136,01-02-2025,315031.62,323.1855925
190089,19,02-01-2025,Apartment,13,766.61,"$196,028.29",Available,,01-02-2025,196028.29,255.7079741
190100,19,02-01-2025,Apartment,14,630.47,"$215,726.19",Sold,C0128,01-02-2025,215726.19,342.1672562
190102,19,02-01-2025,Apartment,14,630.47,"$213,497.85",Sold,C1451,01-02-2025,213497.85,338.6328453
190120,19,02-01-2025,Apartment,16,1711.98,"$467,106.95",Available,,01-02-2025,467106.95,272.8460321
190123,19,02-01-2025,Apartment,17,574.75,"$209,680.44",Available,,01-02-2025,209680.44,364.8202523
190131,19,02-01-2025,Apartment,18,1599.44,"$426,712.10",Available,,01-02-2025,426712.1,266.7884385
190199,19,02-01-2025,Apartment,24,620.51,"$182,623.67",Available,,01-02-2025,182623.67,294.3122109
190205,19,02-01-2025,Apartment,25,996.38,"$305,412.40",Sold,C1042,01-02-2025,305412.4,306.5220097
190238,19,02-01-2025,Apartment,28,1599.78,"$436,128.05",Sold,C1174,01-02-2025,436128.05,272.6175162
190265,19,02-01-2025,Office,30,673.27,"$197,900.76",Sold,C1836,01-02-2025,197900.76,293.9396676
190281,19,02-01-2025,Office,32,1048.61,"$327,521.14",Sold,C0070,01-02-2025,327521.14,312.3383717
190282,19,02-01-2025,Apartment,33,1454.84,"$503,290.73",Sold,C0339,01-02-2025,503290.73,345.9423236
190299,19,02-01-2025,Apartment,35,1099.62,"$327,921.89",Sold,C1853,01-02-2025,327921.89,298.2138284
190314,19,02-01-2025,Apartment,37,1565.26,"$533,438.18",Available,,01-02-2025,533438.18,340.7984488
190388,19,02-01-2025,Apartment,44,982.8,"$310,988.41",Sold,C1393,01-02-2025,310988.41,316.4310236
190404,19,02-01-2025,Apartment,46,1926.19,"$611,112.10",Sold,C1235,01-02-2025,611112.1,317.2647039
190420,19,02-01-2025,Apartment,48,851.11,"$266,270.58",Sold,C1034,01-02-2025,266270.58,312.8509593
200020,20,02-01-2025,Apartment,2,1669.84,"$503,401.23",Sold,C0283,01-02-2025,503401.23,301.4667453
200043,20,02-01-2025,Apartment,5,802.5,"$257,463.69",Available,,01-02-2025,257463.69,320.827028
200047,20,02-01-2025,Apartment,5,802.5,"$239,207.88",Available,,01-02-2025,239207.88,298.0783551
200087,20,02-01-2025,Office,12,856.15,"$273,895.07",Sold,C1089,01-02-2025,273895.07,319.9148163
200096,20,02-01-2025,Apartment,13,1587.57,"$406,942.26",Available,,01-02-2025,406942.26,256.3302783
200138,20,02-01-2025,Apartment,17,1089.33,"$341,503.37",Sold,C1397,01-02-2025,341503.37,313.498545
200217,20,02-01-2025,Apartment,26,1941.62,"$619,157.65",Sold,C1399,01-02-2025,619157.65,318.8871406
200310,20,02-01-2025,Apartment,33,630.53,"$187,899.97",Available,,01-02-2025,187899.97,298.0032195
200412,20,02-01-2025,Apartment,47,590.12,"$164,834.69",Sold,C1567,01-02-2025,164834.69,279.3240188
200460,20,02-01-2025,Apartment,51,1062.33,"$315,514.31",Sold,C1323,01-02-2025,315514.31,297.0021651
200474,20,02-01-2025,Apartment,54,589.61,"$189,747.29",Available,,01-02-2025,189747.29,321.8183036
200495,20,02-01-2025,Apartment,57,445.15,"$140,335.17",Sold,C0598,01-02-2025,140335.17,315.2536673
1022,1,03-01-2025,Apartment,22,743.09,"$210,745.17",Sold,C0005,01-03-2025,210745.17,283.6065214
1044,1,03-01-2025,Apartment,44,827.87,"$229,464.71",Sold,C0094,01-03-2025,229464.71,277.1748101
2027,2,03-01-2025,Apartment,27,785.48,"$247,739.44",Sold,C0007,01-03-2025,247739.44,315.398788
2037,2,03-01-2025,Apartment,37,723.83,"$229,581.78",Sold,C0051,01-03-2025,229581.78,317.1763812
4024,4,03-01-2025,Apartment,24,1121.95,"$372,001.70",Sold,C0139,01-03-2025,372001.7,331.567093
4034,4,03-01-2025,Apartment,34,794.52,"$243,052.59",Sold,C0114,01-03-2025,243052.59,305.9112294
5022,5,03-01-2025,Apartment,22,798.28,"$287,466.41",Sold,C0072,01-03-2025,287466.41,360.1072431
5030,5,03-01-2025,Apartment,30,1057.92,"$357,538.20",Sold,C0130,01-03-2025,357538.2,337.9633621
10006,1,03-01-2025,Apartment,2,715.67,"$223,171.15",Sold,C0183,01-03-2025,223171.15,311.8352732
10010,1,03-01-2025,Apartment,2,715.67,"$215,269.12",Sold,C1854,01-03-2025,215269.12,300.7938296
10015,1,03-01-2025,Apartment,3,788.73,"$269,440.75",Sold,C0142,01-03-2025,269440.75,341.6134165
10047,1,03-01-2025,Apartment,5,753.87,"$216,862.53",Sold,C0195,01-03-2025,216862.53,287.6656851
10053,1,03-01-2025,Apartment,7,758.88,"$243,318.88",Sold,C1207,01-03-2025,243318.88,320.6289268
10059,1,03-01-2025,Apartment,7,758.88,"$261,397.12",Sold,C0186,01-03-2025,261397.12,344.4511912
10083,1,03-01-2025,Office,11,1429.46,"$510,261.37",Sold,C0844,01-03-2025,510261.37,356.9609293
10096,1,03-01-2025,Apartment,13,719.47,"$226,445.32",Sold,C0185,01-03-2025,226445.32,314.7390718
10138,1,03-01-2025,Apartment,17,608.25,"$192,041.76",Available,,01-03-2025,192041.76,315.7283354
10147,1,03-01-2025,Apartment,19,773.17,"$218,014.00",Available,,01-03-2025,218014,281.9742101
10204,1,03-01-2025,Apartment,24,1146.11,"$411,828.28",Sold,C0956,01-03-2025,411828.28,359.3270105
10246,1,03-01-2025,Apartment,29,757.2,"$256,617.65",Sold,C0445,01-03-2025,256617.65,338.9033941
10302,1,03-01-2025,Apartment,32,800.77,"$237,300.35",Available,,01-03-2025,237300.35,296.34021
10422,1,03-01-2025,Apartment,49,629.24,"$200,128.76",Available,,01-03-2025,200128.76,318.0483758
20013,2,03-01-2025,Apartment,2,788.72,"$260,832.79",Sold,C0518,01-03-2025,260832.79,330.7039127
20031,2,03-01-2025,Office,3,645.84,"$201,088.27",Available,,01-03-2025,201088.27,311.3592685
20043,2,03-01-2025,Apartment,5,933.95,"$284,116.54",Sold,C0596,01-03-2025,284116.54,304.209583
20129,2,03-01-2025,Apartment,15,1603.33,"$529,448.55",Sold,C1660,01-03-2025,529448.55,330.2180774
20134,2,03-01-2025,Apartment,16,1117.38,"$313,850.22",Sold,C0198,01-03-2025,313850.22,280.8804704
20185,2,03-01-2025,Apartment,21,921.38,"$267,340.32",Sold,C1254,01-03-2025,267340.32,290.1520762
20195,2,03-01-2025,Apartment,22,653.41,"$214,779.83",Sold,C0473,01-03-2025,214779.83,328.7060651
20213,2,03-01-2025,Apartment,24,785.12,"$252,088.96",Available,,01-03-2025,252088.96,321.0833503
20260,2,03-01-2025,Apartment,30,786.4,"$251,909.58",Sold,C0233,01-03-2025,251909.58,320.3326297
20301,2,03-01-2025,Apartment,35,1391.68,"$425,215.43",Available,,01-03-2025,425215.43,305.5410942
20315,2,03-01-2025,Apartment,37,780.46,"$199,200.35",Sold,C0891,01-03-2025,199200.35,255.2345412
20355,2,03-01-2025,Apartment,42,786.45,"$218,343.57",Sold,C1319,01-03-2025,218343.57,277.631852
20360,2,03-01-2025,Apartment,42,786.45,"$272,617.43",Available,,01-03-2025,272617.43,346.6430542
20364,2,03-01-2025,Apartment,42,786.45,"$213,633.08",Available,,01-03-2025,213633.08,271.6422913
20387,2,03-01-2025,Apartment,46,697.74,"$207,424.44",Sold,C1308,01-03-2025,207424.44,297.2804196
20399,2,03-01-2025,Office,46,697.74,"$213,454.35",Sold,C0827,01-03-2025,213454.35,305.9224783
20418,2,03-01-2025,Office,47,708.32,"$218,276.55",Available,,01-03-2025,218276.55,308.1609301
20430,2,03-01-2025,Apartment,49,1617.9,"$507,869.00",Sold,C1000,01-03-2025,507869,313.9062983
20463,2,03-01-2025,Apartment,55,579.26,"$181,212.71",Sold,C1844,01-03-2025,181212.71,312.834841
30003,3,03-01-2025,Apartment,1,689.75,"$204,858.89",Sold,C1434,01-03-2025,204858.89,297.0045524
30007,3,03-01-2025,Apartment,1,689.75,"$221,364.52",Sold,C0720,01-03-2025,221364.52,320.9344255
30014,3,03-01-2025,Apartment,1,689.75,"$172,763.55",Sold,C1910,01-03-2025,172763.55,250.4727075
30017,3,03-01-2025,Apartment,1,689.75,"$196,425.12",Sold,C1997,01-03-2025,196425.12,284.7772671
30045,3,03-01-2025,Office,5,701.19,"$217,700.03",Sold,C1834,01-03-2025,217700.03,310.47224
30050,3,03-01-2025,Apartment,5,701.19,"$191,573.49",Sold,C0141,01-03-2025,191573.49,273.211954
30102,3,03-01-2025,Apartment,9,1125.84,"$337,104.83",Sold,C0939,01-03-2025,337104.83,299.425167
30160,3,03-01-2025,Apartment,18,706.68,"$232,965.64",Sold,C1524,01-03-2025,232965.64,329.6621385
30161,3,03-01-2025,Apartment,18,706.68,"$205,599.43",Sold,C1532,01-03-2025,205599.43,290.9371002
30220,3,03-01-2025,Apartment,25,765.56,"$200,763.27",Available,,01-03-2025,200763.27,262.2436778
30226,3,03-01-2025,Office,26,923.9,"$304,707.65",Sold,C1979,01-03-2025,304707.65,329.8058773
30236,3,03-01-2025,Apartment,27,1117.14,"$304,737.66",Available,,01-03-2025,304737.66,272.7837693
30270,3,03-01-2025,Apartment,29,666,"$222,047.97",Available,,01-03-2025,222047.97,333.4053604
30286,3,03-01-2025,Apartment,34,768.76,"$259,647.03",Sold,C1463,01-03-2025,259647.03,337.7478407
30301,3,03-01-2025,Apartment,36,733.45,"$204,902.86",Sold,C1083,01-03-2025,204902.86,279.3685459
30339,3,03-01-2025,Apartment,41,965.5,"$334,240.70",Sold,C1780,01-03-2025,334240.7,346.1840497
30372,3,03-01-2025,Apartment,46,1599.81,"$433,989.62",Sold,C0829,01-03-2025,433989.62,271.2757265
30376,3,03-01-2025,Office,46,1599.81,"$568,142.17",Sold,C1851,01-03-2025,568142.17,355.1310281
30409,3,03-01-2025,Apartment,49,1174.48,"$311,720.22",Available,,01-03-2025,311720.22,265.4112629
30452,3,03-01-2025,Apartment,52,1361.9,"$373,635.26",Sold,C1732,01-03-2025,373635.26,274.3485278
30454,3,03-01-2025,Office,53,567.84,"$177,709.65",Sold,C0065,01-03-2025,177709.65,312.9572591
40036,4,03-01-2025,Apartment,4,783.03,"$181,705.84",Sold,C0622,01-03-2025,181705.84,232.0547616
40060,4,03-01-2025,Apartment,5,786.98,"$232,426.35",Available,,01-03-2025,232426.35,295.3395893
40083,4,03-01-2025,Apartment,11,802.79,"$255,732.58",Sold,C1511,01-03-2025,255732.58,318.5547653
40086,4,03-01-2025,Apartment,11,802.79,"$199,370.74",Sold,C1679,01-03-2025,199370.74,248.3473137
40107,4,03-01-2025,Office,13,809.06,"$258,147.75",Available,,01-03-2025,258147.75,319.0712061
40135,4,03-01-2025,Apartment,16,1128.21,"$353,988.11",Sold,C0787,01-03-2025,353988.11,313.7608335
40164,4,03-01-2025,Apartment,20,1609.62,"$574,177.29",Sold,C0907,01-03-2025,574177.29,356.716051
40193,4,03-01-2025,Office,24,786.05,"$256,722.44",Available,,01-03-2025,256722.44,326.5981044
40226,4,03-01-2025,Office,26,790.05,"$218,259.42",Sold,C0075,01-03-2025,218259.42,276.260262
40281,4,03-01-2025,Apartment,33,734.73,"$206,454.32",Available,,01-03-2025,206454.32,280.9934534
40288,4,03-01-2025,Apartment,33,734.73,"$217,334.75",Sold,C1088,01-03-2025,217334.75,295.8021994
40302,4,03-01-2025,Apartment,36,736.77,"$222,972.29",Sold,C0412,01-03-2025,222972.29,302.6348657
40320,4,03-01-2025,Apartment,39,743.73,"$206,292.08",Available,,01-03-2025,206292.08,277.3749613
40328,4,03-01-2025,Office,39,743.73,"$216,749.68",Available,,01-03-2025,216749.68,291.4359781
40334,4,03-01-2025,Apartment,40,780.74,"$272,122.22",Sold,C1137,01-03-2025,272122.22,348.5439711
40390,4,03-01-2025,Apartment,45,1160.48,"$354,717.69",Available,,01-03-2025,354717.69,305.6646302
40416,4,03-01-2025,Apartment,49,739.7,"$212,434.99",Available,,01-03-2025,212434.99,287.1907395
40434,4,03-01-2025,Apartment,50,791.37,"$245,818.42",Sold,C1286,01-03-2025,245818.42,310.6238801
50061,5,03-01-2025,Apartment,9,793.56,"$246,714.42",Sold,C1912,01-03-2025,246714.42,310.8957357
50079,5,03-01-2025,Apartment,10,629.27,"$220,638.59",Sold,C1622,01-03-2025,220638.59,350.6262654
50113,5,03-01-2025,Office,14,624.96,"$211,905.97",Sold,C0388,01-03-2025,211905.97,339.0712526
50115,5,03-01-2025,Apartment,15,1050.95,"$340,987.95",Sold,C0246,01-03-2025,340987.95,324.4568724
50129,5,03-01-2025,Office,17,798.74,"$269,956.40",Available,,01-03-2025,269956.4,337.9778151
50135,5,03-01-2025,Apartment,17,798.74,"$236,197.69",Sold,C1730,01-03-2025,236197.69,295.7128603
50196,5,03-01-2025,Office,25,1049.99,"$279,852.10",Sold,C0768,01-03-2025,279852.1,266.5283479
50238,5,03-01-2025,Office,32,1051.39,"$351,533.62",Available,,01-03-2025,351533.62,334.3513064
50270,5,03-01-2025,Apartment,36,627.56,"$179,421.99",Available,,01-03-2025,179421.99,285.9041207
60008,6,03-01-2025,Apartment,1,1720.95,"$564,815.29",Sold,C0477,01-03-2025,564815.29,328.1997095
60012,6,03-01-2025,Apartment,1,1720.95,"$478,936.91",Available,,01-03-2025,478936.91,278.2979808
60086,6,03-01-2025,Apartment,7,1075.42,"$359,309.30",Sold,C0719,01-03-2025,359309.3,334.110673
60115,6,03-01-2025,Apartment,10,942.08,"$277,376.95",Sold,C0286,01-03-2025,277376.95,294.4303562
60147,6,03-01-2025,Office,12,1678.17,"$666,248.73",Sold,C1385,01-03-2025,666248.73,397.0090813
60177,6,03-01-2025,Apartment,16,1687.92,"$500,551.32",Sold,C0245,01-03-2025,500551.32,296.5491966
60186,6,03-01-2025,Apartment,17,1502.18,"$470,839.17",Sold,C0723,01-03-2025,470839.17,313.4372512
60206,6,03-01-2025,Apartment,20,1897.17,"$597,216.83",Sold,C0148,01-03-2025,597216.83,314.793524
60208,6,03-01-2025,Apartment,20,1897.17,"$686,530.85",Available,,01-03-2025,686530.85,361.8710237
60258,6,03-01-2025,Office,26,1538.47,"$503,560.15",Sold,C0635,01-03-2025,503560.15,327.3122973
60314,6,03-01-2025,Apartment,34,1353.81,"$465,516.42",Available,,01-03-2025,465516.42,343.8565382
60373,6,03-01-2025,Apartment,43,1492.81,"$461,758.65",Sold,C1513,01-03-2025,461758.65,309.3217824
60389,6,03-01-2025,Apartment,45,435.53,"$121,496.74",Available,,01-03-2025,121496.74,278.9629647
60400,6,03-01-2025,Apartment,47,550.99,"$170,552.87",Available,,01-03-2025,170552.87,309.5389571
60434,6,03-01-2025,Apartment,51,1476.63,"$410,957.65",Available,,01-03-2025,410957.65,278.3078022
60463,6,03-01-2025,Apartment,54,1633.19,"$503,034.95",Sold,C1645,01-03-2025,503034.95,308.0076109
60467,6,03-01-2025,Apartment,55,562.37,"$176,261.92",Available,,01-03-2025,176261.92,313.4269609
60473,6,03-01-2025,Apartment,55,562.37,"$151,179.06",Sold,C1782,01-03-2025,151179.06,268.8249018
70006,7,03-01-2025,Apartment,2,1478.43,"$453,645.31",Sold,C0758,01-03-2025,453645.31,306.8426033
70019,7,03-01-2025,Apartment,4,1309.78,"$347,849.83",Sold,C1927,01-03-2025,347849.83,265.5788224
70058,7,03-01-2025,Apartment,9,926.11,"$268,177.27",Sold,C0994,01-03-2025,268177.27,289.5738843
70092,7,03-01-2025,Apartment,13,604.6,"$172,642.90",Sold,C0264,01-03-2025,172642.9,285.548958
70106,7,03-01-2025,Apartment,14,714.65,"$207,166.22",Sold,C1917,01-03-2025,207166.22,289.8848667
70108,7,03-01-2025,Office,14,714.65,"$250,498.72",Sold,C0260,01-03-2025,250498.72,350.5194431
70134,7,03-01-2025,Office,16,1239.87,"$387,314.45",Available,,01-03-2025,387314.45,312.3831127
70190,7,03-01-2025,Apartment,21,1528.62,"$447,108.45",Sold,C0515,01-03-2025,447108.45,292.491561
70194,7,03-01-2025,Apartment,22,1914.21,"$693,731.35",Sold,C0961,01-03-2025,693731.35,362.4113081
70198,7,03-01-2025,Apartment,22,1914.21,"$570,050.15",Available,,01-03-2025,570050.15,297.7991704
70211,7,03-01-2025,Apartment,23,1222.69,"$412,118.88",Sold,C0077,01-03-2025,412118.88,337.0591728
70301,7,03-01-2025,Apartment,36,1748.75,"$513,627.42",Available,,01-03-2025,513627.42,293.7111766
70402,7,03-01-2025,Office,47,1033.08,"$356,614.79",Sold,C0554,01-03-2025,356614.79,345.1957157
70515,7,03-01-2025,Apartment,60,1219.54,"$329,030.02",Sold,C1624,01-03-2025,329030.02,269.798465
80021,8,03-01-2025,Apartment,3,1736.05,"$502,610.03",Sold,C0261,01-03-2025,502610.03,289.5135682
80025,8,03-01-2025,Office,3,1736.05,"$530,898.76",Sold,C1792,01-03-2025,530898.76,305.8084502
80090,8,03-01-2025,Apartment,9,1869.81,"$537,291.01",Sold,C0008,01-03-2025,537291.01,287.3505918
80116,8,03-01-2025,Apartment,14,685.93,"$175,256.09",Sold,C1821,01-03-2025,175256.09,255.5014214
80118,8,03-01-2025,Apartment,14,685.93,"$201,911.89",Sold,C0502,01-03-2025,201911.89,294.3622381
80224,8,03-01-2025,Office,29,1848.51,"$536,177.39",Sold,C1662,01-03-2025,536177.39,290.0592315
80234,8,03-01-2025,Apartment,30,1070.46,"$307,826.14",Sold,C0691,01-03-2025,307826.14,287.5643555
80242,8,03-01-2025,Apartment,31,1253.18,"$415,476.82",Sold,C0188,01-03-2025,415476.82,331.5380233
80272,8,03-01-2025,Apartment,33,1809.87,"$556,388.88",Sold,C0232,01-03-2025,556388.88,307.4192511
80292,8,03-01-2025,Apartment,34,1684.75,"$547,341.89",Available,,01-03-2025,547341.89,324.880184
80331,8,03-01-2025,Apartment,37,890.65,"$297,513.05",Sold,C1258,01-03-2025,297513.05,334.0403638
80338,8,03-01-2025,Office,37,890.65,"$286,051.39",Available,,01-03-2025,286051.39,321.1714927
80416,8,03-01-2025,Apartment,47,543.08,"$141,656.98",Available,,01-03-2025,141656.98,260.8399867
80423,8,03-01-2025,Apartment,48,480.99,"$138,782.37",Available,,01-03-2025,138782.37,288.5348344
80439,8,03-01-2025,Office,51,803.06,"$255,042.44",Available,,01-03-2025,255042.44,317.5882748
80442,8,03-01-2025,Apartment,52,559.73,"$182,831.05",Sold,C1799,01-03-2025,182831.05,326.6415057
80446,8,03-01-2025,Apartment,53,1891.72,"$599,896.96",Sold,C0788,01-03-2025,599896.96,317.1172055
80471,8,03-01-2025,Apartment,55,1300.05,"$425,583.77",Sold,C0662,01-03-2025,425583.77,327.35954
90003,9,03-01-2025,Apartment,1,832.35,"$230,038.43",Available,,01-03-2025,230038.43,276.3722352
90009,9,03-01-2025,Apartment,1,832.35,"$219,973.09",Available,,01-03-2025,219973.09,264.2795579
90046,9,03-01-2025,Apartment,8,1315.55,"$388,878.86",Sold,C1713,01-03-2025,388878.86,295.6017331
90092,9,03-01-2025,Office,15,1732.33,"$586,679.08",Sold,C0913,01-03-2025,586679.08,338.6647348
90126,9,03-01-2025,Apartment,19,1866.15,"$547,017.84",Available,,01-03-2025,547017.84,293.1264046
90162,9,03-01-2025,Apartment,25,1904.38,"$562,194.46",Available,,01-03-2025,562194.46,295.2112814
90210,9,03-01-2025,Office,30,1250.17,"$479,088.84",Sold,C1533,01-03-2025,479088.84,383.2189542
90225,9,03-01-2025,Apartment,33,973.52,"$292,852.50",Sold,C1340,01-03-2025,292852.5,300.818165
90233,9,03-01-2025,Apartment,33,973.52,"$318,942.96",Available,,01-03-2025,318942.96,327.6182924
90255,9,03-01-2025,Apartment,34,1577.36,"$449,790.86",Available,,01-03-2025,449790.86,285.1542197
90292,9,03-01-2025,Apartment,36,1582.79,"$448,348.86",Sold,C1325,01-03-2025,448348.86,283.2649056
90334,9,03-01-2025,Apartment,40,1090.32,"$310,903.56",Sold,C1820,01-03-2025,310903.56,285.1489104
90356,9,03-01-2025,Apartment,41,1488.32,"$454,222.45",Available,,01-03-2025,454222.45,305.1913903
90363,9,03-01-2025,Apartment,43,1908.91,"$558,618.92",Sold,C0512,01-03-2025,558618.92,292.6376414
90370,9,03-01-2025,Apartment,44,1351.57,"$458,342.78",Sold,C0065,01-03-2025,458342.78,339.1187878
90465,9,03-01-2025,Apartment,57,1198.57,"$382,528.88",Sold,C0776,01-03-2025,382528.88,319.1543923
90471,9,03-01-2025,Office,57,1198.57,"$360,318.53",Sold,C1246,01-03-2025,360318.53,300.6236849
90472,9,03-01-2025,Apartment,57,1198.57,"$348,984.03",Sold,C0353,01-03-2025,348984.03,291.166999
90480,9,03-01-2025,Apartment,58,838.34,"$247,507.53",Sold,C1367,01-03-2025,247507.53,295.2352625
90485,9,03-01-2025,Apartment,58,838.34,"$262,587.26",Available,,01-03-2025,262587.26,313.222869
90509,9,03-01-2025,Office,58,838.34,"$263,088.10",Sold,C1300,01-03-2025,263088.1,313.8202877
90525,9,03-01-2025,Apartment,59,1697.13,"$478,022.04",Sold,C1972,01-03-2025,478022.04,281.664952
100054,10,03-01-2025,Office,5,1741.96,"$459,558.39",Sold,C0068,01-03-2025,459558.39,263.8168442
100066,10,03-01-2025,Apartment,9,1849.4,"$527,522.52",Available,,01-03-2025,527522.52,285.2398183
100074,10,03-01-2025,Apartment,9,1849.4,"$527,107.10",Sold,C0073,01-03-2025,527107.1,285.0151941
100099,10,03-01-2025,Apartment,12,852.74,"$265,492.59",Sold,C0551,01-03-2025,265492.59,311.3406079
100111,10,03-01-2025,Apartment,15,1948.32,"$524,175.54",Sold,C0410,01-03-2025,524175.54,269.0397573
100144,10,03-01-2025,Apartment,18,1244.03,"$347,987.67",Sold,C1560,01-03-2025,347987.67,279.7261079
100207,10,03-01-2025,Apartment,26,1294.85,"$413,491.65",Available,,01-03-2025,413491.65,319.3355601
100209,10,03-01-2025,Office,26,1294.85,"$518,409.30",Sold,C1581,01-03-2025,518409.3,400.3624358
100218,10,03-01-2025,Apartment,27,777.35,"$232,234.81",Sold,C1501,01-03-2025,232234.81,298.7519264
100269,10,03-01-2025,Apartment,31,1499,"$463,667.58",Sold,C0641,01-03-2025,463667.58,309.317932
100282,10,03-01-2025,Apartment,33,1010.7,"$300,235.90",Sold,C0894,01-03-2025,300235.9,297.057386
100293,10,03-01-2025,Apartment,34,1435.44,"$387,981.26",Sold,C1322,01-03-2025,387981.26,270.2873405
100308,10,03-01-2025,Apartment,36,1920.65,"$531,282.16",Sold,C0184,01-03-2025,531282.16,276.6158124
100335,10,03-01-2025,Office,39,1188.51,"$359,387.46",Available,,01-03-2025,359387.46,302.3848853
100345,10,03-01-2025,Apartment,42,1757.51,"$618,238.68",Sold,C1443,01-03-2025,618238.68,351.7696514
100347,10,03-01-2025,Apartment,42,1757.51,"$509,155.44",Sold,C1165,01-03-2025,509155.44,289.7027272
100401,10,03-01-2025,Apartment,46,1525.34,"$375,800.81",Sold,C1614,01-03-2025,375800.81,246.3718319
100413,10,03-01-2025,Apartment,50,1138.32,"$373,299.40",Sold,C1055,01-03-2025,373299.4,327.9388924
110010,11,03-01-2025,Apartment,1,1902.88,"$555,202.09",Sold,C0821,01-03-2025,555202.09,291.7693654
110011,11,03-01-2025,Apartment,2,938,"$235,785.16",Available,,01-03-2025,235785.16,251.3701066
110034,11,03-01-2025,Apartment,4,1414.25,"$488,382.72",Sold,C0947,01-03-2025,488382.72,345.3298356
110052,11,03-01-2025,Apartment,6,1724.08,"$609,943.05",Sold,C1373,01-03-2025,609943.05,353.778856
110090,11,03-01-2025,Apartment,10,1519.64,"$489,897.85",Available,,01-03-2025,489897.85,322.3775697
110126,11,03-01-2025,Apartment,14,524.68,"$140,749.68",Sold,C0770,01-03-2025,140749.68,268.2581383
110138,11,03-01-2025,Apartment,14,524.68,"$158,061.44",Sold,C0996,01-03-2025,158061.44,301.2530304
110168,11,03-01-2025,Apartment,18,1562.55,"$467,446.40",Sold,C0713,01-03-2025,467446.4,299.156123
110177,11,03-01-2025,Apartment,19,1083.98,"$289,695.75",Sold,C0184,01-03-2025,289695.75,267.2519327
110185,11,03-01-2025,Apartment,20,570.62,"$206,179.46",Sold,C1187,01-03-2025,206179.46,361.3253303
110212,11,03-01-2025,Apartment,25,1802.24,"$534,988.59",Available,,01-03-2025,534988.59,296.8464744
110225,11,03-01-2025,Apartment,27,1638.1,"$497,575.53",Sold,C0820,01-03-2025,497575.53,303.7516208
110289,11,03-01-2025,Apartment,35,540.82,"$156,638.87",Sold,C0983,01-03-2025,156638.87,289.6321697
110333,11,03-01-2025,Apartment,40,638.97,"$211,286.34",Available,,01-03-2025,211286.34,330.6670736
110344,11,03-01-2025,Apartment,42,808.59,"$226,783.93",Sold,C0545,01-03-2025,226783.93,280.4683832
110387,11,03-01-2025,Apartment,45,1651.09,"$528,153.88",Available,,01-03-2025,528153.88,319.8819447
110443,11,03-01-2025,Apartment,52,1397.58,"$450,319.99",Available,,01-03-2025,450319.99,322.2141058
110466,11,03-01-2025,Apartment,55,1713.32,"$450,951.38",Available,,01-03-2025,450951.38,263.2032428
110491,11,03-01-2025,Apartment,58,1159.31,"$376,729.35",Available,,01-03-2025,376729.35,324.9599762
110530,11,03-01-2025,Apartment,62,1938.82,"$574,413.17",Available,,01-03-2025,574413.17,296.269468
120013,12,03-01-2025,Office,2,1285.87,"$384,219.60",Sold,C0079,01-03-2025,384219.6,298.8012785
120036,12,03-01-2025,Office,4,1559.34,"$442,139.42",Sold,C0305,01-03-2025,442139.42,283.5426655
120037,12,03-01-2025,Office,4,1559.34,"$441,228.83",Sold,C0836,01-03-2025,441228.83,282.9587069
120039,12,03-01-2025,Apartment,4,1559.34,"$392,122.42",Sold,C1433,01-03-2025,392122.42,251.4669155
120045,12,03-01-2025,Apartment,4,1559.34,"$508,239.14",Sold,C1317,01-03-2025,508239.14,325.9322149
120137,12,03-01-2025,Apartment,16,1523.02,"$508,184.49",Available,,01-03-2025,508184.49,333.6689538
120142,12,03-01-2025,Apartment,16,1523.02,"$461,655.95",Sold,C0018,01-03-2025,461655.95,303.1187706
120166,12,03-01-2025,Apartment,18,1702.66,"$447,987.25",Sold,C1280,01-03-2025,447987.25,263.1102217
120170,12,03-01-2025,Apartment,19,1381.22,"$365,814.85",Sold,C0685,01-03-2025,365814.85,264.8490827
120171,12,03-01-2025,Apartment,19,1381.22,"$393,216.26",Available,,01-03-2025,393216.26,284.6876385
120211,12,03-01-2025,Apartment,23,1094.46,"$341,221.59",Sold,C1574,01-03-2025,341221.59,311.7716408
120281,12,03-01-2025,Apartment,30,622.2,"$156,634.64",Available,,01-03-2025,156634.64,251.7432337
120335,12,03-01-2025,Apartment,36,813.16,"$227,280.56",Available,,01-03-2025,227280.56,279.5028777
120378,12,03-01-2025,Apartment,41,938.23,"$279,698.29",Sold,C1052,01-03-2025,279698.29,298.1127122
130018,13,03-01-2025,Apartment,1,1899.92,"$652,896.45",Available,,01-03-2025,652896.45,343.6441798
130095,13,03-01-2025,Apartment,11,1678.3,"$455,545.83",Available,,01-03-2025,455545.83,271.4328964
130111,13,03-01-2025,Apartment,14,777.75,"$241,168.73",Available,,01-03-2025,241168.73,310.0851559
130246,13,03-01-2025,Apartment,28,1173.72,"$296,226.57",Available,,01-03-2025,296226.57,252.3826551
130248,13,03-01-2025,Apartment,29,568.7,"$164,991.39",Sold,C1541,01-03-2025,164991.39,290.1202567
130272,13,03-01-2025,Apartment,32,1114.07,"$337,590.23",Available,,01-03-2025,337590.23,303.0242534
130279,13,03-01-2025,Apartment,32,1114.07,"$357,213.90",Sold,C0015,01-03-2025,357213.9,320.6386493
130370,13,03-01-2025,Apartment,41,1168.7,"$356,090.10",Sold,C1451,01-03-2025,356090.1,304.6890562
130376,13,03-01-2025,Apartment,42,1044.42,"$262,496.75",Available,,01-03-2025,262496.75,251.3325578
130394,13,03-01-2025,Apartment,43,1875.83,"$530,003.66",Available,,01-03-2025,530003.66,282.5435461
130430,13,03-01-2025,Apartment,47,1874.35,"$614,304.54",Sold,C1437,01-03-2025,614304.54,327.7427055
130446,13,03-01-2025,Apartment,49,572.01,"$180,013.62",Sold,C1491,01-03-2025,180013.62,314.7036241
130450,13,03-01-2025,Apartment,50,1469.09,"$480,172.84",Sold,C0830,01-03-2025,480172.84,326.8505265
130480,13,03-01-2025,Apartment,55,710.41,"$189,589.64",Sold,C0974,01-03-2025,189589.64,266.8735519
130516,13,03-01-2025,Apartment,60,1401.81,"$341,221.35",Available,,01-03-2025,341221.35,243.4148351
130585,13,03-01-2025,Apartment,67,524.97,"$179,942.16",Sold,C1124,01-03-2025,179942.16,342.7665581
130592,13,03-01-2025,Apartment,68,1590.69,"$492,001.45",Sold,C0851,01-03-2025,492001.45,309.3006494
130599,13,03-01-2025,Apartment,70,750.41,"$252,362.11",Available,,01-03-2025,252362.11,336.2989699
140035,14,03-01-2025,Apartment,6,1733.36,"$458,349.81",Sold,C0631,01-03-2025,458349.81,264.4285146
140077,14,03-01-2025,Apartment,10,686.98,"$198,869.37",Sold,C0189,01-03-2025,198869.37,289.483493
140086,14,03-01-2025,Apartment,11,1431.42,"$358,234.23",Sold,C0179,01-03-2025,358234.23,250.2649327
140113,14,03-01-2025,Apartment,12,459.44,"$132,687.06",Available,,01-03-2025,132687.06,288.8017151
140141,14,03-01-2025,Apartment,15,784.04,"$205,905.46",Available,,01-03-2025,205905.46,262.6211163
140157,14,03-01-2025,Apartment,16,915.37,"$295,485.71",Sold,C0046,01-03-2025,295485.71,322.8046692
140201,14,03-01-2025,Apartment,22,1148.66,"$382,113.57",Sold,C1149,01-03-2025,382113.57,332.6602911
140224,14,03-01-2025,Apartment,24,1205.25,"$337,423.76",Sold,C1673,01-03-2025,337423.76,279.9616345
140237,14,03-01-2025,Office,27,1866.49,"$608,264.77",Sold,C1977,01-03-2025,608264.77,325.8869697
140280,14,03-01-2025,Apartment,33,1894.96,"$538,973.07",Sold,C0221,01-03-2025,538973.07,284.4245103
140377,14,03-01-2025,Apartment,46,1258.99,"$404,402.26",Sold,C1445,01-03-2025,404402.26,321.2116538
140437,14,03-01-2025,Apartment,51,1346.3,"$413,330.24",Sold,C0517,01-03-2025,413330.24,307.0119884
140455,14,03-01-2025,Apartment,53,1493.72,"$507,394.76",Sold,C1129,01-03-2025,507394.76,339.6853226
150031,15,03-01-2025,Apartment,4,1110.88,"$340,794.83",Sold,C0303,01-03-2025,340794.83,306.7791571
150062,15,03-01-2025,Apartment,9,565.48,"$183,064.12",Sold,C1210,01-03-2025,183064.12,323.7322629
150086,15,03-01-2025,Apartment,14,1832.17,"$444,156.91",Available,,01-03-2025,444156.91,242.4212327
150151,15,03-01-2025,Apartment,19,1550.36,"$467,492.04",Sold,C1128,01-03-2025,467492.04,301.5377332
150162,15,03-01-2025,Apartment,21,1271.25,"$393,044.79",Available,,01-03-2025,393044.79,309.1797758
150163,15,03-01-2025,Apartment,21,1271.25,"$408,366.16",Available,,01-03-2025,408366.16,321.2319843
150172,15,03-01-2025,Apartment,22,1317.29,"$398,333.55",Available,,01-03-2025,398333.55,302.388654
150182,15,03-01-2025,Apartment,23,1279.23,"$380,799.02",Available,,01-03-2025,380799.02,297.6783065
150240,15,03-01-2025,Office,28,1567.93,"$416,427.59",Available,,01-03-2025,416427.59,265.5906769
150241,15,03-01-2025,Apartment,28,1567.93,"$470,015.42",Available,,01-03-2025,470015.42,299.7681146
150349,15,03-01-2025,Apartment,41,1586.79,"$391,450.82",Available,,01-03-2025,391450.82,246.6935259
150383,15,03-01-2025,Apartment,48,1403.33,"$436,176.31",Sold,C0224,01-03-2025,436176.31,310.815211
150407,15,03-01-2025,Apartment,51,1689.08,"$485,561.11",Sold,C0060,01-03-2025,485561.11,287.4707592
150426,15,03-01-2025,Apartment,53,696.04,"$233,058.54",Sold,C0910,01-03-2025,233058.54,334.8349807
150443,15,03-01-2025,Office,55,892.75,"$298,596.43",Sold,C0202,01-03-2025,298596.43,334.4681378
150472,15,03-01-2025,Apartment,57,429.34,"$145,693.65",Sold,C0046,01-03-2025,145693.65,339.3432944
150477,15,03-01-2025,Apartment,57,429.34,"$125,457.43",Available,,01-03-2025,125457.43,292.2099734
150486,15,03-01-2025,Apartment,58,1750.89,"$603,910.96",Sold,C1204,01-03-2025,603910.96,344.9165624
160081,16,03-01-2025,Apartment,9,1524.04,"$506,404.29",Available,,01-03-2025,506404.29,332.2775583
160082,16,03-01-2025,Office,9,1524.04,"$482,645.67",Available,,01-03-2025,482645.67,316.6883218
160096,16,03-01-2025,Office,10,1608.56,"$546,573.79",Sold,C0552,01-03-2025,546573.79,339.7907383
160190,16,03-01-2025,Apartment,23,594.14,"$182,540.03",Available,,01-03-2025,182540.03,307.2340357
160228,16,03-01-2025,Apartment,28,1440.71,"$440,954.34",Available,,01-03-2025,440954.34,306.0673834
160250,16,03-01-2025,Apartment,29,489.49,"$152,218.98",Available,,01-03-2025,152218.98,310.9746471
160275,16,03-01-2025,Apartment,33,881.17,"$246,824.34",Sold,C0012,01-03-2025,246824.34,280.1097859
160304,16,03-01-2025,Office,35,629.97,"$190,181.08",Sold,C1007,01-03-2025,190181.08,301.8891058
170016,17,03-01-2025,Apartment,1,530.28,"$158,604.20",Sold,C0595,01-03-2025,158604.2,299.095195
170093,17,03-01-2025,Apartment,11,596.22,"$175,259.38",Sold,C1617,01-03-2025,175259.38,293.9508571
170095,17,03-01-2025,Apartment,11,596.22,"$176,104.69",Available,,01-03-2025,176104.69,295.3686391
170112,17,03-01-2025,Apartment,13,916.9,"$253,453.37",Sold,C1990,01-03-2025,253453.37,276.4242229
170145,17,03-01-2025,Office,16,1693,"$523,881.71",Sold,C1276,01-03-2025,523881.71,309.439876
170152,17,03-01-2025,Office,16,1693,"$598,240.70",Sold,C1244,01-03-2025,598240.7,353.3613113
170175,17,03-01-2025,Apartment,19,1712.06,"$480,709.27",Sold,C0295,01-03-2025,480709.27,280.7782846
170183,17,03-01-2025,Office,20,792.27,"$289,102.68",Sold,C0117,01-03-2025,289102.68,364.9042372
170197,17,03-01-2025,Apartment,22,1221.66,"$347,335.46",Sold,C0226,01-03-2025,347335.46,284.3143428
170300,17,03-01-2025,Apartment,37,644.06,"$207,576.51",Sold,C0373,01-03-2025,207576.51,322.2937459
170376,17,03-01-2025,Apartment,46,1582.61,"$490,828.61",Sold,C1352,01-03-2025,490828.61,310.1387013
180089,18,03-01-2025,Apartment,12,1692.5,"$451,978.85",Sold,C1664,01-03-2025,451978.85,267.048065
180180,18,03-01-2025,Apartment,23,1659.02,"$498,617.70",Sold,C1645,01-03-2025,498617.7,300.5495413
180221,18,03-01-2025,Office,28,514.67,"$169,373.25",Available,,01-03-2025,169373.25,329.0909709
180339,18,03-01-2025,Apartment,38,1219.8,"$388,297.11",Available,,01-03-2025,388297.11,318.3285047
180356,18,03-01-2025,Apartment,40,990.46,"$299,605.04",Sold,C0661,01-03-2025,299605.04,302.4908023
180389,18,03-01-2025,Apartment,44,1334.77,"$399,778.78",Sold,C1004,01-03-2025,399778.78,299.5113615
180412,18,03-01-2025,Office,46,1410.38,"$398,235.67",Sold,C0027,01-03-2025,398235.67,282.3605482
180582,18,03-01-2025,Apartment,67,1664.17,"$527,806.89",Sold,C0554,01-03-2025,527806.89,317.1592385
190017,19,03-01-2025,Apartment,4,1225.38,"$348,262.50",Available,,01-03-2025,348262.5,284.207756
190021,19,03-01-2025,Apartment,4,1225.38,"$305,943.58",Sold,C1571,01-03-2025,305943.58,249.6724118
190055,19,03-01-2025,Office,8,974.77,"$260,831.80",Sold,C0429,01-03-2025,260831.8,267.582917
190059,19,03-01-2025,Apartment,9,695.8,"$216,366.01",Sold,C0538,01-03-2025,216366.01,310.9600604
190068,19,03-01-2025,Apartment,10,747.71,"$196,219.32",Sold,C1739,01-03-2025,196219.32,262.4270372
190161,19,03-01-2025,Apartment,20,1772.03,"$498,959.88",Sold,C0803,01-03-2025,498959.88,281.5753006
190253,19,03-01-2025,Apartment,29,1657.84,"$414,744.38",Available,,01-03-2025,414744.38,250.1715365
190255,19,03-01-2025,Office,29,1657.84,"$522,401.95",Available,,01-03-2025,522401.95,315.1099925
190358,19,03-01-2025,Apartment,42,1137.59,"$334,977.57",Sold,C0775,01-03-2025,334977.57,294.4624777
190367,19,03-01-2025,Apartment,42,1137.59,"$331,618.34",Available,,01-03-2025,331618.34,291.5095421
190407,19,03-01-2025,Apartment,46,1926.19,"$631,227.87",Sold,C0189,01-03-2025,631227.87,327.7079987
190412,19,03-01-2025,Office,46,1926.19,"$595,842.66",Sold,C0537,01-03-2025,595842.66,309.3374278
200004,20,03-01-2025,Apartment,1,1898.39,"$558,878.17",Sold,C0709,01-03-2025,558878.17,294.395867
200030,20,03-01-2025,Apartment,3,1645.93,"$387,777.74",Sold,C1209,01-03-2025,387777.74,235.5979537
200038,20,03-01-2025,Apartment,3,1645.93,"$567,155.53",Available,,01-03-2025,567155.53,344.5805897
200065,20,03-01-2025,Apartment,8,1268.45,"$342,407.94",Sold,C1773,01-03-2025,342407.94,269.942008
200085,20,03-01-2025,Office,12,856.15,"$257,796.80",Sold,C0720,01-03-2025,257796.8,301.1117211
200099,20,03-01-2025,Apartment,13,1587.57,"$424,941.45",Available,,01-03-2025,424941.45,267.6678509
200102,20,03-01-2025,Apartment,14,837.37,"$236,063.06",Available,,01-03-2025,236063.06,281.9100995
200120,20,03-01-2025,Apartment,16,645.44,"$208,186.37",Sold,C1880,01-03-2025,208186.37,322.5495321
200134,20,03-01-2025,Apartment,16,645.44,"$207,492.13",Sold,C0436,01-03-2025,207492.13,321.4739248
200136,20,03-01-2025,Apartment,17,1089.33,"$329,276.52",Available,,01-03-2025,329276.52,302.2743521
200188,20,03-01-2025,Apartment,20,1110.23,"$325,628.04",Sold,C0369,01-03-2025,325628.04,293.2978212
200207,20,03-01-2025,Apartment,25,780.74,"$229,143.41",Sold,C0874,01-03-2025,229143.41,293.4951584
200243,20,03-01-2025,Apartment,30,1703.94,"$565,105.27",Available,,01-03-2025,565105.27,331.6462258
200316,20,03-01-2025,Office,34,858.93,"$250,793.60",Sold,C0563,01-03-2025,250793.6,291.9837472
200359,20,03-01-2025,Apartment,39,1106.36,"$315,013.84",Available,,01-03-2025,315013.84,284.7299613
200370,20,03-01-2025,Apartment,40,428.03,"$121,120.05",Available,,01-03-2025,121120.05,282.9709366
200374,20,03-01-2025,Office,40,428.03,"$157,369.37",Sold,C1533,01-03-2025,157369.37,367.6596734
200388,20,03-01-2025,Apartment,42,811.56,"$264,162.30",Available,,01-03-2025,264162.3,325.4994085
200399,20,03-01-2025,Apartment,45,1532.67,"$509,429.47",Sold,C1750,01-03-2025,509429.47,332.3804015
1034,1,04-01-2025,Apartment,34,625.8,"$204,434.68",Sold,C0005,01-04-2025,204434.68,326.677341
1036,1,04-01-2025,Apartment,36,1160.36,"$317,473.86",Sold,C0151,01-04-2025,317473.86,273.5994519
1041,1,04-01-2025,Apartment,41,1434.09,"$480,545.81",Sold,C0150,01-04-2025,480545.81,335.0876235
2024,2,04-01-2025,Apartment,24,1604.75,"$456,919.46",Sold,C0143,01-04-2025,456919.46,284.7293722
2057,2,04-01-2025,Apartment,57,1396.86,"$382,277.15",Sold,C0144,01-04-2025,382277.15,273.6689074
3027,3,04-01-2025,Apartment,27,781.07,"$245,572.79",Sold,C0136,01-04-2025,245572.79,314.4056103
3030,3,04-01-2025,Apartment,30,720.81,"$215,774.28",Sold,C0076,01-04-2025,215774.28,299.3497316
5014,5,04-01-2025,Apartment,14,1273.55,"$372,016.56",Available,,01-04-2025,372016.56,292.1098975
5039,5,04-01-2025,Apartment,39,798.28,"$195,874.94",Sold,C0006,01-04-2025,195874.94,245.3712231
5052,5,04-01-2025,Apartment,52,1769.48,"$532,877.38",Available,,01-04-2025,532877.38,301.1491399
10016,1,04-01-2025,Apartment,3,788.73,"$258,432.34",Sold,C0870,01-04-2025,258432.34,327.6562829
10046,1,04-01-2025,Apartment,5,753.87,"$227,495.05",Sold,C0401,01-04-2025,227495.05,301.7696022
10085,1,04-01-2025,Apartment,11,1429.46,"$345,603.17",Sold,C0994,01-04-2025,345603.17,241.7718369
10116,1,04-01-2025,Apartment,14,1181.69,"$400,855.51",Sold,C1988,01-04-2025,400855.51,339.2222241
10156,1,04-01-2025,Apartment,20,1146.24,"$314,853.73",Available,,01-04-2025,314853.73,274.6839493
10175,1,04-01-2025,Apartment,22,740.83,"$221,183.29",Available,,01-04-2025,221183.29,298.5614648
10178,1,04-01-2025,Apartment,22,740.83,"$223,568.77",Sold,C0344,01-04-2025,223568.77,301.7814748
10251,1,04-01-2025,Apartment,29,757.2,"$189,273.09",Available,,01-04-2025,189273.09,249.9644612
10256,1,04-01-2025,Apartment,29,757.2,"$203,308.36",Available,,01-04-2025,203308.36,268.5002113
10332,1,04-01-2025,Apartment,35,1168.59,"$365,818.56",Sold,C1247,01-04-2025,365818.56,313.0426925
10347,1,04-01-2025,Office,37,758.3,"$189,015.42",Sold,C1700,01-04-2025,189015.42,249.2620599
10369,1,04-01-2025,Apartment,41,835.25,"$251,376.49",Sold,C0493,01-04-2025,251376.49,300.959581
10406,1,04-01-2025,Office,47,771.08,"$238,409.16",Sold,C1953,01-04-2025,238409.16,309.1886186
20131,2,04-01-2025,Apartment,15,1603.33,"$541,634.06",Sold,C0321,01-04-2025,541634.06,337.8182034
20169,2,04-01-2025,Apartment,20,727.55,"$249,065.14",Sold,C0045,01-04-2025,249065.14,342.3340526
20202,2,04-01-2025,Apartment,23,1416.33,"$411,480.90",Sold,C1482,01-04-2025,411480.9,290.5261486
20227,2,04-01-2025,Apartment,25,943.48,"$299,860.84",Sold,C1032,01-04-2025,299860.84,317.8242676
20308,2,04-01-2025,Apartment,36,641.72,"$188,705.75",Sold,C0163,01-04-2025,188705.75,294.0624416
20370,2,04-01-2025,Apartment,44,580.26,"$148,713.22",Available,,01-04-2025,148713.22,256.2872161
20413,2,04-01-2025,Apartment,47,708.32,"$212,683.17",Sold,C0492,01-04-2025,212683.17,300.264245
20455,2,04-01-2025,Apartment,53,781.27,"$238,017.83",Available,,01-04-2025,238017.83,304.6550232
20465,2,04-01-2025,Apartment,55,579.26,"$189,638.47",Available,,01-04-2025,189638.47,327.3805718
20473,2,04-01-2025,Apartment,55,579.26,"$182,930.76",Available,,01-04-2025,182930.76,315.8007803
30037,3,04-01-2025,Office,4,719.96,"$220,289.68",Available,,01-04-2025,220289.68,305.9748875
30053,3,04-01-2025,Apartment,5,701.19,"$248,159.95",Sold,C1566,01-04-2025,248159.95,353.9125629
30100,3,04-01-2025,Apartment,9,1125.84,"$294,905.73",Available,,01-04-2025,294905.73,261.9428427
30150,3,04-01-2025,Apartment,16,1587.26,"$446,778.13",Sold,C0272,01-04-2025,446778.13,281.4775966
30169,3,04-01-2025,Apartment,19,1602.22,"$477,744.58",Sold,C0981,01-04-2025,477744.58,298.1766424
30221,3,04-01-2025,Apartment,25,765.56,"$232,747.53",Available,,01-04-2025,232747.53,304.0225848
30300,3,04-01-2025,Apartment,36,733.45,"$224,405.33",Sold,C1400,01-04-2025,224405.33,305.958593
30310,3,04-01-2025,Apartment,38,1173.4,"$377,838.86",Sold,C1768,01-04-2025,377838.86,322.00346
30315,3,04-01-2025,Apartment,39,1598.95,"$494,864.22",Sold,C1129,01-04-2025,494864.22,309.4932424
30355,3,04-01-2025,Apartment,44,673.86,"$200,567.03",Available,,01-04-2025,200567.03,297.63902
30370,3,04-01-2025,Office,46,1599.81,"$484,626.56",Sold,C1681,01-04-2025,484626.56,302.9275726
30423,3,04-01-2025,Apartment,49,1174.48,"$344,231.92",Sold,C0598,01-04-2025,344231.92,293.0930454
30450,3,04-01-2025,Apartment,52,1361.9,"$418,410.07",Available,,01-04-2025,418410.07,307.2252515
30455,3,04-01-2025,Office,54,787.64,"$251,578.52",Sold,C0097,01-04-2025,251578.52,319.4080037
30464,3,04-01-2025,Apartment,56,1179.42,"$369,992.93",Sold,C1628,01-04-2025,369992.93,313.7075257
40026,4,04-01-2025,Apartment,3,1630.82,"$483,098.81",Sold,C1256,01-04-2025,483098.81,296.230614
40040,4,04-01-2025,Apartment,4,783.03,"$234,324.70",Sold,C1846,01-04-2025,234324.7,299.2537962
40048,4,04-01-2025,Apartment,5,786.98,"$240,730.31",Available,,01-04-2025,240730.31,305.8912679
40049,4,04-01-2025,Apartment,5,786.98,"$258,340.90",Sold,C1667,01-04-2025,258340.9,328.2686981
40064,4,04-01-2025,Apartment,6,1602.95,"$476,692.43",Available,,01-04-2025,476692.43,297.3844661
40089,4,04-01-2025,Apartment,12,789.38,"$212,764.22",Sold,C1065,01-04-2025,212764.22,269.53333
40099,4,04-01-2025,Apartment,13,809.06,"$293,294.07",Sold,C0744,01-04-2025,293294.07,362.5121375
40117,4,04-01-2025,Apartment,14,1322.66,"$398,376.72",Sold,C0257,01-04-2025,398376.72,301.1935947
40128,4,04-01-2025,Apartment,15,760.39,"$262,156.81",Sold,C0995,01-04-2025,262156.81,344.7662515
40141,4,04-01-2025,Apartment,17,780.68,"$216,907.86",Sold,C0024,01-04-2025,216907.86,277.8447763
40156,4,04-01-2025,Office,18,1294.91,"$366,379.21",Available,,01-04-2025,366379.21,282.9379725
40203,4,04-01-2025,Apartment,25,1310.16,"$384,261.45",Available,,01-04-2025,384261.45,293.293529
40205,4,04-01-2025,Apartment,26,790.05,"$213,545.23",Sold,C0882,01-04-2025,213545.23,270.2933105
40234,4,04-01-2025,Apartment,28,1070.72,"$349,761.45",Sold,C1108,01-04-2025,349761.45,326.6600512
40240,4,04-01-2025,Apartment,29,776.79,"$206,436.34",Sold,C0234,01-04-2025,206436.34,265.7556611
40251,4,04-01-2025,Apartment,30,1307.35,"$390,539.15",Sold,C0868,01-04-2025,390539.15,298.7257812
40271,4,04-01-2025,Apartment,31,793.1,"$263,291.82",Sold,C0096,01-04-2025,263291.82,331.978086
40275,4,04-01-2025,Apartment,32,1328.09,"$361,228.37",Sold,C1672,01-04-2025,361228.37,271.9908816
40299,4,04-01-2025,Apartment,35,777.82,"$222,493.85",Sold,C1685,01-04-2025,222493.85,286.0479931
40346,4,04-01-2025,Apartment,41,779.87,"$238,498.46",Available,,01-04-2025,238498.46,305.8182261
40359,4,04-01-2025,Apartment,43,1616.99,"$453,748.83",Sold,C0794,01-04-2025,453748.83,280.6132567
50036,5,04-01-2025,Apartment,8,782.15,"$250,548.46",Sold,C1115,01-04-2025,250548.46,320.3330052
50059,5,04-01-2025,Apartment,9,793.56,"$264,566.37",Available,,01-04-2025,264566.37,333.3917662
50074,5,04-01-2025,Apartment,10,629.27,"$225,125.36",Sold,C0965,01-04-2025,225125.36,357.7563844
50082,5,04-01-2025,Office,11,1058.56,"$319,262.64",Sold,C1514,01-04-2025,319262.64,301.6008918
50096,5,04-01-2025,Apartment,11,1058.56,"$353,207.20",Sold,C1946,01-04-2025,353207.2,333.6676239
50107,5,04-01-2025,Apartment,13,791.13,"$210,611.20",Sold,C0735,01-04-2025,210611.2,266.2156662
50141,5,04-01-2025,Apartment,18,1267.03,"$423,535.41",Sold,C0266,01-04-2025,423535.41,334.2741766
50195,5,04-01-2025,Apartment,24,807.02,"$177,544.40",Available,,01-04-2025,177544.4,220
50205,5,04-01-2025,Apartment,27,1278.6,"$393,641.91",Sold,C1915,01-04-2025,393641.91,307.8694744
50233,5,04-01-2025,Apartment,31,1008.52,"$317,877.17",Sold,C1006,01-04-2025,317877.17,315.1917364
50289,5,04-01-2025,Apartment,38,1283.87,"$362,406.24",Available,,01-04-2025,362406.24,282.2764299
50368,5,04-01-2025,Apartment,45,608.89,"$218,883.32",Available,,01-04-2025,218883.32,359.4792491
50438,5,04-01-2025,Apartment,51,1029.59,"$300,788.15",Sold,C1153,01-04-2025,300788.15,292.1436203
60005,6,04-01-2025,Apartment,1,1720.95,"$492,551.34",Sold,C1092,01-04-2025,492551.34,286.2089776
60045,6,04-01-2025,Apartment,4,1925.28,"$549,773.40",Sold,C1023,01-04-2025,549773.4,285.5550362
60046,6,04-01-2025,Apartment,4,1925.28,"$538,254.22",Available,,01-04-2025,538254.22,279.5719168
60078,6,04-01-2025,Apartment,7,1075.42,"$341,503.87",Sold,C1777,01-04-2025,341503.87,317.553951
60096,6,04-01-2025,Apartment,7,1075.42,"$330,158.13",Sold,C1586,01-04-2025,330158.13,307.0038962
60122,6,04-01-2025,Apartment,10,942.08,"$250,769.15",Sold,C1090,01-04-2025,250769.15,266.1866827
60228,6,04-01-2025,Apartment,21,833.23,"$261,951.73",Sold,C1338,01-04-2025,261951.73,314.3810593
60239,6,04-01-2025,Apartment,23,1243.4,"$359,341.40",Sold,C1994,01-04-2025,359341.4,288.9990349
60240,6,04-01-2025,Office,23,1243.4,"$492,557.23",Sold,C1993,01-04-2025,492557.23,396.1373894
60252,6,04-01-2025,Apartment,25,1086.43,"$271,652.39",Sold,C1198,01-04-2025,271652.39,250.0413188
60274,6,04-01-2025,Apartment,29,1691.02,"$502,693.56",Sold,C0833,01-04-2025,502693.56,297.2723918
60341,6,04-01-2025,Apartment,38,698.21,"$175,143.52",Sold,C0018,01-04-2025,175143.52,250.8464789
60350,6,04-01-2025,Apartment,39,744.54,"$203,285.70",Sold,C0337,01-04-2025,203285.7,273.035297
60374,6,04-01-2025,Apartment,43,1492.81,"$477,598.19",Sold,C1469,01-04-2025,477598.19,319.9323357
60409,6,04-01-2025,Apartment,49,1167.52,"$394,871.49",Sold,C0763,01-04-2025,394871.49,338.2138978
60442,6,04-01-2025,Apartment,53,1170.96,"$374,820.34",Available,,01-04-2025,374820.34,320.0966216
60468,6,04-01-2025,Apartment,55,562.37,"$161,026.68",Available,,01-04-2025,161026.68,286.3358287
70026,7,04-01-2025,Apartment,5,1144.09,"$358,801.76",Sold,C0050,01-04-2025,358801.76,313.6132297
70075,7,04-01-2025,Apartment,11,834.5,"$217,019.16",Available,,01-04-2025,217019.16,260.0589095
70076,7,04-01-2025,Office,11,834.5,"$232,221.73",Sold,C0351,01-04-2025,232221.73,278.2764889
70137,7,04-01-2025,Office,16,1239.87,"$413,475.24",Sold,C0154,01-04-2025,413475.24,333.4827361
70142,7,04-01-2025,Apartment,17,1586.15,"$451,507.70",Sold,C0172,01-04-2025,451507.7,284.6563692
70154,7,04-01-2025,Apartment,19,751.07,"$247,162.69",Available,,01-04-2025,247162.69,329.0807648
70155,7,04-01-2025,Apartment,19,751.07,"$207,641.48",Sold,C1956,01-04-2025,207641.48,276.4608891
70186,7,04-01-2025,Apartment,21,1528.62,"$441,373.04",Sold,C1813,01-04-2025,441373.04,288.7395429
70252,7,04-01-2025,Apartment,28,694.55,"$209,114.19",Sold,C1893,01-04-2025,209114.19,301.0786696
70293,7,04-01-2025,Apartment,35,613.21,"$187,384.47",Sold,C0034,01-04-2025,187384.47,305.5796057
70309,7,04-01-2025,Apartment,37,1171.04,"$361,700.25",Sold,C0413,01-04-2025,361700.25,308.8709609
70368,7,04-01-2025,Apartment,43,498.61,"$137,339.47",Sold,C1199,01-04-2025,137339.47,275.4446762
70381,7,04-01-2025,Apartment,43,498.61,"$149,860.49",Sold,C1100,01-04-2025,149860.49,300.5565271
70400,7,04-01-2025,Apartment,46,1677.84,"$473,146.44",Sold,C0280,01-04-2025,473146.44,281.9973537
70454,7,04-01-2025,Apartment,54,1940.69,"$626,989.80",Sold,C0343,01-04-2025,626989.8,323.0757102
70494,7,04-01-2025,Apartment,58,1629.83,"$499,350.81",Sold,C0960,01-04-2025,499350.81,306.3821442
70507,7,04-01-2025,Apartment,58,1629.83,"$512,486.22",Available,,01-04-2025,512486.22,314.4415184
70510,7,04-01-2025,Apartment,58,1629.83,"$437,806.03",Sold,C1929,01-04-2025,437806.03,268.6206721
70520,7,04-01-2025,Apartment,60,1219.54,"$364,036.93",Available,,01-04-2025,364036.93,298.5034767
80005,8,04-01-2025,Apartment,1,1109.29,"$359,079.71",Sold,C0951,01-04-2025,359079.71,323.702287
80068,8,04-01-2025,Apartment,7,1352.74,"$455,070.84",Sold,C1254,01-04-2025,455070.84,336.40673
80145,8,04-01-2025,Apartment,17,1109.27,"$363,016.75",Available,,01-04-2025,363016.75,327.2573404
80153,8,04-01-2025,Apartment,20,774.16,"$249,418.11",Sold,C1676,01-04-2025,249418.11,322.1790198
80172,8,04-01-2025,Apartment,22,1495.57,"$426,507.47",Available,,01-04-2025,426507.47,285.1805465
80175,8,04-01-2025,Apartment,23,1114.67,"$389,259.62",Available,,01-04-2025,389259.62,349.215122
80207,8,04-01-2025,Apartment,28,1431.61,"$341,892.98",Sold,C1050,01-04-2025,341892.98,238.817122
80211,8,04-01-2025,Office,28,1431.61,"$550,825.37",Available,,01-04-2025,550825.37,384.7593758
80214,8,04-01-2025,Apartment,29,1848.51,"$544,032.25",Sold,C0891,01-04-2025,544032.25,294.3085242
80268,8,04-01-2025,Apartment,32,1410.88,"$452,041.67",Sold,C0284,01-04-2025,452041.67,320.396965
80289,8,04-01-2025,Apartment,33,1809.87,"$494,313.18",Sold,C1864,01-04-2025,494313.18,273.1208208
80293,8,04-01-2025,Apartment,34,1684.75,"$518,174.75",Sold,C0025,01-04-2025,518174.75,307.56774
80295,8,04-01-2025,Apartment,34,1684.75,"$478,604.33",Sold,C1920,01-04-2025,478604.33,284.0803265
80335,8,04-01-2025,Office,37,890.65,"$268,851.49",Sold,C1130,01-04-2025,268851.49,301.8598664
80392,8,04-01-2025,Apartment,46,1175.51,"$316,632.64",Available,,01-04-2025,316632.64,269.3576745
80411,8,04-01-2025,Office,47,543.08,"$141,410.93",Available,,01-04-2025,141410.93,260.3869227
80414,8,04-01-2025,Apartment,47,543.08,"$170,974.32",Available,,01-04-2025,170974.32,314.8234514
80430,8,04-01-2025,Apartment,50,913.15,"$308,556.94",Sold,C0890,01-04-2025,308556.94,337.9038931
80485,8,04-01-2025,Apartment,56,1874.7,"$635,580.39",Sold,C1200,01-04-2025,635580.39,339.0304529
90099,9,04-01-2025,Apartment,16,924.6,"$268,708.07",Sold,C0092,01-04-2025,268708.07,290.6208847
90139,9,04-01-2025,Apartment,21,1261.65,"$380,843.87",Sold,C1802,01-04-2025,380843.87,301.8617445
90149,9,04-01-2025,Apartment,23,901.21,"$273,914.04",Available,,01-04-2025,273914.04,303.9403025
90165,9,04-01-2025,Apartment,26,1038.39,"$250,841.37",Sold,C0197,01-04-2025,250841.37,241.5675902
90329,9,04-01-2025,Apartment,39,1839.34,"$552,125.64",Sold,C0370,01-04-2025,552125.64,300.1759544
90390,9,04-01-2025,Apartment,46,662.32,"$224,375.63",Sold,C1312,01-04-2025,224375.63,338.77224
90395,9,04-01-2025,Apartment,47,1262.78,"$385,179.19",Sold,C0808,01-04-2025,385179.19,305.0247787
90405,9,04-01-2025,Apartment,51,1816.78,"$525,344.23",Sold,C0310,01-04-2025,525344.23,289.1622706
90424,9,04-01-2025,Apartment,53,599.72,"$180,754.72",Available,,01-04-2025,180754.72,301.3985193
90456,9,04-01-2025,Apartment,56,1516.4,"$528,928.11",Available,,01-04-2025,528928.11,348.8051372
90506,9,04-01-2025,Apartment,58,838.34,"$255,802.61",Sold,C0461,01-04-2025,255802.61,305.1299115
90518,9,04-01-2025,Office,59,1697.13,"$587,797.99",Sold,C1679,01-04-2025,587797.99,346.3482409
100012,10,04-01-2025,Apartment,3,1197.61,"$405,117.95",Available,,01-04-2025,405117.95,338.2720168
100046,10,04-01-2025,Apartment,5,1741.96,"$525,251.32",Sold,C0170,01-04-2025,525251.32,301.5289214
100069,10,04-01-2025,Apartment,9,1849.4,"$557,229.76",Sold,C1079,01-04-2025,557229.76,301.3029956
100075,10,04-01-2025,Apartment,9,1849.4,"$535,865.96",Sold,C0113,01-04-2025,535865.96,289.7512491
100088,10,04-01-2025,Apartment,11,1675.44,"$564,226.60",Sold,C0733,01-04-2025,564226.6,336.7632383
100096,10,04-01-2025,Apartment,11,1675.44,"$520,562.02",Sold,C0801,01-04-2025,520562.02,310.7016784
100153,10,04-01-2025,Apartment,19,948.04,"$301,000.32",Sold,C1304,01-04-2025,301000.32,317.4974896
100185,10,04-01-2025,Apartment,25,1487.17,"$460,665.54",Sold,C1088,01-04-2025,460665.54,309.7598392
100201,10,04-01-2025,Apartment,26,1294.85,"$378,742.91",Available,,01-04-2025,378742.91,292.4994478
100211,10,04-01-2025,Apartment,27,777.35,"$207,013.27",Sold,C0592,01-04-2025,207013.27,266.3063871
100212,10,04-01-2025,Apartment,27,777.35,"$248,150.99",Available,,01-04-2025,248150.99,319.2268476
100266,10,04-01-2025,Apartment,31,1499,"$493,844.01",Sold,C1291,01-04-2025,493844.01,329.4489726
100279,10,04-01-2025,Apartment,33,1010.7,"$354,490.38",Sold,C1450,01-04-2025,354490.38,350.7374889
100296,10,04-01-2025,Apartment,34,1435.44,"$471,813.07",Sold,C0978,01-04-2025,471813.07,328.6888132
100300,10,04-01-2025,Apartment,35,1675.74,"$476,510.16",Sold,C0819,01-04-2025,476510.16,284.3580508
100380,10,04-01-2025,Apartment,44,1224.71,"$406,156.68",Available,,01-04-2025,406156.68,331.634983
100387,10,04-01-2025,Apartment,44,1224.71,"$378,567.66",Sold,C0946,01-04-2025,378567.66,309.1080011
100397,10,04-01-2025,Apartment,46,1525.34,"$464,919.18",Sold,C0535,01-04-2025,464919.18,304.7970813
100408,10,04-01-2025,Apartment,48,1421.82,"$398,340.41",Sold,C1348,01-04-2025,398340.41,280.1623342
110059,11,04-01-2025,Office,7,1734.79,"$615,305.89",Sold,C0188,01-04-2025,615305.89,354.6860946
110103,11,04-01-2025,Apartment,11,1581.88,"$457,152.28",Sold,C0646,01-04-2025,457152.28,288.993021
110108,11,04-01-2025,Apartment,13,474.93,"$143,450.98",Available,,01-04-2025,143450.98,302.0465753
110132,11,04-01-2025,Apartment,14,524.68,"$174,422.08",Sold,C1357,01-04-2025,174422.08,332.4351605
110154,11,04-01-2025,Apartment,16,1829.02,"$476,184.87",Available,,01-04-2025,476184.87,260.3497337
110201,11,04-01-2025,Apartment,23,1098.83,"$365,015.60",Sold,C0185,01-04-2025,365015.6,332.1856884
110204,11,04-01-2025,Apartment,24,1481.82,"$491,381.22",Sold,C0595,01-04-2025,491381.22,331.6065514
110218,11,04-01-2025,Office,26,490.37,"$166,438.51",Sold,C1440,01-04-2025,166438.51,339.4141363
110244,11,04-01-2025,Apartment,29,993.51,"$279,311.68",Sold,C1018,01-04-2025,279311.68,281.1362543
110254,11,04-01-2025,Apartment,30,642.72,"$202,392.01",Sold,C1999,01-04-2025,202392.01,314.8991941
110291,11,04-01-2025,Apartment,35,540.82,"$159,899.33",Sold,C1272,01-04-2025,159899.33,295.6609038
110385,11,04-01-2025,Apartment,45,1651.09,"$490,981.35",Sold,C1661,01-04-2025,490981.35,297.3680114
120029,12,04-01-2025,Apartment,3,1469.27,"$405,947.93",Sold,C0879,01-04-2025,405947.93,276.2922608
120060,12,04-01-2025,Apartment,7,1179.99,"$309,402.26",Sold,C0022,01-04-2025,309402.26,262.2075272
120107,12,04-01-2025,Apartment,13,1394.03,"$393,863.57",Sold,C1729,01-04-2025,393863.57,282.5359354
120153,12,04-01-2025,Apartment,17,1428.55,"$426,047.28",Available,,01-04-2025,426047.28,298.2375696
120259,12,04-01-2025,Office,27,871.52,"$280,596.77",Sold,C0870,01-04-2025,280596.77,321.9625138
120278,12,04-01-2025,Apartment,30,622.2,"$161,146.12",Sold,C1305,01-04-2025,161146.12,258.9940855
120289,12,04-01-2025,Apartment,33,1232.2,"$359,785.64",Sold,C0186,01-04-2025,359785.64,291.9863983
120301,12,04-01-2025,Apartment,34,1817.64,"$523,732.73",Sold,C1837,01-04-2025,523732.73,288.1388669
120319,12,04-01-2025,Apartment,35,1690.62,"$512,688.27",Sold,C0013,01-04-2025,512688.27,303.2545871
120366,12,04-01-2025,Apartment,38,1157.23,"$357,999.55",Available,,01-04-2025,357999.55,309.3590298
120374,12,04-01-2025,Apartment,39,1653.93,"$483,612.33",Sold,C1827,01-04-2025,483612.33,292.4019336
120398,12,04-01-2025,Apartment,47,1528.05,"$403,107.84",Sold,C0172,01-04-2025,403107.84,263.805399
120415,12,04-01-2025,Apartment,48,1919.31,"$612,698.53",Sold,C1479,01-04-2025,612698.53,319.2285405
130029,13,04-01-2025,Apartment,2,1651.02,"$535,653.54",Available,,01-04-2025,535653.54,324.4379475
130051,13,04-01-2025,Apartment,4,1629.74,"$520,697.90",Available,,01-04-2025,520697.9,319.4975272
130088,13,04-01-2025,Apartment,11,1678.3,"$549,102.55",Sold,C1815,01-04-2025,549102.55,327.1778288
130089,13,04-01-2025,Office,11,1678.3,"$468,875.36",Sold,C1363,01-04-2025,468875.36,279.3751773
130126,13,04-01-2025,Apartment,15,458.29,"$142,219.93",Sold,C1547,01-04-2025,142219.93,310.3273691
130195,13,04-01-2025,Apartment,22,1811.36,"$543,700.18",Available,,01-04-2025,543700.18,300.1613042
130203,13,04-01-2025,Apartment,23,882.35,"$246,940.65",Sold,C0825,01-04-2025,246940.65,279.8670029
130204,13,04-01-2025,Apartment,23,882.35,"$242,668.27",Available,,01-04-2025,242668.27,275.0249561
130284,13,04-01-2025,Office,32,1114.07,"$435,998.52",Available,,01-04-2025,435998.52,391.3564857
130286,13,04-01-2025,Apartment,32,1114.07,"$299,263.58",Sold,C1517,01-04-2025,299263.58,268.6218819
130312,13,04-01-2025,Apartment,34,1557,"$517,123.58",Sold,C0136,01-04-2025,517123.58,332.1281824
130348,13,04-01-2025,Apartment,38,656.42,"$210,320.24",Sold,C1189,01-04-2025,210320.24,320.4049846
130367,13,04-01-2025,Apartment,40,571.5,"$172,816.68",Sold,C1610,01-04-2025,172816.68,302.3913911
130501,13,04-01-2025,Office,58,1115.72,"$345,154.56",Sold,C1174,01-04-2025,345154.56,309.3558957
130542,13,04-01-2025,Apartment,63,1623.8,"$522,057.75",Available,,01-04-2025,522057.75,321.5037258
130577,13,04-01-2025,Apartment,67,524.97,"$158,612.64",Sold,C0418,01-04-2025,158612.64,302.1365792
130580,13,04-01-2025,Apartment,67,524.97,"$168,464.51",Available,,01-04-2025,168464.51,320.9031183
130604,13,04-01-2025,Office,70,750.41,"$238,812.89",Sold,C0649,01-04-2025,238812.89,318.2432137
140025,14,04-01-2025,Apartment,5,424.34,"$104,911.93",Sold,C1976,01-04-2025,104911.93,247.2355423
140088,14,04-01-2025,Apartment,11,1431.42,"$500,962.79",Sold,C0942,01-04-2025,500962.79,349.9761007
140092,14,04-01-2025,Office,12,459.44,"$134,549.97",Sold,C1258,01-04-2025,134549.97,292.8564557
140232,14,04-01-2025,Apartment,25,586.85,"$161,280.03",Sold,C1475,01-04-2025,161280.03,274.8232598
140271,14,04-01-2025,Apartment,30,1746.48,"$588,343.01",Sold,C1980,01-04-2025,588343.01,336.8736029
140272,14,04-01-2025,Apartment,30,1746.48,"$450,012.44",Sold,C0572,01-04-2025,450012.44,257.668247
140277,14,04-01-2025,Apartment,32,1120.81,"$367,127.00",Sold,C1983,01-04-2025,367127,327.5550718
140294,14,04-01-2025,Apartment,34,513.06,"$157,775.85",Sold,C1399,01-04-2025,157775.85,307.519296
140311,14,04-01-2025,Apartment,36,1034.47,"$274,000.72",Available,,01-04-2025,274000.72,264.8706294
140322,14,04-01-2025,Apartment,38,1170.11,"$359,308.65",Sold,C1293,01-04-2025,359308.65,307.0725402
140326,14,04-01-2025,Apartment,38,1170.11,"$396,445.50",Available,,01-04-2025,396445.5,338.8104537
140337,14,04-01-2025,Apartment,40,532.44,"$164,423.48",Available,,01-04-2025,164423.48,308.8112839
140390,14,04-01-2025,Apartment,47,917.53,"$244,186.44",Sold,C0348,01-04-2025,244186.44,266.1345569
140451,14,04-01-2025,Apartment,53,1493.72,"$429,874.58",Sold,C0007,01-04-2025,429874.58,287.7879254
150009,15,04-01-2025,Apartment,2,1522.89,"$504,689.77",Sold,C0544,01-04-2025,504689.77,331.4026423
150050,15,04-01-2025,Apartment,8,1056.46,"$360,765.64",Sold,C1325,01-04-2025,360765.64,341.4853757
150064,15,04-01-2025,Office,9,565.48,"$139,782.57",Sold,C0664,01-04-2025,139782.57,247.1927743
150118,15,04-01-2025,Apartment,16,1692.61,"$597,681.88",Sold,C1732,01-04-2025,597681.88,353.1125776
150225,15,04-01-2025,Apartment,26,961.01,"$270,078.98",Available,,01-04-2025,270078.98,281.0365969
150233,15,04-01-2025,Apartment,26,961.01,"$267,093.52",Sold,C0016,01-04-2025,267093.52,277.9300111
150242,15,04-01-2025,Apartment,29,1748.18,"$511,596.53",Sold,C1367,01-04-2025,511596.53,292.6452253
150271,15,04-01-2025,Office,31,1901.65,"$575,463.20",Sold,C1952,01-04-2025,575463.2,302.6125733
150297,15,04-01-2025,Apartment,35,745.49,"$191,419.30",Sold,C1181,01-04-2025,191419.3,256.7697756
150352,15,04-01-2025,Office,42,1298.37,"$471,352.97",Sold,C1992,01-04-2025,471352.97,363.034397
150381,15,04-01-2025,Office,48,1403.33,"$434,894.10",Sold,C0420,01-04-2025,434894.1,309.90152
150425,15,04-01-2025,Apartment,53,696.04,"$213,043.96",Sold,C1569,01-04-2025,213043.96,306.0800529
150447,15,04-01-2025,Apartment,55,892.75,"$264,804.47",Sold,C1304,01-04-2025,264804.47,296.6166004
150508,15,04-01-2025,Office,60,1033.2,"$373,155.57",Sold,C1581,01-04-2025,373155.57,361.1648955
160014,16,04-01-2025,Apartment,2,1388.75,"$400,575.75",Sold,C0626,01-04-2025,400575.75,288.4433843
160015,16,04-01-2025,Office,2,1388.75,"$424,874.50",Available,,01-04-2025,424874.5,305.940234
160026,16,04-01-2025,Apartment,4,1561.55,"$551,751.96",Available,,01-04-2025,551751.96,353.3360827
160028,16,04-01-2025,Apartment,4,1561.55,"$490,807.65",Available,,01-04-2025,490807.65,314.3079953
160071,16,04-01-2025,Apartment,9,1524.04,"$461,651.60",Sold,C1322,01-04-2025,461651.6,302.9130469
160101,16,04-01-2025,Apartment,11,1288.42,"$448,751.61",Sold,C0938,01-04-2025,448751.61,348.2960603
160108,16,04-01-2025,Apartment,11,1288.42,"$403,463.16",Sold,C0132,01-04-2025,403463.16,313.1456823
160138,16,04-01-2025,Apartment,17,836.32,"$265,976.26",Sold,C1067,01-04-2025,265976.26,318.0316864
160192,16,04-01-2025,Apartment,23,594.14,"$185,581.94",Sold,C1383,01-04-2025,185581.94,312.3538897
160213,16,04-01-2025,Apartment,26,1458.08,"$417,431.61",Available,,01-04-2025,417431.61,286.2885507
160214,16,04-01-2025,Office,26,1458.08,"$423,191.37",Available,,01-04-2025,423191.37,290.2387866
160225,16,04-01-2025,Apartment,27,1164.55,"$361,991.73",Sold,C0029,01-04-2025,361991.73,310.842583
160231,16,04-01-2025,Apartment,28,1440.71,"$416,298.42",Sold,C0991,01-04-2025,416298.42,288.9536548
160237,16,04-01-2025,Office,28,1440.71,"$464,047.92",Sold,C0821,01-04-2025,464047.92,322.0966884
160246,16,04-01-2025,Apartment,29,489.49,"$127,065.41",Available,,01-04-2025,127065.41,259.587346
160269,16,04-01-2025,Apartment,33,881.17,"$240,781.62",Sold,C1899,01-04-2025,240781.62,273.2521761
160322,16,04-01-2025,Office,38,431.83,"$123,213.47",Sold,C1915,01-04-2025,123213.47,285.3286478
160361,16,04-01-2025,Apartment,42,1496.62,"$480,842.09",Sold,C0085,01-04-2025,480842.09,321.2853563
160374,16,04-01-2025,Apartment,43,1185.4,"$361,775.45",Sold,C1528,01-04-2025,361775.45,305.1927198
170058,17,04-01-2025,Apartment,7,1300.91,"$428,259.32",Sold,C0722,01-04-2025,428259.32,329.1998063
170106,17,04-01-2025,Apartment,13,916.9,"$297,966.85",Available,,01-04-2025,297966.85,324.9720253
170156,17,04-01-2025,Apartment,17,1827.25,"$442,174.78",Sold,C1092,01-04-2025,442174.78,241.9892078
170157,17,04-01-2025,Apartment,17,1827.25,"$460,504.52",Available,,01-04-2025,460504.52,252.0205336
170215,17,04-01-2025,Apartment,25,939.46,"$286,880.36",Available,,01-04-2025,286880.36,305.3672961
170315,17,04-01-2025,Apartment,39,1341.67,"$413,675.04",Sold,C0497,01-04-2025,413675.04,308.3284563
170347,17,04-01-2025,Office,45,1574.3,"$511,954.11",Sold,C1852,01-04-2025,511954.11,325.1947596
170362,17,04-01-2025,Office,46,1582.61,"$504,560.47",Available,,01-04-2025,504560.47,318.8154188
170382,17,04-01-2025,Office,47,1106.83,"$327,842.55",Available,,01-04-2025,327842.55,296.1995519
170404,17,04-01-2025,Apartment,48,1833.96,"$549,422.32",Sold,C1993,01-04-2025,549422.32,299.5824991
170411,17,04-01-2025,Apartment,48,1833.96,"$484,751.08",Sold,C0683,01-04-2025,484751.08,264.3193308
170413,17,04-01-2025,Office,48,1833.96,"$540,188.44",Sold,C1376,01-04-2025,540188.44,294.5475583
170429,17,04-01-2025,Apartment,49,1283.67,"$372,530.49",Sold,C0621,01-04-2025,372530.49,290.2073664
170432,17,04-01-2025,Apartment,50,1392.01,"$444,764.89",Sold,C0333,01-04-2025,444764.89,319.5127118
170434,17,04-01-2025,Apartment,50,1392.01,"$339,080.79",Sold,C1648,01-04-2025,339080.79,243.5907716
170438,17,04-01-2025,Apartment,51,1375.52,"$467,548.41",Available,,01-04-2025,467548.41,339.9066608
170447,17,04-01-2025,Apartment,51,1375.52,"$381,360.21",Sold,C0716,01-04-2025,381360.21,277.2480298
180002,18,04-01-2025,Apartment,1,1379.64,"$354,219.71",Sold,C0658,01-04-2025,354219.71,256.747927
180003,18,04-01-2025,Office,1,1379.64,"$346,780.22",Sold,C0755,01-04-2025,346780.22,251.3555855
180015,18,04-01-2025,Apartment,2,650.96,"$203,374.52",Sold,C0523,01-04-2025,203374.52,312.422453
180068,18,04-01-2025,Apartment,8,1196.23,"$366,299.04",Sold,C1896,01-04-2025,366299.04,306.2112136
180083,18,04-01-2025,Apartment,11,507.04,"$143,851.79",Sold,C0915,01-04-2025,143851.79,283.7089579
180113,18,04-01-2025,Apartment,15,1728.6,"$596,228.96",Sold,C0457,01-04-2025,596228.96,344.9201435
180151,18,04-01-2025,Apartment,20,1631.48,"$574,927.34",Sold,C1132,01-04-2025,574927.34,352.3961924
180214,18,04-01-2025,Apartment,27,650.82,"$171,733.24",Sold,C0632,01-04-2025,171733.24,263.8720998
180215,18,04-01-2025,Office,27,650.82,"$179,263.23",Sold,C0138,01-04-2025,179263.23,275.4421038
180244,18,04-01-2025,Apartment,30,1795.66,"$559,547.45",Sold,C0185,01-04-2025,559547.45,311.6110232
180245,18,04-01-2025,Apartment,30,1795.66,"$437,201.32",Sold,C1080,01-04-2025,437201.32,243.4766715
180248,18,04-01-2025,Apartment,30,1795.66,"$549,656.89",Sold,C1365,01-04-2025,549656.89,306.1029872
180266,18,04-01-2025,Apartment,31,945.46,"$350,745.37",Sold,C0799,01-04-2025,350745.37,370.9785395
180285,18,04-01-2025,Apartment,35,799.05,"$265,499.47",Sold,C1888,01-04-2025,265499.47,332.2689068
180312,18,04-01-2025,Apartment,36,1089.77,"$316,098.65",Sold,C1894,01-04-2025,316098.65,290.0599668
180384,18,04-01-2025,Apartment,43,937.7,"$301,088.15",Sold,C0431,01-04-2025,301088.15,321.0921937
180421,18,04-01-2025,Apartment,48,564.59,"$202,636.75",Sold,C0455,01-04-2025,202636.75,358.9095627
180447,18,04-01-2025,Apartment,50,854.74,"$263,784.17",Sold,C1824,01-04-2025,263784.17,308.6133444
180452,18,04-01-2025,Apartment,51,1527.31,"$412,010.61",Available,,01-04-2025,412010.61,269.7622683
180471,18,04-01-2025,Apartment,53,1806.7,"$539,078.45",Sold,C0609,01-04-2025,539078.45,298.3774008
180521,18,04-01-2025,Apartment,58,955.23,"$306,670.78",Sold,C0161,01-04-2025,306670.78,321.0439161
180528,18,04-01-2025,Apartment,59,1900.58,"$497,893.62",Sold,C0086,01-04-2025,497893.62,261.9693041
180543,18,04-01-2025,Apartment,62,1330.41,"$367,400.47",Sold,C1199,01-04-2025,367400.47,276.1558241
190020,19,04-01-2025,Apartment,4,1225.38,"$346,500.14",Sold,C1696,01-04-2025,346500.14,282.7695409
190026,19,04-01-2025,Apartment,5,1408.42,"$441,253.62",Sold,C1670,01-04-2025,441253.62,313.2969001
190043,19,04-01-2025,Apartment,7,973.6,"$329,064.09",Available,,01-04-2025,329064.09,337.9869454
190067,19,04-01-2025,Apartment,10,747.71,"$220,548.69",Sold,C1668,01-04-2025,220548.69,294.9655481
190167,19,04-01-2025,Apartment,21,477.75,"$150,133.36",Available,,01-04-2025,150133.36,314.2508844
190176,19,04-01-2025,Apartment,22,935.25,"$277,608.69",Sold,C1481,01-04-2025,277608.69,296.828324
190180,19,04-01-2025,Apartment,22,935.25,"$273,831.37",Available,,01-04-2025,273831.37,292.7894894
190189,19,04-01-2025,Apartment,22,935.25,"$289,023.56",Sold,C1318,01-04-2025,289023.56,309.0334777
190227,19,04-01-2025,Apartment,26,668.24,"$221,518.38",Sold,C1162,01-04-2025,221518.38,331.4952412
190241,19,04-01-2025,Apartment,28,1599.78,"$466,641.00",Available,,01-04-2025,466641,291.6907325
190315,19,04-01-2025,Apartment,37,1565.26,"$472,632.31",Sold,C0163,01-04-2025,472632.31,301.9513116
190319,19,04-01-2025,Apartment,39,1237.04,"$418,320.77",Sold,C0331,01-04-2025,418320.77,338.1626867
190331,19,04-01-2025,Office,39,1237.04,"$393,996.50",Sold,C0649,01-04-2025,393996.5,318.4994018
190355,19,04-01-2025,Apartment,41,1657.19,"$503,445.63",Sold,C1976,01-04-2025,503445.63,303.794755
190377,19,04-01-2025,Apartment,43,1697.72,"$495,491.79",Sold,C1850,01-04-2025,495491.79,291.8571908
190423,19,04-01-2025,Apartment,49,1004.26,"$395,405.61",Sold,C0942,01-04-2025,395405.61,393.7283273
200002,20,04-01-2025,Office,1,1898.39,"$678,504.41",Sold,C1130,01-04-2025,678504.41,357.4104425
200025,20,04-01-2025,Apartment,2,1669.84,"$562,229.33",Sold,C1766,01-04-2025,562229.33,336.6965278
200035,20,04-01-2025,Apartment,3,1645.93,"$383,399.62",Sold,C0026,01-04-2025,383399.62,232.9379864
200066,20,04-01-2025,Apartment,8,1268.45,"$404,330.66",Sold,C0648,01-04-2025,404330.66,318.7596358
200069,20,04-01-2025,Apartment,8,1268.45,"$367,661.21",Sold,C0046,01-04-2025,367661.21,289.8507706
200093,20,04-01-2025,Apartment,13,1587.57,"$555,052.72",Available,,01-04-2025,555052.72,349.6240922
200137,20,04-01-2025,Apartment,17,1089.33,"$333,422.42",Available,,01-04-2025,333422.42,306.0802695
200153,20,04-01-2025,Apartment,18,1868.01,"$596,267.69",Sold,C0764,01-04-2025,596267.69,319.1994101
200159,20,04-01-2025,Apartment,18,1868.01,"$555,615.27",Available,,01-04-2025,555615.27,297.4369891
200251,20,04-01-2025,Apartment,30,1703.94,"$497,713.05",Available,,01-04-2025,497713.05,292.0954083
200298,20,04-01-2025,Apartment,33,630.53,"$178,721.82",Sold,C0692,01-04-2025,178721.82,283.4469732
200345,20,04-01-2025,Office,38,1499.47,"$517,695.89",Sold,C0084,01-04-2025,517695.89,345.2525826
200356,20,04-01-2025,Apartment,38,1499.47,"$447,756.59",Available,,01-04-2025,447756.59,298.6099022
200390,20,04-01-2025,Apartment,43,1697.49,"$443,038.02",Available,,01-04-2025,443038.02,260.9959528
200411,20,04-01-2025,Office,47,590.12,"$151,178.64",Sold,C1656,01-04-2025,151178.64,256.1828781
200418,20,04-01-2025,Apartment,48,860.8,"$245,942.10",Available,,01-04-2025,245942.1,285.7134061
200466,20,04-01-2025,Office,52,1634.67,"$507,216.30",Sold,C0842,01-04-2025,507216.3,310.2866634
200477,20,04-01-2025,Apartment,54,589.61,"$179,336.56",Sold,C1382,01-04-2025,179336.56,304.161327
1005,1,05-01-2025,Office,5,410.71,"$117,564.07",Sold,C0155,01-05-2025,117564.07,286.24594
1013,1,05-01-2025,Apartment,13,756.21,"$206,958.71",Sold,C0005,01-05-2025,206958.71,273.6788855
2004,2,05-01-2025,Apartment,4,649.69,"$168,834.04",Sold,C0009,01-05-2025,168834.04,259.8686143
2015,2,05-01-2025,Apartment,15,723.93,"$228,170.03",Sold,C0108,01-05-2025,228170.03,315.1824486
2033,2,05-01-2025,Apartment,33,649.8,"$205,085.40",Sold,C0108,01-05-2025,205085.4,315.6131117
2036,2,05-01-2025,Apartment,36,1109.25,"$460,001.26",Sold,C0067,01-05-2025,460001.26,414.6957494
3017,3,05-01-2025,Apartment,17,743.41,"$205,098.21",Sold,C0022,01-05-2025,205098.21,275.8884196
5006,5,05-01-2025,Apartment,6,1058.25,"$264,011.70",Available,,01-05-2025,264011.7,249.4795181
5048,5,05-01-2025,Apartment,48,1013.27,"$287,996.53",Available,,01-05-2025,287996.53,284.224866
10043,1,05-01-2025,Apartment,5,753.87,"$192,382.99",Available,,01-05-2025,192382.99,255.1938531
10065,1,05-01-2025,Apartment,8,763.88,"$224,101.03",Sold,C0632,01-05-2025,224101.03,293.3720349
10086,1,05-01-2025,Apartment,11,1429.46,"$425,847.12",Sold,C1520,01-05-2025,425847.12,297.9076854
10099,1,05-01-2025,Apartment,13,719.47,"$213,970.00",Sold,C0145,01-05-2025,213970,297.3994746
10123,1,05-01-2025,Apartment,15,765,"$227,057.19",Sold,C0363,01-05-2025,227057.19,296.8067843
10141,1,05-01-2025,Apartment,18,716.85,"$197,556.99",Sold,C0104,01-05-2025,197556.99,275.5904164
10150,1,05-01-2025,Apartment,19,773.17,"$213,333.34",Sold,C0083,01-05-2025,213333.34,275.9203539
10177,1,05-01-2025,Apartment,22,740.83,"$208,869.86",Sold,C1573,01-05-2025,208869.86,281.9403372
10188,1,05-01-2025,Apartment,23,1201.5,"$333,805.80",Available,,01-05-2025,333805.8,277.8242197
10190,1,05-01-2025,Apartment,23,1201.5,"$354,052.01",Sold,C0687,01-05-2025,354052.01,294.6749979
10237,1,05-01-2025,Apartment,27,725.12,"$239,200.56",Sold,C0032,01-05-2025,239200.56,329.8772065
10296,1,05-01-2025,Apartment,31,619.78,"$166,744.56",Available,,01-05-2025,166744.56,269.0383039
10303,1,05-01-2025,Apartment,32,800.77,"$227,545.66",Sold,C1368,01-05-2025,227545.66,284.1585724
10322,1,05-01-2025,Office,34,1469.14,"$528,013.52",Available,,01-05-2025,528013.52,359.4031338
10405,1,05-01-2025,Apartment,47,771.08,"$287,674.64",Available,,01-05-2025,287674.64,373.0801473
10414,1,05-01-2025,Apartment,48,1170.93,"$333,101.77",Sold,C0247,01-05-2025,333101.77,284.4762454
20019,2,05-01-2025,Apartment,2,788.72,"$263,962.33",Sold,C1603,01-05-2025,263962.33,334.6717847
20042,2,05-01-2025,Apartment,5,933.95,"$253,388.70",Available,,01-05-2025,253388.7,271.3086354
20045,2,05-01-2025,Apartment,5,933.95,"$312,262.95",Sold,C1657,01-05-2025,312262.95,334.3465389
20047,2,05-01-2025,Apartment,5,933.95,"$265,780.53",Sold,C1292,01-05-2025,265780.53,284.5768296
20051,2,05-01-2025,Apartment,6,967.84,"$275,527.07",Sold,C0841,01-05-2025,275527.07,284.6824578
20057,2,05-01-2025,Office,6,967.84,"$263,877.34",Sold,C0136,01-05-2025,263877.34,272.6456232
20065,2,05-01-2025,Apartment,8,715.54,"$252,468.08",Sold,C0538,01-05-2025,252468.08,352.8357325
20088,2,05-01-2025,Apartment,10,788.79,"$277,290.50",Sold,C1498,01-05-2025,277290.5,351.5390662
20098,2,05-01-2025,Office,11,1625.05,"$395,093.69",Sold,C1828,01-05-2025,395093.69,243.1270976
20104,2,05-01-2025,Apartment,12,1610.5,"$481,672.65",Sold,C0128,01-05-2025,481672.65,299.0826762
20163,2,05-01-2025,Office,19,795.52,"$278,522.00",Sold,C0193,01-05-2025,278522,350.1131335
20173,2,05-01-2025,Office,20,727.55,"$218,325.78",Sold,C1481,01-05-2025,218325.78,300.0835407
20176,2,05-01-2025,Apartment,20,727.55,"$204,717.20",Sold,C1491,01-05-2025,204717.2,281.3788743
20223,2,05-01-2025,Apartment,25,943.48,"$339,365.18",Sold,C0255,01-05-2025,339365.18,359.6951499
20230,2,05-01-2025,Apartment,26,1577.79,"$559,717.96",Sold,C1821,01-05-2025,559717.96,354.7480717
20349,2,05-01-2025,Apartment,42,786.45,"$257,788.12",Sold,C1715,01-05-2025,257788.12,327.787043
20354,2,05-01-2025,Apartment,42,786.45,"$293,846.83",Sold,C0631,01-05-2025,293846.83,373.6370144
20369,2,05-01-2025,Apartment,44,580.26,"$178,180.61",Sold,C0232,01-05-2025,178180.61,307.0702961
20466,2,05-01-2025,Apartment,55,579.26,"$149,623.91",Sold,C1375,01-05-2025,149623.91,258.3018161
30018,3,05-01-2025,Apartment,1,689.75,"$257,295.13",Available,,01-05-2025,257295.13,373.0266473
30051,3,05-01-2025,Apartment,5,701.19,"$203,257.42",Sold,C1397,01-05-2025,203257.42,289.8749554
30106,3,05-01-2025,Apartment,10,784.09,"$217,542.01",Sold,C0630,01-05-2025,217542.01,277.445204
30114,3,05-01-2025,Apartment,10,784.09,"$227,403.28",Available,,01-05-2025,227403.28,290.0219108
30162,3,05-01-2025,Apartment,18,706.68,"$204,218.36",Sold,C1619,01-05-2025,204218.36,288.9827928
30181,3,05-01-2025,Apartment,20,802.97,"$248,953.74",Available,,01-05-2025,248953.74,310.0411472
30195,3,05-01-2025,Apartment,21,1122.15,"$363,901.47",Sold,C0405,01-05-2025,363901.47,324.2895068
30215,3,05-01-2025,Apartment,24,776.04,"$239,388.89",Sold,C0860,01-05-2025,239388.89,308.4749369
30279,3,05-01-2025,Apartment,32,777.85,"$219,257.86",Sold,C0312,01-05-2025,219257.86,281.8767886
30284,3,05-01-2025,Apartment,34,768.76,"$251,749.52",Sold,C0992,01-05-2025,251749.52,327.4747906
30291,3,05-01-2025,Apartment,35,925.48,"$271,586.15",Sold,C0476,01-05-2025,271586.15,293.4543696
30296,3,05-01-2025,Office,36,733.45,"$251,482.95",Sold,C0026,01-05-2025,251482.95,342.8767469
30308,3,05-01-2025,Apartment,37,659.12,"$196,469.40",Sold,C0898,01-05-2025,196469.4,298.0783469
30349,3,05-01-2025,Apartment,42,1343.96,"$395,199.65",Available,,01-05-2025,395199.65,294.0561103
30350,3,05-01-2025,Apartment,42,1343.96,"$378,986.47",Sold,C0872,01-05-2025,378986.47,281.9923733
30428,3,05-01-2025,Apartment,50,713.67,"$207,652.43",Available,,01-05-2025,207652.43,290.9642132
30430,3,05-01-2025,Apartment,50,713.67,"$221,898.05",Sold,C0095,01-05-2025,221898.05,310.9252876
30433,3,05-01-2025,Apartment,50,713.67,"$182,601.13",Available,,01-05-2025,182601.13,255.8621352
30435,3,05-01-2025,Office,50,713.67,"$216,692.83",Sold,C1237,01-05-2025,216692.83,303.6316925
30460,3,05-01-2025,Apartment,54,787.64,"$234,267.90",Available,,01-05-2025,234267.9,297.4301711
40009,4,05-01-2025,Office,1,1615.98,"$501,520.52",Sold,C1964,01-05-2025,501520.52,310.3506974
40033,4,05-01-2025,Office,4,783.03,"$246,720.63",Sold,C0543,01-05-2025,246720.63,315.0845178
40062,4,05-01-2025,Apartment,6,1602.95,"$445,333.44",Sold,C1438,01-05-2025,445333.44,277.8211672
40072,4,05-01-2025,Apartment,7,786.36,"$222,912.15",Sold,C0486,01-05-2025,222912.15,283.4734091
40139,4,05-01-2025,Apartment,17,780.68,"$234,107.29",Sold,C1817,01-05-2025,234107.29,299.8761208
40157,4,05-01-2025,Apartment,19,1063.07,"$297,965.35",Sold,C0350,01-05-2025,297965.35,280.2876104
40243,4,05-01-2025,Apartment,29,776.79,"$247,342.01",Sold,C0876,01-05-2025,247342.01,318.4155435
40252,4,05-01-2025,Apartment,30,1307.35,"$409,647.06",Sold,C1029,01-05-2025,409647.06,313.3415382
40253,4,05-01-2025,Office,30,1307.35,"$403,369.61",Available,,01-05-2025,403369.61,308.5398784
40279,4,05-01-2025,Apartment,33,734.73,"$246,127.73",Available,,01-05-2025,246127.73,334.9907177
40319,4,05-01-2025,Apartment,39,743.73,"$227,607.98",Available,,01-05-2025,227607.98,306.0357657
40342,4,05-01-2025,Apartment,40,780.74,"$243,877.45",Sold,C0749,01-05-2025,243877.45,312.3670492
40373,4,05-01-2025,Apartment,44,799.67,"$236,051.30",Sold,C0058,01-05-2025,236051.3,295.1858892
50043,5,05-01-2025,Apartment,8,782.15,"$213,915.00",Sold,C0945,01-05-2025,213915,273.4961325
50065,5,05-01-2025,Apartment,9,793.56,"$265,768.77",Available,,01-05-2025,265768.77,334.9069636
50078,5,05-01-2025,Apartment,10,629.27,"$220,388.67",Sold,C1530,01-05-2025,220388.67,350.2291067
50101,5,05-01-2025,Apartment,12,787.5,"$261,463.31",Available,,01-05-2025,261463.31,332.0169016
50143,5,05-01-2025,Apartment,18,1267.03,"$374,103.56",Sold,C1233,01-05-2025,374103.56,295.2602227
50179,5,05-01-2025,Apartment,23,1006.65,"$248,569.02",Sold,C0577,01-05-2025,248569.02,246.9269557
50210,5,05-01-2025,Apartment,27,1278.6,"$408,109.75",Available,,01-05-2025,408109.75,319.1848506
50215,5,05-01-2025,Apartment,28,1247.24,"$329,008.00",Sold,C1425,01-05-2025,329008,263.7888458
50228,5,05-01-2025,Apartment,31,1008.52,"$337,197.82",Available,,01-05-2025,337197.82,334.3491651
50267,5,05-01-2025,Office,35,605.55,"$176,582.96",Available,,01-05-2025,176582.96,291.6075634
50269,5,05-01-2025,Apartment,36,627.56,"$189,545.13",Sold,C0052,01-05-2025,189545.13,302.0350723
50298,5,05-01-2025,Apartment,39,591.14,"$153,072.85",Available,,01-05-2025,153072.85,258.9451737
50306,5,05-01-2025,Office,41,630.83,"$236,306.88",Available,,01-05-2025,236306.88,374.5967693
50329,5,05-01-2025,Apartment,42,791.2,"$251,971.56",Sold,C0984,01-05-2025,251971.56,318.4675935
50338,5,05-01-2025,Apartment,43,802.72,"$229,942.63",Sold,C1147,01-05-2025,229942.63,286.4543427
50429,5,05-01-2025,Apartment,50,1261.07,"$340,608.67",Sold,C0655,01-05-2025,340608.67,270.0949749
50442,5,05-01-2025,Apartment,52,1755.18,"$448,811.40",Available,,01-05-2025,448811.4,255.7067651
60067,6,05-01-2025,Apartment,6,951.22,"$311,096.80",Sold,C1040,01-05-2025,311096.8,327.0503143
60181,6,05-01-2025,Apartment,16,1687.92,"$510,808.24",Sold,C1526,01-05-2025,510808.24,302.625859
60218,6,05-01-2025,Office,20,1897.17,"$468,592.51",Sold,C0009,01-05-2025,468592.51,246.9955302
60220,6,05-01-2025,Apartment,20,1897.17,"$565,996.94",Sold,C1355,01-05-2025,565996.94,298.3374922
60238,6,05-01-2025,Apartment,23,1243.4,"$349,749.68",Available,,01-05-2025,349749.68,281.2849284
60253,6,05-01-2025,Apartment,25,1086.43,"$359,202.38",Sold,C0877,01-05-2025,359202.38,330.626345
60290,6,05-01-2025,Apartment,32,793.11,"$241,805.57",Sold,C0346,01-05-2025,241805.57,304.8827653
60307,6,05-01-2025,Office,34,1353.81,"$448,817.69",Sold,C1306,01-05-2025,448817.69,331.5219196
60326,6,05-01-2025,Office,36,463.91,"$149,767.48",Sold,C1633,01-05-2025,149767.48,322.8373607
60357,6,05-01-2025,Office,41,940.72,"$259,855.15",Available,,01-05-2025,259855.15,276.2300685
60360,6,05-01-2025,Apartment,41,940.72,"$279,865.70",Available,,01-05-2025,279865.7,297.5015945
60439,6,05-01-2025,Apartment,52,1408.23,"$427,534.07",Sold,C0817,01-05-2025,427534.07,303.5967633
60448,6,05-01-2025,Apartment,53,1170.96,"$306,183.74",Sold,C0258,01-05-2025,306183.74,261.4809558
70001,7,05-01-2025,Apartment,1,759.04,"$260,441.29",Sold,C0192,01-05-2025,260441.29,343.1193218
70015,7,05-01-2025,Office,3,888.5,"$266,544.05",Sold,C0195,01-05-2025,266544.05,299.9933033
70127,7,05-01-2025,Apartment,15,602.92,"$190,314.12",Sold,C0753,01-05-2025,190314.12,315.6540171
70146,7,05-01-2025,Office,18,703.28,"$231,837.71",Available,,01-05-2025,231837.71,329.6520731
70147,7,05-01-2025,Apartment,18,703.28,"$204,864.62",Available,,01-05-2025,204864.62,291.2987999
70152,7,05-01-2025,Office,19,751.07,"$195,740.81",Sold,C1573,01-05-2025,195740.81,260.6159346
70153,7,05-01-2025,Apartment,19,751.07,"$230,306.24",Sold,C0344,01-05-2025,230306.24,306.6375171
70195,7,05-01-2025,Apartment,22,1914.21,"$606,086.60",Sold,C1094,01-05-2025,606086.6,316.6249262
70260,7,05-01-2025,Apartment,29,441.65,"$126,200.04",Sold,C0383,01-05-2025,126200.04,285.7467225
70268,7,05-01-2025,Office,30,1237.23,"$368,764.14",Available,,01-05-2025,368764.14,298.0562547
70282,7,05-01-2025,Apartment,34,1487.05,"$455,404.07",Sold,C1547,01-05-2025,455404.07,306.2466427
70295,7,05-01-2025,Apartment,35,613.21,"$187,620.95",Available,,01-05-2025,187620.95,305.9652484
70312,7,05-01-2025,Apartment,37,1171.04,"$370,830.27",Sold,C0177,01-05-2025,370830.27,316.6674665
70339,7,05-01-2025,Office,41,1093.92,"$334,197.72",Sold,C1795,01-05-2025,334197.72,305.504717
70405,7,05-01-2025,Apartment,47,1033.08,"$256,543.63",Sold,C0076,01-05-2025,256543.63,248.3289097
70469,7,05-01-2025,Apartment,55,601.23,"$187,791.70",Sold,C1668,01-05-2025,187791.7,312.3458577
70504,7,05-01-2025,Apartment,58,1629.83,"$524,785.88",Sold,C1594,01-05-2025,524785.88,321.9881092
80017,8,05-01-2025,Apartment,2,1097.36,"$340,541.60",Sold,C0393,01-05-2025,340541.6,310.3280601
80030,8,05-01-2025,Apartment,4,1934.75,"$595,656.86",Available,,01-05-2025,595656.86,307.8727794
80038,8,05-01-2025,Apartment,5,887.23,"$243,883.40",Sold,C0893,01-05-2025,243883.4,274.8818232
80071,8,05-01-2025,Apartment,8,1552.34,"$407,657.44",Sold,C1283,01-05-2025,407657.44,262.6083461
80137,8,05-01-2025,Apartment,16,424.09,"$152,382.95",Available,,01-05-2025,152382.95,359.3174798
80167,8,05-01-2025,Apartment,21,1501.64,"$409,979.77",Sold,C1583,01-05-2025,409979.77,273.0213433
80212,8,05-01-2025,Apartment,29,1848.51,"$577,483.25",Sold,C1718,01-05-2025,577483.25,312.4047206
80241,8,05-01-2025,Apartment,30,1070.46,"$299,341.47",Available,,01-05-2025,299341.47,279.6381649
80345,8,05-01-2025,Office,39,1290.89,"$381,192.56",Sold,C1033,01-05-2025,381192.56,295.2943783
80352,8,05-01-2025,Apartment,41,610.26,"$159,707.09",Available,,01-05-2025,159707.09,261.7033559
80357,8,05-01-2025,Office,42,1473.68,"$439,227.72",Sold,C0389,01-05-2025,439227.72,298.048233
80366,8,05-01-2025,Office,43,1490.59,"$488,108.91",Sold,C1767,01-05-2025,488108.91,327.460207
80383,8,05-01-2025,Apartment,46,1175.51,"$379,740.64",Sold,C1075,01-05-2025,379740.64,323.0433089
80470,8,05-01-2025,Apartment,55,1300.05,"$422,703.93",Sold,C1397,01-05-2025,422703.93,325.1443637
80477,8,05-01-2025,Apartment,56,1874.7,"$491,384.80",Available,,01-05-2025,491384.8,262.1138315
80489,8,05-01-2025,Apartment,57,1949.35,"$529,541.23",Available,,01-05-2025,529541.23,271.6501552
90021,9,05-01-2025,Apartment,4,1139.87,"$408,511.51",Sold,C0306,01-05-2025,408511.51,358.3842982
90025,9,05-01-2025,Office,5,1416.81,"$423,694.55",Sold,C1683,01-05-2025,423694.55,299.0482492
90051,9,05-01-2025,Apartment,9,1391.22,"$417,103.42",Sold,C1804,01-05-2025,417103.42,299.8112592
90077,9,05-01-2025,Apartment,12,952.38,"$244,096.92",Sold,C1550,01-05-2025,244096.92,256.3020223
90137,9,05-01-2025,Apartment,21,1261.65,"$395,284.05",Sold,C0692,01-05-2025,395284.05,313.3072167
90193,9,05-01-2025,Apartment,28,1931.82,"$675,285.62",Sold,C0727,01-05-2025,675285.62,349.5592861
90232,9,05-01-2025,Apartment,33,973.52,"$309,061.29",Available,,01-05-2025,309061.29,317.4678384
90246,9,05-01-2025,Apartment,34,1577.36,"$507,504.36",Sold,C1567,01-05-2025,507504.36,321.7428868
90281,9,05-01-2025,Apartment,35,1376.88,"$364,329.06",Available,,01-05-2025,364329.06,264.6048022
90341,9,05-01-2025,Office,40,1090.32,"$326,851.69",Sold,C0095,01-05-2025,326851.69,299.7759282
90345,9,05-01-2025,Apartment,40,1090.32,"$340,807.81",Sold,C1237,01-05-2025,340807.81,312.5759502
90366,9,05-01-2025,Apartment,43,1908.91,"$576,858.24",Available,,01-05-2025,576858.24,302.1924763
90374,9,05-01-2025,Apartment,44,1351.57,"$358,419.01",Available,,01-05-2025,358419.01,265.1871601
90450,9,05-01-2025,Apartment,56,1516.4,"$397,503.10",Sold,C1043,01-05-2025,397503.1,262.1360459
90507,9,05-01-2025,Apartment,58,838.34,"$218,992.09",Sold,C0759,01-05-2025,218992.09,261.2210917
90523,9,05-01-2025,Apartment,59,1697.13,"$437,506.24",Sold,C0340,01-05-2025,437506.24,257.791825
100005,10,05-01-2025,Apartment,1,1006.89,"$289,076.11",Sold,C1104,01-05-2025,289076.11,287.0980047
100027,10,05-01-2025,Apartment,4,1765.37,"$515,578.93",Available,,01-05-2025,515578.93,292.051485
100098,10,05-01-2025,Apartment,12,852.74,"$250,926.91",Available,,01-05-2025,250926.91,294.259575
100106,10,05-01-2025,Apartment,14,1318.01,"$417,201.93",Sold,C1701,01-05-2025,417201.93,316.5392751
100122,10,05-01-2025,Apartment,15,1948.32,"$516,476.18",Sold,C1108,01-05-2025,516476.18,265.087963
100141,10,05-01-2025,Apartment,18,1244.03,"$382,842.94",Available,,01-05-2025,382842.94,307.744138
100158,10,05-01-2025,Apartment,20,1264.43,"$410,347.16",Available,,01-05-2025,410347.16,324.5313382
100214,10,05-01-2025,Apartment,27,777.35,"$201,415.36",Sold,C0917,01-05-2025,201415.36,259.1051135
100219,10,05-01-2025,Apartment,27,777.35,"$262,420.84",Sold,C1818,01-05-2025,262420.84,337.583894
100317,10,05-01-2025,Apartment,37,1177.85,"$340,374.80",Available,,01-05-2025,340374.8,288.9797512
100337,10,05-01-2025,Apartment,40,1322.98,"$389,328.46",Sold,C1746,01-05-2025,389328.46,294.2814404
100341,10,05-01-2025,Apartment,41,1750.64,"$565,457.28",Sold,C1335,01-05-2025,565457.28,323.0003199
100359,10,05-01-2025,Apartment,43,1093.67,"$383,263.24",Available,,01-05-2025,383263.24,350.4377372
100421,10,05-01-2025,Apartment,50,1138.32,"$342,174.93",Sold,C0943,01-05-2025,342174.93,300.5964316
110038,11,05-01-2025,Apartment,4,1414.25,"$398,416.60",Sold,C0430,01-05-2025,398416.6,281.7158211
110041,11,05-01-2025,Apartment,5,1723.2,"$494,410.43",Available,,01-05-2025,494410.43,286.9141307
110058,11,05-01-2025,Apartment,6,1724.08,"$487,075.17",Sold,C1638,01-05-2025,487075.17,282.513091
110093,11,05-01-2025,Apartment,10,1519.64,"$430,666.39",Sold,C1219,01-05-2025,430666.39,283.4002724
110106,11,05-01-2025,Apartment,13,474.93,"$140,213.02",Sold,C0244,01-05-2025,140213.02,295.2288127
110134,11,05-01-2025,Apartment,14,524.68,"$172,200.35",Sold,C0536,01-05-2025,172200.35,328.2007128
110193,11,05-01-2025,Apartment,22,1755.05,"$596,516.36",Sold,C1158,01-05-2025,596516.36,339.8856785
110234,11,05-01-2025,Apartment,29,993.51,"$336,177.61",Sold,C0884,01-05-2025,336177.61,338.373655
110237,11,05-01-2025,Office,29,993.51,"$313,924.14",Sold,C0511,01-05-2025,313924.14,315.9748166
110239,11,05-01-2025,Apartment,29,993.51,"$310,876.37",Sold,C0919,01-05-2025,310876.37,312.9071373
110263,11,05-01-2025,Apartment,32,1285.87,"$391,255.01",Available,,01-05-2025,391255.01,304.2726014
110373,11,05-01-2025,Apartment,44,434.38,"$131,519.77",Sold,C0228,01-05-2025,131519.77,302.7758414
110378,11,05-01-2025,Apartment,44,434.38,"$137,674.50",Available,,01-05-2025,137674.5,316.9448409
110386,11,05-01-2025,Apartment,45,1651.09,"$548,150.16",Sold,C0226,01-05-2025,548150.16,331.9929017
110432,11,05-01-2025,Office,51,1318.98,"$454,364.35",Sold,C1975,01-05-2025,454364.35,344.481607
110438,11,05-01-2025,Apartment,52,1397.58,"$427,948.68",Available,,01-05-2025,427948.68,306.2069291
110469,11,05-01-2025,Apartment,56,724.8,"$195,152.94",Sold,C1417,01-05-2025,195152.94,269.250745
120002,12,05-01-2025,Apartment,1,839.95,"$205,528.92",Sold,C0009,01-05-2025,205528.92,244.6918507
120004,12,05-01-2025,Apartment,1,839.95,"$252,295.18",Sold,C1355,01-05-2025,252295.18,300.3692839
120009,12,05-01-2025,Apartment,1,839.95,"$265,630.46",Sold,C0795,01-05-2025,265630.46,316.2455622
120014,12,05-01-2025,Apartment,2,1285.87,"$380,015.64",Available,,01-05-2025,380015.64,295.5319278
120072,12,05-01-2025,Apartment,8,1803.36,"$466,253.04",Available,,01-05-2025,466253.04,258.5468459
120073,12,05-01-2025,Apartment,8,1803.36,"$634,188.62",Sold,C1596,01-05-2025,634188.62,351.6705594
120085,12,05-01-2025,Apartment,11,1348.81,"$348,797.92",Sold,C0755,01-05-2025,348797.92,258.5967779
120103,12,05-01-2025,Apartment,13,1394.03,"$520,101.47",Sold,C1737,01-05-2025,520101.47,373.092021
120113,12,05-01-2025,Apartment,14,1369.96,"$367,617.71",Sold,C0355,01-05-2025,367617.71,268.3419297
120146,12,05-01-2025,Apartment,16,1523.02,"$505,829.79",Sold,C1553,01-05-2025,505829.79,332.1228809
120198,12,05-01-2025,Apartment,22,892.67,"$290,299.07",Sold,C0756,01-05-2025,290299.07,325.203121
120235,12,05-01-2025,Apartment,24,1306.75,"$349,839.43",Sold,C1223,01-05-2025,349839.43,267.7171839
120359,12,05-01-2025,Apartment,38,1157.23,"$367,496.03",Sold,C0363,01-05-2025,367496.03,317.5652463
120377,12,05-01-2025,Apartment,41,938.23,"$282,768.90",Available,,01-05-2025,282768.9,301.3854812
120395,12,05-01-2025,Apartment,47,1528.05,"$509,148.56",Sold,C0501,01-05-2025,509148.56,333.2015052
120407,12,05-01-2025,Apartment,47,1528.05,"$360,456.35",Sold,C1573,01-05-2025,360456.35,235.8930336
130024,13,05-01-2025,Office,2,1651.02,"$475,718.50",Sold,C0956,01-05-2025,475718.5,288.1361219
130028,13,05-01-2025,Apartment,2,1651.02,"$538,246.86",Sold,C1461,01-05-2025,538246.86,326.0086855
130056,13,05-01-2025,Office,5,441.3,"$117,558.15",Sold,C0325,01-05-2025,117558.15,266.3905506
130075,13,05-01-2025,Apartment,9,1448.68,"$431,877.48",Sold,C0785,01-05-2025,431877.48,298.117928
130082,13,05-01-2025,Apartment,10,1314.38,"$396,126.59",Available,,01-05-2025,396126.59,301.3790456
130086,13,05-01-2025,Apartment,11,1678.3,"$498,317.73",Sold,C1919,01-05-2025,498317.73,296.9181493
130087,13,05-01-2025,Apartment,11,1678.3,"$469,476.95",Sold,C1255,01-05-2025,469476.95,279.7336293
130102,13,05-01-2025,Apartment,12,1858.65,"$538,375.93",Sold,C0063,01-05-2025,538375.93,289.6596616
130173,13,05-01-2025,Apartment,20,516.72,"$184,957.97",Available,,01-05-2025,184957.97,357.9462185
130181,13,05-01-2025,Apartment,20,516.72,"$154,757.84",Sold,C0587,01-05-2025,154757.84,299.5003871
130258,13,05-01-2025,Apartment,30,1777.51,"$534,630.42",Sold,C0076,01-05-2025,534630.42,300.7749155
130274,13,05-01-2025,Apartment,32,1114.07,"$298,538.23",Available,,01-05-2025,298538.23,267.9708008
130277,13,05-01-2025,Apartment,32,1114.07,"$307,504.71",Sold,C0235,01-05-2025,307504.71,276.0191999
130301,13,05-01-2025,Apartment,33,1445.84,"$424,439.28",Available,,01-05-2025,424439.28,293.5589553
130350,13,05-01-2025,Apartment,38,656.42,"$182,096.35",Available,,01-05-2025,182096.35,277.4082904
130362,13,05-01-2025,Apartment,40,571.5,"$138,257.97",Sold,C1828,01-05-2025,138257.97,241.9212073
130368,13,05-01-2025,Apartment,40,571.5,"$183,248.76",Sold,C0128,01-05-2025,183248.76,320.6452493
130389,13,05-01-2025,Apartment,43,1875.83,"$535,236.81",Sold,C0167,01-05-2025,535236.81,285.3333244
130404,13,05-01-2025,Apartment,45,986.91,"$302,325.29",Sold,C0990,01-05-2025,302325.29,306.335218
130429,13,05-01-2025,Apartment,47,1874.35,"$595,397.77",Sold,C0803,01-05-2025,595397.77,317.6555979
130493,13,05-01-2025,Apartment,57,1717.49,"$539,317.69",Available,,01-05-2025,539317.69,314.0150394
130511,13,05-01-2025,Apartment,59,1434.04,"$353,752.57",Sold,C1369,01-05-2025,353752.57,246.6824984
130529,13,05-01-2025,Apartment,60,1401.81,"$438,895.96",Sold,C0533,01-05-2025,438895.96,313.0923306
130564,13,05-01-2025,Apartment,66,1283.8,"$367,765.98",Sold,C0173,01-05-2025,367765.98,286.4667238
140008,14,05-01-2025,Office,2,922.7,"$231,951.22",Available,,01-05-2025,231951.22,251.3831364
140083,14,05-01-2025,Office,11,1431.42,"$492,509.45",Sold,C0302,01-05-2025,492509.45,344.0705383
140118,14,05-01-2025,Apartment,13,442.74,"$141,101.65",Sold,C1209,01-05-2025,141101.65,318.7009306
140128,14,05-01-2025,Apartment,14,1628.68,"$517,610.73",Sold,C0438,01-05-2025,517610.73,317.8099627
140150,14,05-01-2025,Apartment,16,915.37,"$268,606.11",Available,,01-05-2025,268606.11,293.4399314
140156,14,05-01-2025,Apartment,16,915.37,"$302,441.81",Sold,C1556,01-05-2025,302441.81,330.4038913
140170,14,05-01-2025,Office,17,686.6,"$299,967.93",Available,,01-05-2025,299967.93,436.8889164
140267,14,05-01-2025,Apartment,29,1618.34,"$501,471.56",Sold,C1961,01-05-2025,501471.56,309.8678646
140286,14,05-01-2025,Apartment,33,1894.96,"$616,501.26",Available,,01-05-2025,616501.26,325.3373475
140324,14,05-01-2025,Apartment,38,1170.11,"$372,305.86",Available,,01-05-2025,372305.86,318.1802224
140347,14,05-01-2025,Apartment,41,543.61,"$162,818.91",Sold,C1923,01-05-2025,162818.91,299.5141922
140353,14,05-01-2025,Apartment,43,520.49,"$155,210.56",Sold,C1172,01-05-2025,155210.56,298.2008492
140375,14,05-01-2025,Apartment,45,1388.61,"$392,569.11",Sold,C0216,01-05-2025,392569.11,282.7065267
140379,14,05-01-2025,Apartment,46,1258.99,"$379,081.98",Sold,C1721,01-05-2025,379081.98,301.1000723
140429,14,05-01-2025,Apartment,51,1346.3,"$372,457.73",Sold,C0773,01-05-2025,372457.73,276.6528485
140435,14,05-01-2025,Apartment,51,1346.3,"$422,800.28",Available,,01-05-2025,422800.28,314.0461116
140467,14,05-01-2025,Apartment,55,1415.9,"$502,780.15",Sold,C1750,01-05-2025,502780.15,355.0958048
150070,15,05-01-2025,Apartment,10,1072.95,"$317,628.80",Sold,C1404,01-05-2025,317628.8,296.0331796
150099,15,05-01-2025,Apartment,15,522.71,"$175,599.90",Sold,C0001,01-05-2025,175599.9,335.9413441
150106,15,05-01-2025,Office,15,522.71,"$155,535.10",Sold,C1287,01-05-2025,155535.1,297.555241
150133,15,05-01-2025,Apartment,17,562.64,"$177,349.05",Available,,01-05-2025,177349.05,315.208748
150140,15,05-01-2025,Apartment,17,562.64,"$187,358.70",Sold,C1312,01-05-2025,187358.7,332.9992535
150143,15,05-01-2025,Apartment,17,562.64,"$167,897.44",Sold,C0101,01-05-2025,167897.44,298.4100668
150165,15,05-01-2025,Apartment,21,1271.25,"$376,814.30",Sold,C0310,01-05-2025,376814.3,296.4124287
150183,15,05-01-2025,Apartment,23,1279.23,"$435,723.27",Sold,C0365,01-05-2025,435723.27,340.6137051
150189,15,05-01-2025,Apartment,23,1279.23,"$434,858.74",Available,,01-05-2025,434858.74,339.9378845
150194,15,05-01-2025,Apartment,23,1279.23,"$401,460.83",Sold,C1647,01-05-2025,401460.83,313.8300618
150250,15,05-01-2025,Apartment,30,1523.22,"$425,190.67",Available,,01-05-2025,425190.67,279.1393692
150261,15,05-01-2025,Apartment,30,1523.22,"$432,917.50",Available,,01-05-2025,432917.5,284.2120639
150268,15,05-01-2025,Apartment,31,1901.65,"$557,626.79",Sold,C1300,01-05-2025,557626.79,293.2331344
150280,15,05-01-2025,Apartment,34,1304.22,"$407,450.17",Sold,C1679,01-05-2025,407450.17,312.4090798
150314,15,05-01-2025,Office,35,745.49,"$212,947.87",Sold,C0257,01-05-2025,212947.87,285.6481911
150341,15,05-01-2025,Apartment,39,1713.42,"$476,819.19",Sold,C1627,01-05-2025,476819.19,278.2850615
150483,15,05-01-2025,Apartment,57,429.34,"$125,064.35",Available,,01-05-2025,125064.35,291.2944287
160024,16,05-01-2025,Office,4,1561.55,"$548,503.64",Sold,C0178,01-05-2025,548503.64,351.2558932
160196,16,05-01-2025,Office,24,1077.77,"$264,146.36",Sold,C0689,01-05-2025,264146.36,245.0860202
160223,16,05-01-2025,Apartment,27,1164.55,"$369,524.95",Sold,C0246,01-05-2025,369524.95,317.3113649
160242,16,05-01-2025,Apartment,28,1440.71,"$493,044.25",Sold,C0048,01-05-2025,493044.25,342.2231053
160301,16,05-01-2025,Office,35,629.97,"$205,003.87",Sold,C1054,01-05-2025,205003.87,325.4184644
170010,17,05-01-2025,Apartment,1,530.28,"$171,074.17",Sold,C0999,01-05-2025,171074.17,322.6110168
170011,17,05-01-2025,Apartment,1,530.28,"$155,277.30",Sold,C0769,01-05-2025,155277.3,292.8213397
170018,17,05-01-2025,Office,1,530.28,"$170,733.90",Sold,C0985,01-05-2025,170733.9,321.969337
170024,17,05-01-2025,Office,2,1738.5,"$618,068.19",Sold,C0290,01-05-2025,618068.19,355.5180846
170048,17,05-01-2025,Apartment,6,1739.03,"$495,814.92",Available,,01-05-2025,495814.92,285.1100441
170082,17,05-01-2025,Office,10,1059.07,"$328,477.73",Sold,C0033,01-05-2025,328477.73,310.1567696
170100,17,05-01-2025,Apartment,12,451.91,"$137,774.09",Sold,C1278,01-05-2025,137774.09,304.870638
170209,17,05-01-2025,Office,23,1025.52,"$281,260.70",Sold,C1769,01-05-2025,281260.7,274.2615454
170236,17,05-01-2025,Apartment,27,677.24,"$236,838.98",Sold,C1136,01-05-2025,236838.98,349.7120371
170246,17,05-01-2025,Apartment,28,1201.04,"$375,578.61",Available,,01-05-2025,375578.61,312.7111587
170262,17,05-01-2025,Apartment,32,954.54,"$302,112.82",Sold,C1398,01-05-2025,302112.82,316.5009533
170271,17,05-01-2025,Apartment,33,1532.89,"$392,498.69",Available,,01-05-2025,392498.69,256.0514388
170286,17,05-01-2025,Apartment,35,1667.01,"$490,050.27",Sold,C1360,01-05-2025,490050.27,293.9696043
170313,17,05-01-2025,Apartment,39,1341.67,"$479,425.55",Available,,01-05-2025,479425.55,357.3349259
170338,17,05-01-2025,Apartment,42,691.03,"$222,293.76",Available,,01-05-2025,222293.76,321.6846736
170344,17,05-01-2025,Apartment,43,1602.46,"$483,360.49",Available,,01-05-2025,483360.49,301.6365401
170358,17,05-01-2025,Apartment,46,1582.61,"$444,006.51",Sold,C0748,01-05-2025,444006.51,280.5533328
170384,17,05-01-2025,Apartment,48,1833.96,"$580,903.05",Sold,C0009,01-05-2025,580903.05,316.7479389
170426,17,05-01-2025,Apartment,49,1283.67,"$390,972.72",Sold,C0122,01-05-2025,390972.72,304.5741663
180036,18,05-01-2025,Apartment,4,1096.58,"$312,109.48",Sold,C0482,01-05-2025,312109.48,284.6208029
180038,18,05-01-2025,Apartment,4,1096.58,"$288,304.74",Sold,C1076,01-05-2025,288304.74,262.9126375
180044,18,05-01-2025,Apartment,5,883.32,"$278,963.92",Available,,01-05-2025,278963.92,315.8129783
180054,18,05-01-2025,Apartment,6,840.25,"$266,282.79",Sold,C1584,01-05-2025,266282.79,316.9090033
180109,18,05-01-2025,Apartment,14,1742.3,"$514,682.27",Sold,C0176,01-05-2025,514682.27,295.4039316
180128,18,05-01-2025,Apartment,17,1195.81,"$306,003.32",Sold,C1752,01-05-2025,306003.32,255.8962711
180190,18,05-01-2025,Apartment,25,911.94,"$284,177.91",Sold,C1572,01-05-2025,284177.91,311.6190868
180195,18,05-01-2025,Apartment,25,911.94,"$253,775.13",Sold,C0835,01-05-2025,253775.13,278.2805119
180210,18,05-01-2025,Apartment,27,650.82,"$174,212.21",Sold,C0186,01-05-2025,174212.21,267.6810946
180217,18,05-01-2025,Apartment,27,650.82,"$173,179.78",Sold,C0496,01-05-2025,173179.78,266.094742
180225,18,05-01-2025,Apartment,28,514.67,"$142,843.57",Sold,C1837,01-05-2025,142843.57,277.5439991
180260,18,05-01-2025,Apartment,30,1795.66,"$477,379.71",Available,,01-05-2025,477379.71,265.8519486
180263,18,05-01-2025,Office,30,1795.66,"$610,038.08",Sold,C0194,01-05-2025,610038.08,339.7291692
180317,18,05-01-2025,Apartment,37,1092.32,"$340,086.33",Available,,01-05-2025,340086.33,311.343132
180322,18,05-01-2025,Apartment,37,1092.32,"$270,158.79",Available,,01-05-2025,270158.79,247.325683
180326,18,05-01-2025,Apartment,38,1219.8,"$381,620.77",Sold,C1674,01-05-2025,381620.77,312.8551976
180359,18,05-01-2025,Apartment,40,990.46,"$278,073.35",Available,,01-05-2025,278073.35,280.7517214
180456,18,05-01-2025,Apartment,51,1527.31,"$496,847.34",Sold,C1775,01-05-2025,496847.34,325.3087716
180477,18,05-01-2025,Apartment,53,1806.7,"$510,663.36",Available,,01-05-2025,510663.36,282.6497814
180493,18,05-01-2025,Apartment,54,1756.12,"$480,611.69",Available,,01-05-2025,480611.69,273.6781598
180494,18,05-01-2025,Apartment,54,1756.12,"$485,852.20",Sold,C1682,01-05-2025,485852.2,276.662301
180526,18,05-01-2025,Apartment,58,955.23,"$309,544.73",Sold,C0134,01-05-2025,309544.73,324.0525633
190030,19,05-01-2025,Apartment,5,1408.42,"$358,445.19",Sold,C1826,01-05-2025,358445.19,254.501633
190056,19,05-01-2025,Apartment,8,974.77,"$298,003.07",Sold,C1152,01-05-2025,298003.07,305.716292
190063,19,05-01-2025,Apartment,10,747.71,"$239,035.92",Sold,C1861,01-05-2025,239035.92,319.6906822
190078,19,05-01-2025,Apartment,11,1869.93,"$613,288.15",Available,,01-05-2025,613288.15,327.9738546
190165,19,05-01-2025,Apartment,21,477.75,"$149,634.66",Sold,C1761,01-05-2025,149634.66,313.207033
190230,19,05-01-2025,Apartment,27,1691.96,"$484,359.77",Sold,C0837,01-05-2025,484359.77,286.2714071
190284,19,05-01-2025,Apartment,33,1454.84,"$474,802.39",Available,,01-05-2025,474802.39,326.3605551
190286,19,05-01-2025,Apartment,33,1454.84,"$464,979.69",Available,,01-05-2025,464979.69,319.6088161
190339,19,05-01-2025,Office,40,893.49,"$302,160.55",Sold,C1902,01-05-2025,302160.55,338.1801139
190352,19,05-01-2025,Apartment,41,1657.19,"$385,563.10",Sold,C0099,01-05-2025,385563.1,232.6607691
190362,19,05-01-2025,Office,42,1137.59,"$348,718.59",Sold,C0631,01-05-2025,348718.59,306.5415396
190413,19,05-01-2025,Apartment,46,1926.19,"$712,128.48",Sold,C0302,01-05-2025,712128.48,369.7083258
190422,19,05-01-2025,Apartment,49,1004.26,"$258,687.05",Sold,C0492,01-05-2025,258687.05,257.5897178
200016,20,05-01-2025,Apartment,1,1898.39,"$560,474.88",Sold,C0315,01-05-2025,560474.88,295.2369534
200023,20,05-01-2025,Apartment,2,1669.84,"$539,787.73",Sold,C1847,01-05-2025,539787.73,323.2571564
200031,20,05-01-2025,Apartment,3,1645.93,"$450,173.43",Available,,01-05-2025,450173.43,273.5070325
200071,20,05-01-2025,Apartment,8,1268.45,"$317,764.63",Available,,01-05-2025,317764.63,250.5141157
200091,20,05-01-2025,Apartment,13,1587.57,"$538,931.69",Sold,C0131,01-05-2025,538931.69,339.4695604
200147,20,05-01-2025,Office,18,1868.01,"$516,360.61",Sold,C1673,01-05-2025,516360.61,276.4228296
200168,20,05-01-2025,Office,19,759.72,"$229,230.27",Available,,01-05-2025,229230.27,301.72994
200333,20,05-01-2025,Office,36,1484.99,"$511,551.83",Sold,C1389,01-05-2025,511551.83,344.4816665
200379,20,05-01-2025,Apartment,41,541.22,"$159,669.21",Sold,C0958,01-05-2025,159669.21,295.0172019
200403,20,05-01-2025,Apartment,46,1227.49,"$404,547.78",Sold,C0637,01-05-2025,404547.78,329.5731778
200410,20,05-01-2025,Apartment,47,590.12,"$175,837.18",Sold,C1336,01-05-2025,175837.18,297.9685149
200432,20,05-01-2025,Apartment,48,860.8,"$245,338.37",Available,,01-05-2025,245338.37,285.0120469
200450,20,05-01-2025,Apartment,51,1062.33,"$336,892.39",Sold,C0002,01-05-2025,336892.39,317.1259307
200488,20,05-01-2025,Apartment,56,1333.01,"$443,597.74",Sold,C1523,01-05-2025,443597.74,332.7790039
200491,20,05-01-2025,Apartment,57,445.15,"$161,786.97",Sold,C0798,01-05-2025,161786.97,363.4437156
200498,20,05-01-2025,Apartment,58,1208.52,"$387,163.37",Sold,C1001,01-05-2025,387163.37,320.3615745
200502,20,05-01-2025,Apartment,58,1208.52,"$362,699.48",Available,,01-05-2025,362699.48,300.1187237
990001,1,05-01-2025,Apartment,2,1238.58,"$400,865.92",Available,,01-05-2025,400865.92,323.6495987
990003,1,05-01-2025,Apartment,8,763.21,"$219,630.90",Available,,01-05-2025,219630.9,287.7725659
1025,1,06-01-2025,Apartment,25,1434.09,"$382,041.13",Sold,C0065,01-06-2025,382041.13,266.399689
1040,1,06-01-2025,Apartment,40,782.25,"$234,172.39",Sold,C0030,01-06-2025,234172.39,299.3574816
1047,1,06-01-2025,Apartment,47,1479.72,"$448,134.27",Sold,C0104,01-06-2025,448134.27,302.8507218
3002,3,06-01-2025,Apartment,2,923.21,"$261,871.70",Sold,C0083,01-06-2025,261871.7,283.6534483
5003,5,06-01-2025,Apartment,3,798.5,"$212,644.39",Available,,01-06-2025,212644.39,266.304809
10026,1,06-01-2025,Apartment,3,788.73,"$225,196.58",Available,,01-06-2025,225196.58,285.5179593
10027,1,06-01-2025,Apartment,3,788.73,"$219,973.45",Sold,C1462,01-06-2025,219973.45,278.8957565
10054,1,06-01-2025,Apartment,7,758.88,"$203,777.68",Sold,C1927,01-06-2025,203777.68,268.5242463
10088,1,06-01-2025,Apartment,12,621.14,"$198,416.21",Sold,C1616,01-06-2025,198416.21,319.43879
10102,1,06-01-2025,Apartment,13,719.47,"$191,700.01",Sold,C1365,01-06-2025,191700.01,266.4461479
10122,1,06-01-2025,Office,15,765,"$274,098.77",Sold,C0181,01-06-2025,274098.77,358.2990458
10162,1,06-01-2025,Apartment,20,1146.24,"$368,811.30",Sold,C1238,01-06-2025,368811.3,321.7574853
10216,1,06-01-2025,Apartment,25,1154.92,"$339,799.90",Sold,C1094,01-06-2025,339799.9,294.2194265
10233,1,06-01-2025,Apartment,27,725.12,"$219,325.04",Sold,C1259,01-06-2025,219325.04,302.467233
10277,1,06-01-2025,Apartment,30,753.29,"$204,682.12",Sold,C0063,01-06-2025,204682.12,271.717559
10331,1,06-01-2025,Apartment,35,1168.59,"$374,662.04",Available,,01-06-2025,374662.04,320.6103424
10346,1,06-01-2025,Apartment,37,758.3,"$197,514.96",Sold,C1180,01-06-2025,197514.96,260.4707372
10413,1,06-01-2025,Apartment,48,1170.93,"$375,305.68",Available,,01-06-2025,375305.68,320.5193137
20030,2,06-01-2025,Apartment,3,645.84,"$233,677.77",Sold,C1571,01-06-2025,233677.77,361.819909
20077,2,06-01-2025,Office,9,584.19,"$180,025.94",Sold,C1580,01-06-2025,180025.94,308.1633373
20082,2,06-01-2025,Apartment,10,788.79,"$266,730.80",Sold,C0112,01-06-2025,266730.8,338.1518528
20093,2,06-01-2025,Apartment,11,1625.05,"$526,987.75",Available,,01-06-2025,526987.75,324.2901757
20154,2,06-01-2025,Apartment,18,784.76,"$250,182.28",Sold,C1535,01-06-2025,250182.28,318.8010092
20261,2,06-01-2025,Apartment,31,629.92,"$183,932.23",Sold,C0574,01-06-2025,183932.23,291.9929991
20314,2,06-01-2025,Apartment,37,780.46,"$241,560.55",Sold,C1718,01-06-2025,241560.55,309.510481
20361,2,06-01-2025,Apartment,42,786.45,"$227,817.72",Available,,01-06-2025,227817.72,289.678581
20382,2,06-01-2025,Apartment,45,782.2,"$236,688.40",Sold,C0793,01-06-2025,236688.4,302.5931987
20426,2,06-01-2025,Apartment,49,1617.9,"$444,828.73",Available,,01-06-2025,444828.73,274.9420422
30011,3,06-01-2025,Apartment,1,689.75,"$211,623.61",Sold,C0131,01-06-2025,211623.61,306.8120478
30026,3,06-01-2025,Apartment,3,783.65,"$248,612.76",Available,,01-06-2025,248612.76,317.2497416
30030,3,06-01-2025,Apartment,4,719.96,"$216,233.33",Available,,01-06-2025,216233.33,300.340755
30040,3,06-01-2025,Apartment,4,719.96,"$178,170.39",Sold,C0653,01-06-2025,178170.39,247.4726235
30047,3,06-01-2025,Apartment,5,701.19,"$234,957.50",Sold,C0178,01-06-2025,234957.5,335.0839287
30069,3,06-01-2025,Apartment,7,744.01,"$258,599.68",Available,,01-06-2025,258599.68,347.5755433
30098,3,06-01-2025,Apartment,9,1125.84,"$298,173.59",Available,,01-06-2025,298173.59,264.8454398
30158,3,06-01-2025,Apartment,18,706.68,"$195,341.00",Sold,C1550,01-06-2025,195341,276.4207279
30209,3,06-01-2025,Office,23,924.21,"$248,050.00",Sold,C0011,01-06-2025,248050,268.3913829
30210,3,06-01-2025,Apartment,23,924.21,"$286,172.72",Sold,C1028,01-06-2025,286172.72,309.6403631
30295,3,06-01-2025,Apartment,36,733.45,"$222,919.30",Sold,C0773,01-06-2025,222919.3,303.9325107
30311,3,06-01-2025,Office,38,1173.4,"$341,826.64",Sold,C1869,01-06-2025,341826.64,291.3129709
30340,3,06-01-2025,Apartment,41,965.5,"$314,641.73",Sold,C1336,01-06-2025,314641.73,325.884754
30356,3,06-01-2025,Apartment,44,673.86,"$202,812.57",Sold,C1575,01-06-2025,202812.57,300.9713739
30380,3,06-01-2025,Apartment,46,1599.81,"$522,366.69",Available,,01-06-2025,522366.69,326.5179553
30405,3,06-01-2025,Apartment,49,1174.48,"$296,753.67",Available,,01-06-2025,296753.67,252.668134
30414,3,06-01-2025,Apartment,49,1174.48,"$366,989.11",Sold,C0370,01-06-2025,366989.11,312.4694418
30429,3,06-01-2025,Apartment,50,713.67,"$238,169.16",Sold,C1783,01-06-2025,238169.16,333.7244945
30434,3,06-01-2025,Apartment,50,713.67,"$191,594.66",Sold,C1327,01-06-2025,191594.66,268.4639399
30437,3,06-01-2025,Apartment,50,713.67,"$249,497.22",Sold,C1540,01-06-2025,249497.22,349.597461
40014,4,06-01-2025,Apartment,2,1620.07,"$503,513.09",Available,,01-06-2025,503513.09,310.7971199
40023,4,06-01-2025,Apartment,3,1630.82,"$561,592.03",Sold,C1568,01-06-2025,561592.03,344.3617505
40067,4,06-01-2025,Apartment,7,786.36,"$248,235.55",Sold,C1705,01-06-2025,248235.55,315.6767257
40104,4,06-01-2025,Apartment,13,809.06,"$214,784.29",Available,,01-06-2025,214784.29,265.4738709
40108,4,06-01-2025,Apartment,14,1322.66,"$409,829.82",Available,,01-06-2025,409829.82,309.8527362
40222,4,06-01-2025,Apartment,26,790.05,"$255,135.92",Sold,C1504,01-06-2025,255135.92,322.9364217
40238,4,06-01-2025,Apartment,29,776.79,"$245,279.18",Sold,C0814,01-06-2025,245279.18,315.7599609
40250,4,06-01-2025,Apartment,30,1307.35,"$446,358.88",Sold,C0202,01-06-2025,446358.88,341.4226336
40262,4,06-01-2025,Apartment,31,793.1,"$269,484.63",Sold,C1455,01-06-2025,269484.63,339.7864456
40292,4,06-01-2025,Apartment,34,795.1,"$264,746.45",Available,,01-06-2025,264746.45,332.9725192
40312,4,06-01-2025,Apartment,37,800.13,"$237,481.19",Sold,C0204,01-06-2025,237481.19,296.803257
40350,4,06-01-2025,Apartment,42,738.34,"$211,507.17",Sold,C0251,01-06-2025,211507.17,286.4631064
40391,4,06-01-2025,Apartment,45,1160.48,"$332,875.80",Sold,C1527,01-06-2025,332875.8,286.8432028
50040,5,06-01-2025,Apartment,8,782.15,"$246,908.49",Sold,C0377,01-06-2025,246908.49,315.6792048
50048,5,06-01-2025,Apartment,8,782.15,"$245,895.64",Sold,C1307,01-06-2025,245895.64,314.3842485
50105,5,06-01-2025,Apartment,13,791.13,"$246,755.89",Available,,01-06-2025,246755.89,311.903088
50150,5,06-01-2025,Apartment,19,819.72,"$229,878.61",Available,,01-06-2025,229878.61,280.4355268
50160,5,06-01-2025,Apartment,22,1059.78,"$300,950.66",Sold,C0507,01-06-2025,300950.66,283.9746551
50235,5,06-01-2025,Apartment,32,1051.39,"$295,517.69",Sold,C1870,01-06-2025,295517.69,281.0733315
50291,5,06-01-2025,Apartment,38,1283.87,"$441,600.42",Available,,01-06-2025,441600.42,343.9603854
50378,5,06-01-2025,Apartment,46,1272.95,"$373,991.51",Sold,C0660,01-06-2025,373991.51,293.7990573
50406,5,06-01-2025,Apartment,47,1241.14,"$354,787.43",Sold,C0983,01-06-2025,354787.43,285.856092
60001,6,06-01-2025,Apartment,1,1720.95,"$501,136.87",Sold,C0584,01-06-2025,501136.87,291.1978093
60003,6,06-01-2025,Apartment,1,1720.95,"$480,292.70",Sold,C1709,01-06-2025,480292.7,279.0857956
60020,6,06-01-2025,Apartment,1,1720.95,"$628,455.63",Sold,C0295,01-06-2025,628455.63,365.1794823
60035,6,06-01-2025,Office,4,1925.28,"$687,894.92",Sold,C1536,01-06-2025,687894.92,357.2960401
60073,6,06-01-2025,Apartment,7,1075.42,"$346,651.01",Available,,01-06-2025,346651.01,322.3401183
60111,6,06-01-2025,Apartment,9,1194.12,"$388,454.83",Sold,C1757,01-06-2025,388454.83,325.3063595
60121,6,06-01-2025,Office,10,942.08,"$305,183.98",Sold,C1074,01-06-2025,305183.98,323.9469896
60166,6,06-01-2025,Apartment,14,1890,"$594,789.16",Available,,01-06-2025,594789.16,314.7032593
60249,6,06-01-2025,Apartment,25,1086.43,"$324,022.67",Sold,C0305,01-06-2025,324022.67,298.2453264
60256,6,06-01-2025,Apartment,26,1538.47,"$481,603.96",Available,,01-06-2025,481603.96,313.0408523
60312,6,06-01-2025,Apartment,34,1353.81,"$367,911.80",Sold,C1963,01-06-2025,367911.8,271.7602913
60346,6,06-01-2025,Office,39,744.54,"$253,458.89",Available,,01-06-2025,253458.89,340.4234695
60359,6,06-01-2025,Office,41,940.72,"$378,059.82",Sold,C1664,01-06-2025,378059.82,401.8834722
60363,6,06-01-2025,Apartment,41,940.72,"$325,187.70",Sold,C1280,01-06-2025,325187.7,345.6795858
60403,6,06-01-2025,Apartment,48,1521.71,"$469,567.78",Available,,01-06-2025,469567.78,308.5790197
60440,6,06-01-2025,Apartment,52,1408.23,"$415,927.28",Sold,C1132,01-06-2025,415927.28,295.3546509
60458,6,06-01-2025,Apartment,53,1170.96,"$371,616.82",Sold,C0230,01-06-2025,371616.82,317.3608151
60472,6,06-01-2025,Apartment,55,562.37,"$156,014.92",Sold,C1508,01-06-2025,156014.92,277.4239735
70024,7,06-01-2025,Office,5,1144.09,"$339,779.92",Available,,01-06-2025,339779.92,296.9870552
70051,7,06-01-2025,Office,8,1561.28,"$528,764.40",Sold,C1907,01-06-2025,528764.4,338.6736524
70074,7,06-01-2025,Apartment,11,834.5,"$275,248.14",Sold,C1365,01-06-2025,275248.14,329.8359976
70114,7,06-01-2025,Apartment,15,602.92,"$162,365.24",Sold,C1772,01-06-2025,162365.24,269.298149
70189,7,06-01-2025,Office,21,1528.62,"$497,159.94",Available,,01-06-2025,497159.94,325.234486
70192,7,06-01-2025,Apartment,22,1914.21,"$603,087.62",Available,,01-06-2025,603087.62,315.0582329
70193,7,06-01-2025,Apartment,22,1914.21,"$529,783.19",Sold,C0588,01-06-2025,529783.19,276.7633593
70220,7,06-01-2025,Apartment,24,852.99,"$270,019.71",Available,,01-06-2025,270019.71,316.5567123
70251,7,06-01-2025,Apartment,28,694.55,"$221,149.90",Sold,C0330,01-06-2025,221149.9,318.4074581
70264,7,06-01-2025,Office,30,1237.23,"$301,253.43",Sold,C1824,01-06-2025,301253.43,243.4902403
70269,7,06-01-2025,Office,30,1237.23,"$405,353.74",Sold,C0225,01-06-2025,405353.74,327.6300607
70270,7,06-01-2025,Apartment,30,1237.23,"$427,828.94",Sold,C1271,01-06-2025,427828.94,345.7958019
70343,7,06-01-2025,Apartment,41,1093.92,"$304,478.01",Sold,C0223,01-06-2025,304478.01,278.3366334
70411,7,06-01-2025,Apartment,48,533.35,"$149,462.76",Sold,C1605,01-06-2025,149462.76,280.2339177
70475,7,06-01-2025,Apartment,55,601.23,"$189,238.02",Sold,C0021,01-06-2025,189238.02,314.7514595
70489,7,06-01-2025,Office,58,1629.83,"$593,682.12",Sold,C0367,01-06-2025,593682.12,364.2601498
70518,7,06-01-2025,Apartment,60,1219.54,"$345,685.38",Sold,C1263,01-06-2025,345685.38,283.4555488
80013,8,06-01-2025,Apartment,2,1097.36,"$359,043.67",Available,,01-06-2025,359043.67,327.188589
80049,8,06-01-2025,Apartment,5,887.23,"$284,075.06",Sold,C1951,01-06-2025,284075.06,320.1819821
80075,8,06-01-2025,Apartment,9,1869.81,"$659,880.36",Sold,C1720,01-06-2025,659880.36,352.9130553
80134,8,06-01-2025,Apartment,16,424.09,"$121,543.19",Sold,C1328,01-06-2025,121543.19,286.5976326
80178,8,06-01-2025,Office,23,1114.67,"$377,525.28",Available,,01-06-2025,377525.28,338.6879345
80180,8,06-01-2025,Apartment,25,1833.58,"$595,227.23",Sold,C1779,01-06-2025,595227.23,324.6257213
80253,8,06-01-2025,Office,31,1253.18,"$300,033.75",Sold,C1715,01-06-2025,300033.75,239.4179208
80260,8,06-01-2025,Apartment,31,1253.18,"$326,975.92",Available,,01-06-2025,326975.92,260.9169632
80382,8,06-01-2025,Apartment,46,1175.51,"$387,502.88",Sold,C0495,01-06-2025,387502.88,329.6466045
80386,8,06-01-2025,Apartment,46,1175.51,"$374,700.13",Sold,C0191,01-06-2025,374700.13,318.7553743
80420,8,06-01-2025,Office,48,480.99,"$128,184.80",Available,,01-06-2025,128184.8,266.5020063
80429,8,06-01-2025,Apartment,49,1081,"$317,172.33",Sold,C0131,01-06-2025,317172.33,293.4064107
80441,8,06-01-2025,Apartment,52,559.73,"$180,837.56",Sold,C1714,01-06-2025,180837.56,323.079985
80487,8,06-01-2025,Apartment,56,1874.7,"$575,615.86",Sold,C1061,01-06-2025,575615.86,307.0442524
90026,9,06-01-2025,Apartment,6,1821.59,"$537,661.98",Sold,C1077,01-06-2025,537661.98,295.1608101
90055,9,06-01-2025,Office,9,1391.22,"$469,019.71",Sold,C1423,01-06-2025,469019.71,337.128355
90063,9,06-01-2025,Apartment,11,559.6,"$161,393.35",Available,,01-06-2025,161393.35,288.4084167
90076,9,06-01-2025,Apartment,12,952.38,"$302,601.70",Available,,01-06-2025,302601.7,317.7321027
90089,9,06-01-2025,Apartment,14,1445.3,"$529,558.26",Sold,C0981,01-06-2025,529558.26,366.4002352
90207,9,06-01-2025,Apartment,30,1250.17,"$402,938.44",Available,,01-06-2025,402938.44,322.3069183
90290,9,06-01-2025,Apartment,36,1582.79,"$420,874.11",Sold,C0529,01-06-2025,420874.11,265.9064753
90335,9,06-01-2025,Office,40,1090.32,"$342,005.17",Sold,C0503,01-06-2025,342005.17,313.6741232
90357,9,06-01-2025,Apartment,42,605.78,"$201,976.86",Sold,C0796,01-06-2025,201976.86,333.4161907
90378,9,06-01-2025,Office,44,1351.57,"$476,244.30",Sold,C1140,01-06-2025,476244.3,352.3637695
90449,9,06-01-2025,Apartment,56,1516.4,"$446,034.38",Available,,01-06-2025,446034.38,294.1403192
90467,9,06-01-2025,Apartment,57,1198.57,"$334,651.44",Available,,01-06-2025,334651.44,279.208924
90468,9,06-01-2025,Apartment,57,1198.57,"$293,185.45",Available,,01-06-2025,293185.45,244.6127051
90475,9,06-01-2025,Apartment,58,838.34,"$260,948.75",Sold,C1667,01-06-2025,260948.75,311.2683995
90492,9,06-01-2025,Apartment,58,838.34,"$234,943.46",Sold,C1438,01-06-2025,234943.46,280.2484195
90524,9,06-01-2025,Office,59,1697.13,"$455,010.72",Sold,C0734,01-06-2025,455010.72,268.1059907
90535,9,06-01-2025,Apartment,62,1263.44,"$352,725.16",Sold,C1181,01-06-2025,352725.16,279.1784018
100001,10,06-01-2025,Apartment,1,1006.89,"$299,720.12",Available,,01-06-2025,299720.12,297.6691794
100006,10,06-01-2025,Apartment,1,1006.89,"$308,354.10",Sold,C0082,01-06-2025,308354.1,306.2440783
100019,10,06-01-2025,Apartment,4,1765.37,"$510,485.02",Available,,01-06-2025,510485.02,289.1660219
100048,10,06-01-2025,Office,5,1741.96,"$591,501.86",Available,,01-06-2025,591501.86,339.5611036
100065,10,06-01-2025,Apartment,9,1849.4,"$630,342.50",Sold,C1053,01-06-2025,630342.5,340.8362172
100087,10,06-01-2025,Office,11,1675.44,"$599,245.34",Sold,C0019,01-06-2025,599245.34,357.6644583
100105,10,06-01-2025,Apartment,14,1318.01,"$382,143.98",Sold,C0114,01-06-2025,382143.98,289.9401219
100131,10,06-01-2025,Apartment,17,647.35,"$194,001.10",Sold,C0234,01-06-2025,194001.1,299.6850236
100134,10,06-01-2025,Apartment,17,647.35,"$177,906.20",Available,,01-06-2025,177906.2,274.8222754
100183,10,06-01-2025,Apartment,25,1487.17,"$348,131.23",Sold,C1064,01-06-2025,348131.23,234.0897342
100247,10,06-01-2025,Apartment,30,1559.4,"$412,386.95",Sold,C0178,01-06-2025,412386.95,264.4523214
100283,10,06-01-2025,Apartment,33,1010.7,"$306,339.37",Sold,C0546,01-06-2025,306339.37,303.0962402
100290,10,06-01-2025,Apartment,34,1435.44,"$451,863.00",Available,,01-06-2025,451863,314.7905869
100291,10,06-01-2025,Apartment,34,1435.44,"$512,350.32",Available,,01-06-2025,512350.32,356.9291088
100292,10,06-01-2025,Apartment,34,1435.44,"$437,900.49",Sold,C0036,01-06-2025,437900.49,305.0635972
100299,10,06-01-2025,Office,35,1675.74,"$517,353.17",Sold,C0324,01-06-2025,517353.17,308.7311695
110027,11,06-01-2025,Apartment,3,1479.84,"$432,050.16",Available,,01-06-2025,432050.16,291.9573467
110060,11,06-01-2025,Apartment,7,1734.79,"$503,297.17",Sold,C1343,01-06-2025,503297.17,290.1199396
110063,11,06-01-2025,Apartment,7,1734.79,"$510,276.95",Available,,01-06-2025,510276.95,294.1433545
110071,11,06-01-2025,Apartment,8,1001.41,"$338,725.23",Available,,01-06-2025,338725.23,338.2482999
110075,11,06-01-2025,Apartment,8,1001.41,"$316,130.95",Available,,01-06-2025,316130.95,315.685833
110140,11,06-01-2025,Apartment,14,524.68,"$175,679.27",Sold,C1887,01-06-2025,175679.27,334.8312686
110181,11,06-01-2025,Apartment,19,1083.98,"$284,027.76",Sold,C1905,01-06-2025,284027.76,262.0230632
110296,11,06-01-2025,Apartment,36,1752.38,"$502,462.73",Available,,01-06-2025,502462.73,286.731605
110325,11,06-01-2025,Apartment,38,788.47,"$259,197.21",Sold,C0309,01-06-2025,259197.21,328.734397
110352,11,06-01-2025,Apartment,42,808.59,"$261,446.94",Available,,01-06-2025,261446.94,323.3368456
110365,11,06-01-2025,Apartment,43,810.65,"$221,674.47",Sold,C0117,01-06-2025,221674.47,273.4527478
110412,11,06-01-2025,Apartment,49,1095.85,"$281,239.32",Sold,C1539,01-06-2025,281239.32,256.6403431
110426,11,06-01-2025,Apartment,50,948.72,"$268,667.27",Sold,C1093,01-06-2025,268667.27,283.1892128
110471,11,06-01-2025,Office,56,724.8,"$219,128.51",Sold,C1331,01-06-2025,219128.51,302.329622
110507,11,06-01-2025,Apartment,60,1295.04,"$365,083.08",Sold,C1968,01-06-2025,365083.08,281.9087287
110527,11,06-01-2025,Apartment,62,1938.82,"$520,333.67",Available,,01-06-2025,520333.67,268.3764713
110538,11,06-01-2025,Apartment,62,1938.82,"$566,513.00",Sold,C0725,01-06-2025,566513,292.194737
120031,12,06-01-2025,Apartment,3,1469.27,"$459,646.71",Available,,01-06-2025,459646.71,312.8401927
120035,12,06-01-2025,Apartment,4,1559.34,"$424,519.13",Sold,C1376,01-06-2025,424519.13,272.2428271
120067,12,06-01-2025,Apartment,8,1803.36,"$539,529.66",Sold,C1604,01-06-2025,539529.66,299.1802302
120090,12,06-01-2025,Apartment,12,959.05,"$278,140.73",Available,,01-06-2025,278140.73,290.016923
120095,12,06-01-2025,Apartment,12,959.05,"$263,898.13",Sold,C0717,01-06-2025,263898.13,275.1661853
120272,12,06-01-2025,Apartment,29,688.73,"$209,618.11",Available,,01-06-2025,209618.11,304.3545511
120328,12,06-01-2025,Apartment,35,1690.62,"$509,568.06",Available,,01-06-2025,509568.06,301.4089861
120329,12,06-01-2025,Apartment,35,1690.62,"$427,288.98",Sold,C1365,01-06-2025,427288.98,252.7409944
120333,12,06-01-2025,Apartment,35,1690.62,"$380,710.05",Available,,01-06-2025,380710.05,225.189605
120365,12,06-01-2025,Apartment,38,1157.23,"$323,890.25",Sold,C0614,01-06-2025,323890.25,279.8840766
120392,12,06-01-2025,Apartment,45,1898.75,"$585,605.94",Available,,01-06-2025,585605.94,308.4165583
120402,12,06-01-2025,Apartment,47,1528.05,"$433,439.63",Sold,C1674,01-06-2025,433439.63,283.6553974
130003,13,06-01-2025,Apartment,1,1899.92,"$617,314.75",Sold,C0973,01-06-2025,617314.75,324.9161807
130040,13,06-01-2025,Apartment,3,979.64,"$269,821.05",Sold,C1243,01-06-2025,269821.05,275.42878
130100,13,06-01-2025,Apartment,11,1678.3,"$529,820.54",Sold,C1756,01-06-2025,529820.54,315.6888161
130103,13,06-01-2025,Apartment,12,1858.65,"$533,800.16",Available,,01-06-2025,533800.16,287.1977833
130201,13,06-01-2025,Apartment,22,1811.36,"$608,461.19",Sold,C0601,01-06-2025,608461.19,335.9140038
130210,13,06-01-2025,Apartment,24,1044.69,"$280,586.67",Sold,C1518,01-06-2025,280586.67,268.583666
130270,13,06-01-2025,Office,32,1114.07,"$281,918.15",Sold,C1603,01-06-2025,281918.15,253.0524563
130280,13,06-01-2025,Office,32,1114.07,"$327,413.48",Available,,01-06-2025,327413.48,293.8895043
130442,13,06-01-2025,Apartment,49,572.01,"$187,502.33",Sold,C0559,01-06-2025,187502.33,327.7955455
130551,13,06-01-2025,Apartment,64,792.66,"$208,129.31",Sold,C0070,01-06-2025,208129.31,262.5707239
130561,13,06-01-2025,Apartment,65,612.66,"$164,483.02",Sold,C1812,01-06-2025,164483.02,268.4735742
130587,13,06-01-2025,Apartment,68,1590.69,"$445,779.37",Sold,C1903,01-06-2025,445779.37,280.2427689
130591,13,06-01-2025,Office,68,1590.69,"$486,548.28",Sold,C0331,01-06-2025,486548.28,305.8724704
130596,13,06-01-2025,Office,70,750.41,"$233,444.71",Sold,C0891,01-06-2025,233444.71,311.089551
140007,14,06-01-2025,Apartment,2,922.7,"$283,369.09",Sold,C0462,01-06-2025,283369.09,307.1085835
140081,14,06-01-2025,Apartment,11,1431.42,"$399,102.88",Sold,C0400,01-06-2025,399102.88,278.8160568
140100,14,06-01-2025,Apartment,12,459.44,"$147,901.85",Sold,C0427,01-06-2025,147901.85,321.9176606
140117,14,06-01-2025,Office,13,442.74,"$146,344.44",Sold,C0389,01-06-2025,146344.44,330.542621
140123,14,06-01-2025,Apartment,13,442.74,"$148,553.54",Sold,C0107,01-06-2025,148553.54,335.5322311
140130,14,06-01-2025,Apartment,14,1628.68,"$439,508.52",Available,,01-06-2025,439508.52,269.8556623
140158,14,06-01-2025,Office,16,915.37,"$304,366.20",Sold,C1859,01-06-2025,304366.2,332.5061997
140189,14,06-01-2025,Apartment,21,1560.87,"$421,652.43",Sold,C0966,01-06-2025,421652.43,270.1393646
140199,14,06-01-2025,Office,22,1148.66,"$421,423.20",Sold,C0653,01-06-2025,421423.2,366.8824543
140241,14,06-01-2025,Apartment,27,1866.49,"$534,655.53",Sold,C0285,01-06-2025,534655.53,286.4497158
140284,14,06-01-2025,Apartment,33,1894.96,"$498,141.99",Sold,C1804,01-06-2025,498141.99,262.8773114
140290,14,06-01-2025,Apartment,33,1894.96,"$656,769.01",Available,,01-06-2025,656769.01,346.5872683
140295,14,06-01-2025,Apartment,34,513.06,"$118,609.39",Sold,C0812,01-06-2025,118609.39,231.1803493
140307,14,06-01-2025,Apartment,35,1152.84,"$298,653.58",Sold,C1524,01-06-2025,298653.58,259.0590021
140360,14,06-01-2025,Apartment,43,520.49,"$156,017.83",Sold,C0288,01-06-2025,156017.83,299.75183
140365,14,06-01-2025,Apartment,44,840.77,"$221,308.04",Available,,01-06-2025,221308.04,263.2206668
140408,14,06-01-2025,Office,49,1231.75,"$409,766.60",Available,,01-06-2025,409766.6,332.6702659
140419,14,06-01-2025,Apartment,51,1346.3,"$450,664.17",Sold,C1463,01-06-2025,450664.17,334.7427542
140426,14,06-01-2025,Apartment,51,1346.3,"$352,048.99",Available,,01-06-2025,352048.99,261.4937161
140465,14,06-01-2025,Apartment,55,1415.9,"$425,020.07",Sold,C1955,01-06-2025,425020.07,300.1766156
140476,14,06-01-2025,Apartment,55,1415.9,"$463,272.35",Available,,01-06-2025,463272.35,327.1928455
150011,15,06-01-2025,Apartment,2,1522.89,"$484,383.73",Available,,01-06-2025,484383.73,318.0687574
150022,15,06-01-2025,Apartment,2,1522.89,"$477,879.61",Available,,01-06-2025,477879.61,313.7978515
150024,15,06-01-2025,Apartment,3,748.99,"$241,539.23",Available,,01-06-2025,241539.23,322.4865886
150038,15,06-01-2025,Apartment,6,938.57,"$251,516.25",Sold,C0829,01-06-2025,251516.25,267.9781476
150048,15,06-01-2025,Office,7,1113.85,"$320,227.29",Sold,C0451,01-06-2025,320227.29,287.4958836
150085,15,06-01-2025,Apartment,13,653.54,"$189,687.33",Sold,C1820,01-06-2025,189687.33,290.2459375
150108,15,06-01-2025,Apartment,15,522.71,"$139,016.06",Available,,01-06-2025,139016.06,265.952555
150120,15,06-01-2025,Apartment,16,1692.61,"$466,273.99",Available,,01-06-2025,466273.99,275.4763295
150122,15,06-01-2025,Apartment,16,1692.61,"$539,032.17",Sold,C0065,01-06-2025,539032.17,318.4621206
150164,15,06-01-2025,Apartment,21,1271.25,"$363,412.93",Sold,C1221,01-06-2025,363412.93,285.8705447
150192,15,06-01-2025,Apartment,23,1279.23,"$393,385.99",Sold,C0262,01-06-2025,393385.99,307.5177959
150199,15,06-01-2025,Apartment,23,1279.23,"$350,514.30",Available,,01-06-2025,350514.3,274.0041275
150210,15,06-01-2025,Office,24,924.36,"$307,624.42",Sold,C1256,01-06-2025,307624.42,332.7972002
150220,15,06-01-2025,Apartment,25,607.01,"$155,769.09",Sold,C0543,01-06-2025,155769.09,256.617008
150272,15,06-01-2025,Office,32,1338.63,"$374,901.66",Sold,C1719,01-06-2025,374901.66,280.063692
150324,15,06-01-2025,Apartment,38,585.57,"$182,143.79",Available,,01-06-2025,182143.79,311.0538279
150335,15,06-01-2025,Apartment,39,1713.42,"$580,190.12",Sold,C1069,01-06-2025,580190.12,338.6152374
150339,15,06-01-2025,Apartment,39,1713.42,"$576,585.04",Sold,C1948,01-06-2025,576585.04,336.5112115
150363,15,06-01-2025,Apartment,44,1713.09,"$522,943.88",Sold,C0281,01-06-2025,522943.88,305.263518
150367,15,06-01-2025,Apartment,45,1911.06,"$606,387.35",Available,,01-06-2025,606387.35,317.3041924
150385,15,06-01-2025,Apartment,48,1403.33,"$464,868.56",Available,,01-06-2025,464868.56,331.2610434
150409,15,06-01-2025,Apartment,52,829.2,"$241,850.84",Available,,01-06-2025,241850.84,291.6676797
150423,15,06-01-2025,Apartment,53,696.04,"$200,400.68",Available,,01-06-2025,200400.68,287.9154646
150502,15,06-01-2025,Office,60,1033.2,"$342,699.63",Sold,C0204,01-06-2025,342699.63,331.6876016
150512,15,06-01-2025,Apartment,60,1033.2,"$378,709.68",Sold,C0206,01-06-2025,378709.68,366.5405343
160023,16,06-01-2025,Apartment,4,1561.55,"$508,639.46",Sold,C1537,01-06-2025,508639.46,325.7272966
160030,16,06-01-2025,Apartment,5,749.15,"$196,645.59",Sold,C0839,01-06-2025,196645.59,262.4916105
160106,16,06-01-2025,Apartment,11,1288.42,"$356,627.20",Sold,C1091,01-06-2025,356627.2,276.7942131
160136,16,06-01-2025,Apartment,16,1451.17,"$472,546.53",Sold,C1115,01-06-2025,472546.53,325.6314078
160176,16,06-01-2025,Apartment,22,1575.06,"$506,418.40",Sold,C1530,01-06-2025,506418.4,321.5232436
160287,16,06-01-2025,Office,34,743.19,"$227,673.39",Sold,C1638,01-06-2025,227673.39,306.346143
160293,16,06-01-2025,Apartment,35,629.97,"$187,384.20",Sold,C0936,01-06-2025,187384.2,297.4494024
160308,16,06-01-2025,Office,35,629.97,"$232,152.68",Available,,01-06-2025,232152.68,368.5138657
160320,16,06-01-2025,Apartment,38,431.83,"$159,890.05",Sold,C1862,01-06-2025,159890.05,370.2615613
160337,16,06-01-2025,Apartment,41,1001.72,"$286,678.70",Sold,C1006,01-06-2025,286678.7,286.1864593
160345,16,06-01-2025,Apartment,41,1001.72,"$317,660.44",Sold,C1886,01-06-2025,317660.44,317.1150022
160354,16,06-01-2025,Office,41,1001.72,"$323,080.86",Available,,01-06-2025,323080.86,322.5261151
170025,17,06-01-2025,Apartment,2,1738.5,"$443,928.19",Available,,01-06-2025,443928.19,255.3512741
170038,17,06-01-2025,Apartment,4,448.67,"$131,993.66",Available,,01-06-2025,131993.66,294.1887356
170047,17,06-01-2025,Apartment,6,1739.03,"$481,085.34",Sold,C0214,01-06-2025,481085.34,276.6400465
170050,17,06-01-2025,Apartment,6,1739.03,"$570,977.51",Available,,01-06-2025,570977.51,328.3310294
170179,17,06-01-2025,Apartment,19,1712.06,"$510,899.59",Sold,C0277,01-06-2025,510899.59,298.4121993
170191,17,06-01-2025,Office,21,1320.97,"$367,790.56",Available,,01-06-2025,367790.56,278.4246122
170192,17,06-01-2025,Apartment,22,1221.66,"$356,216.19",Sold,C1167,01-06-2025,356216.19,291.5837385
170194,17,06-01-2025,Apartment,22,1221.66,"$332,860.12",Sold,C1726,01-06-2025,332860.12,272.4654323
170195,17,06-01-2025,Apartment,22,1221.66,"$360,442.20",Sold,C1561,01-06-2025,360442.2,295.0429743
170200,17,06-01-2025,Apartment,22,1221.66,"$353,628.52",Sold,C1356,01-06-2025,353628.52,289.4655796
170308,17,06-01-2025,Office,38,721.83,"$172,785.50",Available,,01-06-2025,172785.5,239.3714587
170325,17,06-01-2025,Office,39,1341.67,"$496,970.28",Available,,01-06-2025,496970.28,370.4117108
170403,17,06-01-2025,Apartment,48,1833.96,"$498,128.56",Sold,C1994,01-06-2025,498128.56,271.6136448
170440,17,06-01-2025,Apartment,51,1375.52,"$465,247.02",Sold,C1453,01-06-2025,465247.02,338.2335553
180004,18,06-01-2025,Apartment,1,1379.64,"$425,005.86",Sold,C1796,01-06-2025,425005.86,308.0556232
180023,18,06-01-2025,Apartment,3,524.48,"$180,093.56",Sold,C1963,01-06-2025,180093.56,343.3754576
180040,18,06-01-2025,Apartment,4,1096.58,"$388,944.05",Available,,01-06-2025,388944.05,354.688258
180047,18,06-01-2025,Apartment,5,883.32,"$222,979.69",Sold,C0599,01-06-2025,222979.69,252.4336481
180066,18,06-01-2025,Apartment,7,505.94,"$162,183.43",Available,,01-06-2025,162183.43,320.5586236
180088,18,06-01-2025,Office,12,1692.5,"$534,226.05",Available,,01-06-2025,534226.05,315.643161
180127,18,06-01-2025,Apartment,16,1360.96,"$416,303.05",Sold,C0926,01-06-2025,416303.05,305.889262
180138,18,06-01-2025,Apartment,18,1127.95,"$374,318.33",Sold,C1041,01-06-2025,374318.33,331.8572011
180203,18,06-01-2025,Apartment,26,1147.71,"$361,077.20",Sold,C1008,01-06-2025,361077.2,314.6066515
180235,18,06-01-2025,Apartment,29,578.36,"$161,894.87",Available,,01-06-2025,161894.87,279.9205858
180290,18,06-01-2025,Apartment,36,1089.77,"$313,421.23",Available,,01-06-2025,313421.23,287.6030997
180306,18,06-01-2025,Apartment,36,1089.77,"$402,516.04",Sold,C0909,01-06-2025,402516.04,369.3587087
180336,18,06-01-2025,Apartment,38,1219.8,"$340,757.71",Available,,01-06-2025,340757.71,279.3553943
180377,18,06-01-2025,Apartment,42,1045.42,"$310,262.34",Available,,01-06-2025,310262.34,296.7824798
180391,18,06-01-2025,Apartment,44,1334.77,"$382,917.49",Available,,01-06-2025,382917.49,286.8790054
180419,18,06-01-2025,Apartment,47,520.85,"$148,669.83",Sold,C0636,01-06-2025,148669.83,285.4369396
180506,18,06-01-2025,Apartment,56,1311.59,"$393,273.93",Available,,01-06-2025,393273.93,299.8451727
180568,18,06-01-2025,Apartment,66,1631.24,"$455,880.06",Sold,C0698,01-06-2025,455880.06,279.4684167
180581,18,06-01-2025,Apartment,67,1664.17,"$516,162.59",Sold,C1102,01-06-2025,516162.59,310.1621769
190011,19,06-01-2025,Apartment,3,1468.68,"$457,379.31",Sold,C0745,01-06-2025,457379.31,311.422032
190018,19,06-01-2025,Apartment,4,1225.38,"$396,498.32",Sold,C0015,01-06-2025,396498.32,323.5717247
190047,19,06-01-2025,Apartment,8,974.77,"$214,449.40",Sold,C1290,01-06-2025,214449.4,220
190049,19,06-01-2025,Apartment,8,974.77,"$306,437.45",Sold,C0267,01-06-2025,306437.45,314.3689793
190062,19,06-01-2025,Apartment,10,747.71,"$229,661.72",Available,,01-06-2025,229661.72,307.1534686
190073,19,06-01-2025,Apartment,11,1869.93,"$555,614.35",Sold,C0021,01-06-2025,555614.35,297.1310958
190094,19,06-01-2025,Apartment,14,630.47,"$165,386.34",Sold,C1828,01-06-2025,165386.34,262.3222992
190126,19,06-01-2025,Apartment,17,574.75,"$188,384.96",Sold,C1660,01-06-2025,188384.96,327.7685254
190151,19,06-01-2025,Office,19,1697.73,"$542,183.91",Sold,C0679,01-06-2025,542183.91,319.3581488
190164,19,06-01-2025,Apartment,21,477.75,"$142,903.22",Sold,C0193,01-06-2025,142903.22,299.1171533
190224,19,06-01-2025,Apartment,26,668.24,"$226,669.36",Sold,C1751,01-06-2025,226669.36,339.2035197
190237,19,06-01-2025,Apartment,28,1599.78,"$499,977.49",Available,,01-06-2025,499977.49,312.528904
190313,19,06-01-2025,Apartment,37,1565.26,"$502,880.78",Available,,01-06-2025,502880.78,321.2761969
190325,19,06-01-2025,Apartment,39,1237.04,"$355,741.84",Sold,C0562,01-06-2025,355741.84,287.5750501
190378,19,06-01-2025,Apartment,43,1697.72,"$550,601.55",Sold,C1035,01-06-2025,550601.55,324.3182327
190382,19,06-01-2025,Apartment,43,1697.72,"$493,580.85",Available,,01-06-2025,493580.85,290.7315989
190394,19,06-01-2025,Office,44,982.8,"$295,245.81",Sold,C1864,01-06-2025,295245.81,300.4129121
190403,19,06-01-2025,Apartment,46,1926.19,"$502,978.74",Sold,C0080,01-06-2025,502978.74,261.1262337
190408,19,06-01-2025,Apartment,46,1926.19,"$487,252.76",Sold,C1427,01-06-2025,487252.76,252.9619404
200007,20,06-01-2025,Apartment,1,1898.39,"$574,257.04",Sold,C1000,01-06-2025,574257.04,302.4968737
200014,20,06-01-2025,Apartment,1,1898.39,"$530,876.41",Available,,01-06-2025,530876.41,279.6455997
200050,20,06-01-2025,Apartment,5,802.5,"$242,313.52",Available,,01-06-2025,242313.52,301.9483115
200059,20,06-01-2025,Apartment,7,1757.4,"$484,961.34",Available,,01-06-2025,484961.34,275.953875
200061,20,06-01-2025,Apartment,7,1757.4,"$523,923.26",Sold,C0140,01-06-2025,523923.26,298.124081
200073,20,06-01-2025,Apartment,9,576.96,"$181,667.23",Sold,C1350,01-06-2025,181667.23,314.8697137
200097,20,06-01-2025,Apartment,13,1587.57,"$446,886.08",Available,,01-06-2025,446886.08,281.4906303
200104,20,06-01-2025,Office,14,837.37,"$256,581.18",Sold,C1592,01-06-2025,256581.18,306.4131507
200141,20,06-01-2025,Apartment,17,1089.33,"$251,758.14",Sold,C1642,01-06-2025,251758.14,231.1128308
200170,20,06-01-2025,Apartment,19,759.72,"$230,258.99",Sold,C1758,01-06-2025,230258.99,303.0840178
200196,20,06-01-2025,Apartment,24,1188.07,"$340,066.82",Sold,C0164,01-06-2025,340066.82,286.2346663
200223,20,06-01-2025,Office,27,993.62,"$338,397.47",Available,,01-06-2025,338397.47,340.5703086
200235,20,06-01-2025,Apartment,29,1844.16,"$553,937.20",Sold,C1532,01-06-2025,553937.2,300.3737203
200353,20,06-01-2025,Apartment,38,1499.47,"$342,484.01",Sold,C1413,01-06-2025,342484.01,228.4033759
200436,20,06-01-2025,Apartment,49,880.76,"$279,388.09",Sold,C1447,01-06-2025,279388.09,317.2125097
200447,20,06-01-2025,Apartment,50,493.06,"$160,247.33",Sold,C1986,01-06-2025,160247.33,325.0057397
200457,20,06-01-2025,Apartment,51,1062.33,"$336,243.13",Sold,C1325,01-06-2025,336243.13,316.5147647
200471,20,06-01-2025,Apartment,53,1119.38,"$328,626.21",Sold,C1185,01-06-2025,328626.21,293.5787758
990017,4,06-01-2025,Apartment,34,794.52,"$208,655.67",Available,,01-06-2025,208655.67,262.6185244
990023,5,06-01-2025,Apartment,36,1057.92,"$308,660.80",Available,,01-06-2025,308660.8,291.761948
1032,1,07-01-2025,Apartment,32,782.25,"$215,410.28",Sold,C0034,01-07-2025,215410.28,275.3726814
1046,1,07-01-2025,Apartment,46,1942.5,"$503,790.23",Sold,C0077,01-07-2025,503790.23,259.3514698
2009,2,07-01-2025,Apartment,9,747.5,"$237,060.15",Sold,C0148,01-07-2025,237060.15,317.1373244
2051,2,07-01-2025,Apartment,51,1383.84,"$376,964.62",Sold,C0033,01-07-2025,376964.62,272.4047722
3011,3,07-01-2025,Apartment,11,675.19,"$203,491.85",Sold,C0082,01-07-2025,203491.85,301.3845732
3014,3,07-01-2025,Apartment,14,1132.06,"$346,906.89",Sold,C0086,01-07-2025,346906.89,306.4386075
4009,4,07-01-2025,Apartment,9,789.25,"$264,238.95",Available,,01-07-2025,264238.95,334.7975293
4028,4,07-01-2025,Apartment,28,794.52,"$248,422.66",Sold,C0116,01-07-2025,248422.66,312.6701153
4031,4,07-01-2025,Apartment,31,733.19,"$200,678.75",Sold,C0106,01-07-2025,200678.75,273.7063381
5002,5,07-01-2025,Apartment,2,1273.88,"$413,761.71",Available,,01-07-2025,413761.71,324.8043065
5008,5,07-01-2025,Apartment,8,1273.88,"$396,330.29",Available,,01-07-2025,396330.29,311.1205844
10078,1,07-01-2025,Office,10,1439.52,"$422,158.38",Sold,C1188,01-07-2025,422158.38,293.2632961
10153,1,07-01-2025,Apartment,19,773.17,"$238,222.07",Sold,C0102,01-07-2025,238222.07,308.1108553
10191,1,07-01-2025,Apartment,23,1201.5,"$373,627.99",Sold,C1133,01-07-2025,373627.99,310.9679484
10209,1,07-01-2025,Apartment,24,1146.11,"$278,050.57",Sold,C1460,01-07-2025,278050.57,242.6037379
10213,1,07-01-2025,Apartment,24,1146.11,"$344,932.28",Sold,C0588,01-07-2025,344932.28,300.95914
10288,1,07-01-2025,Apartment,30,753.29,"$220,486.36",Sold,C0225,01-07-2025,220486.36,292.6978455
10293,1,07-01-2025,Apartment,31,619.78,"$218,721.31",Sold,C1775,01-07-2025,218721.31,352.9015296
10299,1,07-01-2025,Apartment,31,619.78,"$186,449.51",Sold,C0069,01-07-2025,186449.51,300.8317629
10321,1,07-01-2025,Apartment,34,1469.14,"$480,389.44",Available,,01-07-2025,480389.44,326.9868358
10367,1,07-01-2025,Apartment,40,784.22,"$239,410.52",Sold,C0223,01-07-2025,239410.52,305.2848945
10370,1,07-01-2025,Apartment,41,835.25,"$259,177.50",Sold,C0134,01-07-2025,259177.5,310.2993116
10375,1,07-01-2025,Apartment,41,835.25,"$260,615.44",Sold,C0601,01-07-2025,260615.44,312.02088
10386,1,07-01-2025,Apartment,45,767.46,"$231,141.19",Sold,C1684,01-07-2025,231141.19,301.1768561
10388,1,07-01-2025,Apartment,45,767.46,"$214,768.44",Sold,C0659,01-07-2025,214768.44,279.843171
10401,1,07-01-2025,Apartment,46,1153.16,"$318,364.63",Available,,01-07-2025,318364.63,276.0801884
20011,2,07-01-2025,Office,2,788.72,"$256,341.62",Sold,C0368,01-07-2025,256341.62,325.0096612
20044,2,07-01-2025,Apartment,5,933.95,"$262,038.58",Sold,C0062,01-07-2025,262038.58,280.5702447
20053,2,07-01-2025,Apartment,6,967.84,"$251,007.77",Sold,C1725,01-07-2025,251007.77,259.348415
20054,2,07-01-2025,Apartment,6,967.84,"$230,388.82",Sold,C1290,01-07-2025,230388.82,238.0443255
20094,2,07-01-2025,Apartment,11,1625.05,"$458,130.82",Sold,C1182,01-07-2025,458130.82,281.9179841
20112,2,07-01-2025,Apartment,13,782.33,"$189,716.04",Sold,C1811,01-07-2025,189716.04,242.5012974
20138,2,07-01-2025,Apartment,17,1397.4,"$400,642.98",Available,,01-07-2025,400642.98,286.7060112
20150,2,07-01-2025,Apartment,17,1397.4,"$379,274.31",Sold,C0319,01-07-2025,379274.31,271.4142765
20190,2,07-01-2025,Apartment,22,653.41,"$202,732.69",Available,,01-07-2025,202732.69,310.2687287
20252,2,07-01-2025,Apartment,28,650.67,"$203,274.98",Available,,01-07-2025,203274.98,312.4087172
20293,2,07-01-2025,Apartment,34,800.26,"$242,793.49",Sold,C1654,01-07-2025,242793.49,303.3932597
20317,2,07-01-2025,Apartment,37,780.46,"$234,043.78",Sold,C0562,01-07-2025,234043.78,299.8792763
20325,2,07-01-2025,Apartment,39,788.77,"$238,068.88",Sold,C1662,01-07-2025,238068.88,301.8229395
20330,2,07-01-2025,Office,40,1599.45,"$598,032.14",Sold,C0514,01-07-2025,598032.14,373.8986151
20339,2,07-01-2025,Apartment,41,654.93,"$181,240.83",Sold,C0487,01-07-2025,181240.83,276.7331318
20365,2,07-01-2025,Apartment,43,1118.94,"$315,555.56",Available,,01-07-2025,315555.56,282.0129408
20373,2,07-01-2025,Apartment,45,782.2,"$190,749.87",Available,,01-07-2025,190749.87,243.8632958
20396,2,07-01-2025,Apartment,46,697.74,"$212,432.38",Sold,C0166,01-07-2025,212432.38,304.4577923
20432,2,07-01-2025,Apartment,50,1604.8,"$519,379.11",Sold,C0970,01-07-2025,519379.11,323.6410207
30048,3,07-01-2025,Apartment,5,701.19,"$222,244.84",Available,,01-07-2025,222244.84,316.9538071
30073,3,07-01-2025,Apartment,7,744.01,"$202,450.21",Sold,C1061,01-07-2025,202450.21,272.10684
30116,3,07-01-2025,Apartment,10,784.09,"$237,485.87",Sold,C1981,01-07-2025,237485.87,302.880881
30163,3,07-01-2025,Apartment,18,706.68,"$193,159.98",Sold,C0761,01-07-2025,193159.98,273.3344371
30172,3,07-01-2025,Apartment,19,1602.22,"$500,837.84",Sold,C0913,01-07-2025,500837.84,312.5899315
30217,3,07-01-2025,Apartment,25,765.56,"$242,747.00",Sold,C1855,01-07-2025,242747,317.0842259
30237,3,07-01-2025,Apartment,27,1117.14,"$370,723.42",Sold,C0754,01-07-2025,370723.42,331.8504574
30305,3,07-01-2025,Apartment,37,659.12,"$189,994.54",Sold,C1533,01-07-2025,189994.54,288.254855
30371,3,07-01-2025,Office,46,1599.81,"$498,755.52",Sold,C1163,01-07-2025,498755.52,311.7592214
30374,3,07-01-2025,Office,46,1599.81,"$465,704.47",Sold,C1712,01-07-2025,465704.47,291.0998619
30385,3,07-01-2025,Apartment,47,691.09,"$213,289.95",Sold,C1323,01-07-2025,213289.95,308.6283263
30394,3,07-01-2025,Apartment,48,783.39,"$260,404.56",Sold,C1505,01-07-2025,260404.56,332.4073067
30417,3,07-01-2025,Apartment,49,1174.48,"$371,062.38",Sold,C0326,01-07-2025,371062.38,315.9375894
30440,3,07-01-2025,Office,51,693.85,"$214,979.96",Sold,C1287,01-07-2025,214979.96,309.8363623
30481,3,07-01-2025,Apartment,56,1179.42,"$334,406.06",Sold,C1128,01-07-2025,334406.06,283.5343304
30489,3,07-01-2025,Apartment,57,1607.94,"$506,860.65",Sold,C1221,01-07-2025,506860.65,315.2236091
40024,4,07-01-2025,Apartment,3,1630.82,"$454,723.50",Sold,C1833,01-07-2025,454723.5,278.8312015
40078,4,07-01-2025,Apartment,10,1614.62,"$468,158.00",Sold,C1952,01-07-2025,468158,289.9493379
40134,4,07-01-2025,Apartment,16,1128.21,"$304,246.71",Sold,C0862,01-07-2025,304246.71,269.6720557
40136,4,07-01-2025,Apartment,16,1128.21,"$361,816.43",Sold,C1948,01-07-2025,361816.43,320.6995418
40155,4,07-01-2025,Apartment,18,1294.91,"$439,697.13",Available,,01-07-2025,439697.13,339.558062
40177,4,07-01-2025,Apartment,21,801.66,"$228,320.41",Available,,01-07-2025,228320.41,284.8095327
40179,4,07-01-2025,Apartment,22,737.92,"$214,029.65",Available,,01-07-2025,214029.65,290.044517
40221,4,07-01-2025,Apartment,26,790.05,"$201,749.58",Available,,01-07-2025,201749.58,255.363053
40224,4,07-01-2025,Office,26,790.05,"$289,745.77",Sold,C1458,01-07-2025,289745.77,366.7435858
40230,4,07-01-2025,Office,26,790.05,"$287,489.21",Available,,01-07-2025,287489.21,363.8873616
40233,4,07-01-2025,Apartment,28,1070.72,"$354,722.93",Sold,C0910,01-07-2025,354722.93,331.2938303
40263,4,07-01-2025,Apartment,31,793.1,"$215,852.80",Sold,C0378,01-07-2025,215852.8,272.1634094
40309,4,07-01-2025,Apartment,37,800.13,"$221,577.59",Available,,01-07-2025,221577.59,276.9269869
40363,4,07-01-2025,Office,43,1616.99,"$545,057.23",Sold,C0323,01-07-2025,545057.23,337.0813858
40428,4,07-01-2025,Apartment,49,739.7,"$240,010.80",Available,,01-07-2025,240010.8,324.470461
50014,5,07-01-2025,Apartment,4,799.1,"$217,221.31",Sold,C0169,01-07-2025,217221.31,271.832449
50073,5,07-01-2025,Apartment,10,629.27,"$208,186.63",Sold,C1708,01-07-2025,208186.63,330.8383206
50086,5,07-01-2025,Apartment,11,1058.56,"$334,865.34",Sold,C0357,01-07-2025,334865.34,316.3404436
50087,5,07-01-2025,Apartment,11,1058.56,"$273,851.27",Sold,C1614,01-07-2025,273851.27,258.7016985
50090,5,07-01-2025,Apartment,11,1058.56,"$334,529.95",Sold,C1954,01-07-2025,334529.95,316.0236075
50097,5,07-01-2025,Apartment,12,787.5,"$249,069.17",Available,,01-07-2025,249069.17,316.2783111
50099,5,07-01-2025,Apartment,12,787.5,"$236,624.58",Available,,01-07-2025,236624.58,300.4756571
50106,5,07-01-2025,Apartment,13,791.13,"$214,742.35",Sold,C1607,01-07-2025,214742.35,271.4375008
50112,5,07-01-2025,Apartment,14,624.96,"$196,161.06",Sold,C1112,01-07-2025,196161.06,313.8777842
50144,5,07-01-2025,Apartment,19,819.72,"$235,001.37",Available,,01-07-2025,235001.37,286.684929
50146,5,07-01-2025,Apartment,19,819.72,"$253,448.35",Sold,C1464,01-07-2025,253448.35,309.1889304
50212,5,07-01-2025,Apartment,28,1247.24,"$405,286.92",Available,,01-07-2025,405286.92,324.947019
50262,5,07-01-2025,Apartment,35,605.55,"$162,856.39",Sold,C0555,01-07-2025,162856.39,268.9396251
50265,5,07-01-2025,Apartment,35,605.55,"$182,294.98",Sold,C0362,01-07-2025,182294.98,301.0403435
50283,5,07-01-2025,Apartment,36,627.56,"$194,329.57",Available,,01-07-2025,194329.57,309.6589489
50294,5,07-01-2025,Apartment,39,591.14,"$157,392.65",Sold,C0927,01-07-2025,157392.65,266.2527489
50300,5,07-01-2025,Apartment,40,1053.41,"$350,764.21",Sold,C1303,01-07-2025,350764.21,332.979761
50304,5,07-01-2025,Apartment,41,630.83,"$171,964.59",Available,,01-07-2025,171964.59,272.6005263
50327,5,07-01-2025,Apartment,42,791.2,"$250,414.38",Available,,01-07-2025,250414.38,316.4994692
50374,5,07-01-2025,Apartment,45,608.89,"$180,409.23",Sold,C1999,01-07-2025,180409.23,296.2919903
50375,5,07-01-2025,Apartment,45,608.89,"$185,170.24",Sold,C0604,01-07-2025,185170.24,304.1111531
50382,5,07-01-2025,Office,46,1272.95,"$461,757.33",Available,,01-07-2025,461757.33,362.7458502
50426,5,07-01-2025,Apartment,49,795.75,"$270,228.82",Sold,C0066,01-07-2025,270228.82,339.5900974
50437,5,07-01-2025,Apartment,51,1029.59,"$274,272.39",Available,,01-07-2025,274272.39,266.3899125
50446,5,07-01-2025,Apartment,52,1755.18,"$598,512.98",Sold,C1690,01-07-2025,598512.98,340.9980629
60029,6,07-01-2025,Apartment,3,605.21,"$189,133.40",Sold,C1666,01-07-2025,189133.4,312.508716
60042,6,07-01-2025,Office,4,1925.28,"$626,977.89",Sold,C1661,01-07-2025,626977.89,325.6554319
60063,6,07-01-2025,Apartment,5,1617.43,"$494,631.27",Sold,C0802,01-07-2025,494631.27,305.8130924
60081,6,07-01-2025,Apartment,7,1075.42,"$355,384.51",Sold,C0229,01-07-2025,355384.51,330.4611315
60090,6,07-01-2025,Apartment,7,1075.42,"$295,490.61",Available,,01-07-2025,295490.61,274.767635
60120,6,07-01-2025,Apartment,10,942.08,"$317,171.03",Sold,C0558,01-07-2025,317171.03,336.6710152
60146,6,07-01-2025,Office,12,1678.17,"$635,034.32",Sold,C0969,01-07-2025,635034.32,378.4088144
60149,6,07-01-2025,Apartment,12,1678.17,"$461,132.81",Sold,C1217,01-07-2025,461132.81,274.7831328
60212,6,07-01-2025,Apartment,20,1897.17,"$629,513.20",Sold,C1352,01-07-2025,629513.2,331.8169695
60213,6,07-01-2025,Office,20,1897.17,"$561,711.27",Sold,C1208,01-07-2025,561711.27,296.0785117
60217,6,07-01-2025,Apartment,20,1897.17,"$577,465.19",Available,,01-07-2025,577465.19,304.382417
60242,6,07-01-2025,Apartment,24,1159.75,"$330,327.79",Sold,C1745,01-07-2025,330327.79,284.8267213
60259,6,07-01-2025,Apartment,27,830.65,"$281,288.26",Sold,C0122,01-07-2025,281288.26,338.636321
60273,6,07-01-2025,Apartment,29,1691.02,"$453,294.55",Sold,C0022,01-07-2025,453294.55,268.0598396
60310,6,07-01-2025,Apartment,34,1353.81,"$392,854.20",Sold,C1563,01-07-2025,392854.2,290.184147
60335,6,07-01-2025,Apartment,37,1721.96,"$514,358.91",Sold,C1778,01-07-2025,514358.91,298.7054926
60383,6,07-01-2025,Apartment,43,1492.81,"$447,127.24",Sold,C1309,01-07-2025,447127.24,299.5205284
60385,6,07-01-2025,Apartment,44,842.69,"$256,117.85",Sold,C1465,01-07-2025,256117.85,303.9289062
60396,6,07-01-2025,Apartment,47,550.99,"$169,044.97",Sold,C0111,01-07-2025,169044.97,306.8022469
60426,6,07-01-2025,Apartment,51,1476.63,"$457,718.07",Sold,C0133,01-07-2025,457718.07,309.9747872
60455,6,07-01-2025,Apartment,53,1170.96,"$377,185.21",Available,,01-07-2025,377185.21,322.1162209
60476,6,07-01-2025,Apartment,55,562.37,"$181,449.20",Sold,C0479,01-07-2025,181449.2,322.6509238
70008,7,07-01-2025,Apartment,2,1478.43,"$403,256.60",Available,,01-07-2025,403256.6,272.7600225
70027,7,07-01-2025,Apartment,5,1144.09,"$325,853.23",Sold,C1597,01-07-2025,325853.23,284.8143328
70033,7,07-01-2025,Apartment,5,1144.09,"$330,337.76",Sold,C0976,01-07-2025,330337.76,288.7340681
70068,7,07-01-2025,Apartment,10,1495.37,"$399,356.53",Available,,01-07-2025,399356.53,267.0620181
70078,7,07-01-2025,Apartment,12,804.65,"$270,004.76",Sold,C0628,01-07-2025,270004.76,335.5555335
70095,7,07-01-2025,Apartment,13,604.6,"$162,649.73",Sold,C0484,01-07-2025,162649.73,269.0203936
70115,7,07-01-2025,Apartment,15,602.92,"$155,871.73",Available,,01-07-2025,155871.73,258.5280468
70122,7,07-01-2025,Apartment,15,602.92,"$186,300.71",Sold,C0102,01-07-2025,186300.71,308.997396
70178,7,07-01-2025,Apartment,20,1160.82,"$389,909.94",Sold,C1472,01-07-2025,389909.94,335.8918179
70226,7,07-01-2025,Apartment,25,573.8,"$176,345.04",Sold,C0445,01-07-2025,176345.04,307.3284071
70235,7,07-01-2025,Apartment,26,717,"$230,694.26",Sold,C0636,01-07-2025,230694.26,321.7493166
70237,7,07-01-2025,Apartment,26,717,"$215,991.95",Sold,C0455,01-07-2025,215991.95,301.2440028
70275,7,07-01-2025,Apartment,31,839.7,"$184,734.00",Sold,C1192,01-07-2025,184734,220
70281,7,07-01-2025,Apartment,34,1487.05,"$417,696.06",Sold,C0611,01-07-2025,417696.06,280.8890488
70289,7,07-01-2025,Apartment,35,613.21,"$233,206.03",Sold,C0668,01-07-2025,233206.03,380.3036969
70350,7,07-01-2025,Apartment,41,1093.92,"$322,434.46",Sold,C1659,01-07-2025,322434.46,294.7514078
70375,7,07-01-2025,Apartment,43,498.61,"$167,795.76",Sold,C0453,01-07-2025,167795.76,336.5270652
70415,7,07-01-2025,Apartment,48,533.35,"$145,614.58",Sold,C0745,01-07-2025,145614.58,273.0188057
70423,7,07-01-2025,Office,49,1383.05,"$431,452.51",Sold,C0853,01-07-2025,431452.51,311.9572756
70464,7,07-01-2025,Apartment,54,1940.69,"$582,747.93",Sold,C1832,01-07-2025,582747.93,300.2787308
70481,7,07-01-2025,Apartment,56,1589.6,"$474,045.23",Sold,C0074,01-07-2025,474045.23,298.2166772
70491,7,07-01-2025,Apartment,58,1629.83,"$487,000.40",Available,,01-07-2025,487000.4,298.8044152
70496,7,07-01-2025,Apartment,58,1629.83,"$500,475.25",Sold,C1828,01-07-2025,500475.25,307.0720566
70513,7,07-01-2025,Office,59,765.3,"$221,107.63",Sold,C0807,01-07-2025,221107.63,288.9162812
80042,8,07-01-2025,Apartment,5,887.23,"$269,136.39",Sold,C1437,01-07-2025,269136.39,303.3445555
80052,8,07-01-2025,Apartment,5,887.23,"$257,981.51",Sold,C1414,01-07-2025,257981.51,290.7718517
80096,8,07-01-2025,Apartment,11,742.87,"$205,370.02",Sold,C1751,01-07-2025,205370.02,276.4548575
80114,8,07-01-2025,Apartment,14,685.93,"$187,417.14",Sold,C1174,01-07-2025,187417.14,273.2307087
80120,8,07-01-2025,Office,14,685.93,"$222,588.56",Sold,C1339,01-07-2025,222588.56,324.5062324
80187,8,07-01-2025,Apartment,26,1625.38,"$461,367.86",Sold,C1411,01-07-2025,461367.86,283.8523053
80243,8,07-01-2025,Apartment,31,1253.18,"$391,625.27",Available,,01-07-2025,391625.27,312.5052028
80330,8,07-01-2025,Office,37,890.65,"$345,383.67",Sold,C1918,01-07-2025,345383.67,387.7883231
80350,8,07-01-2025,Office,40,861.57,"$261,882.02",Sold,C0283,01-07-2025,261882.02,303.9590747
80377,8,07-01-2025,Apartment,45,1185.72,"$369,160.20",Sold,C0190,01-07-2025,369160.2,311.3384273
80400,8,07-01-2025,Apartment,46,1175.51,"$377,547.74",Available,,01-07-2025,377547.74,321.1778207
80410,8,07-01-2025,Apartment,47,543.08,"$170,653.24",Sold,C0327,01-07-2025,170653.24,314.232231
80458,8,07-01-2025,Apartment,54,1699.02,"$566,678.96",Sold,C0757,01-07-2025,566678.96,333.5328366
80474,8,07-01-2025,Office,55,1300.05,"$419,469.06",Sold,C1642,01-07-2025,419469.06,322.6560978
80501,8,07-01-2025,Apartment,58,1448.59,"$501,367.77",Sold,C1977,01-07-2025,501367.77,346.1074355
90018,9,07-01-2025,Apartment,4,1139.87,"$344,936.43",Sold,C0630,01-07-2025,344936.43,302.610324
90024,9,07-01-2025,Office,5,1416.81,"$463,942.66",Sold,C0414,01-07-2025,463942.66,327.4558056
90037,9,07-01-2025,Apartment,7,697.68,"$220,267.94",Available,,01-07-2025,220267.94,315.7148549
90171,9,07-01-2025,Apartment,26,1038.39,"$307,532.45",Sold,C1389,01-07-2025,307532.45,296.1627616
90179,9,07-01-2025,Apartment,27,1207.33,"$424,440.43",Sold,C1394,01-07-2025,424440.43,351.5529557
90228,9,07-01-2025,Apartment,33,973.52,"$373,575.86",Sold,C1955,01-07-2025,373575.86,383.7372216
90231,9,07-01-2025,Office,33,973.52,"$337,626.66",Available,,01-07-2025,337626.66,346.8101939
90247,9,07-01-2025,Apartment,34,1577.36,"$503,187.79",Available,,01-07-2025,503187.79,319.006308
90293,9,07-01-2025,Apartment,36,1582.79,"$516,417.01",Sold,C1576,01-07-2025,516417.01,326.2700737
90294,9,07-01-2025,Office,36,1582.79,"$588,774.57",Available,,01-07-2025,588774.57,371.9852728
90318,9,07-01-2025,Office,38,1260.31,"$357,939.72",Sold,C0379,01-07-2025,357939.72,284.0092676
90328,9,07-01-2025,Apartment,39,1839.34,"$562,959.47",Available,,01-07-2025,562959.47,306.0660182
90331,9,07-01-2025,Apartment,39,1839.34,"$563,972.46",Sold,C1523,01-07-2025,563972.46,306.6167538
90339,9,07-01-2025,Apartment,40,1090.32,"$312,165.81",Sold,C1001,01-07-2025,312165.81,286.3065981
90346,9,07-01-2025,Apartment,40,1090.32,"$274,917.87",Sold,C1971,01-07-2025,274917.87,252.1442054
90369,9,07-01-2025,Apartment,44,1351.57,"$348,631.72",Sold,C1643,01-07-2025,348631.72,257.9457372
90443,9,07-01-2025,Apartment,56,1516.4,"$452,998.59",Available,,01-07-2025,452998.59,298.7329135
90445,9,07-01-2025,Office,56,1516.4,"$410,865.42",Sold,C0925,01-07-2025,410865.42,270.9479161
90460,9,07-01-2025,Apartment,57,1198.57,"$338,713.65",Sold,C0743,01-07-2025,338713.65,282.5981378
90473,9,07-01-2025,Apartment,58,838.34,"$254,835.58",Sold,C0397,01-07-2025,254835.58,303.9764058
100051,10,07-01-2025,Apartment,5,1741.96,"$383,231.20",Sold,C1992,01-07-2025,383231.2,220
100166,10,07-01-2025,Apartment,21,1251.45,"$364,280.42",Sold,C0042,01-07-2025,364280.42,291.0866755
100189,10,07-01-2025,Apartment,26,1294.85,"$398,568.84",Sold,C0729,01-07-2025,398568.84,307.8108198
100244,10,07-01-2025,Apartment,30,1559.4,"$490,098.29",Sold,C0196,01-07-2025,490098.29,314.2864499
100255,10,07-01-2025,Apartment,30,1559.4,"$447,157.69",Available,,01-07-2025,447157.69,286.7498333
100263,10,07-01-2025,Apartment,31,1499,"$434,156.50",Available,,01-07-2025,434156.5,289.6307538
100357,10,07-01-2025,Apartment,43,1093.67,"$296,416.45",Sold,C0519,01-07-2025,296416.45,271.0291496
100424,10,07-01-2025,Office,50,1138.32,"$388,182.22",Sold,C1112,01-07-2025,388182.22,341.0132652
100427,10,07-01-2025,Office,50,1138.32,"$313,972.36",Sold,C0246,01-07-2025,313972.36,275.8208237
110002,11,07-01-2025,Apartment,1,1902.88,"$500,394.39",Sold,C0991,01-07-2025,500394.39,262.966866
110007,11,07-01-2025,Apartment,1,1902.88,"$657,622.51",Sold,C1378,01-07-2025,657622.51,345.5932639
110022,11,07-01-2025,Apartment,3,1479.84,"$484,806.07",Sold,C0460,01-07-2025,484806.07,327.6070859
110184,11,07-01-2025,Apartment,20,570.62,"$167,625.61",Sold,C1303,01-07-2025,167625.61,293.7604886
110191,11,07-01-2025,Apartment,22,1755.05,"$501,753.97",Available,,01-07-2025,501753.97,285.8915529
110282,11,07-01-2025,Apartment,34,680.07,"$192,370.45",Available,,01-07-2025,192370.45,282.8686018
110345,11,07-01-2025,Apartment,42,808.59,"$281,759.38",Sold,C1026,01-07-2025,281759.38,348.4576609
110355,11,07-01-2025,Apartment,42,808.59,"$235,144.76",Available,,01-07-2025,235144.76,290.8083949
110364,11,07-01-2025,Apartment,43,810.65,"$262,417.84",Available,,01-07-2025,262417.84,323.7128724
110388,11,07-01-2025,Office,45,1651.09,"$540,922.90",Sold,C0669,01-07-2025,540922.9,327.6156357
110389,11,07-01-2025,Apartment,45,1651.09,"$481,857.40",Sold,C1023,01-07-2025,481857.4,291.8419953
110397,11,07-01-2025,Apartment,47,1456.74,"$446,685.14",Sold,C1279,01-07-2025,446685.14,306.6334006
110449,11,07-01-2025,Apartment,52,1397.58,"$325,562.57",Sold,C1005,01-07-2025,325562.57,232.947359
110455,11,07-01-2025,Apartment,52,1397.58,"$434,697.28",Available,,01-07-2025,434697.28,311.0357046
110485,11,07-01-2025,Apartment,57,1008.58,"$266,688.48",Sold,C0152,01-07-2025,266688.48,264.4197585
110508,11,07-01-2025,Apartment,61,1299.46,"$370,132.95",Sold,C1024,01-07-2025,370132.95,284.8359703
110533,11,07-01-2025,Apartment,62,1938.82,"$568,773.25",Sold,C1139,01-07-2025,568773.25,293.3605234
120001,12,07-01-2025,Apartment,1,839.95,"$242,722.44",Sold,C0256,01-07-2025,242722.44,288.9724865
120042,12,07-01-2025,Apartment,4,1559.34,"$475,181.99",Sold,C0877,01-07-2025,475181.99,304.7327651
120051,12,07-01-2025,Apartment,5,495.04,"$163,205.77",Sold,C0565,01-07-2025,163205.77,329.6819853
120077,12,07-01-2025,Apartment,9,857.88,"$343,645.42",Sold,C0982,01-07-2025,343645.42,400.575162
120093,12,07-01-2025,Apartment,12,959.05,"$278,391.46",Sold,C1785,01-07-2025,278391.46,290.2783588
120134,12,07-01-2025,Apartment,16,1523.02,"$441,676.48",Sold,C1584,01-07-2025,441676.48,290.0004465
120180,12,07-01-2025,Apartment,20,1802.21,"$509,189.13",Available,,01-07-2025,509189.13,282.5359586
120185,12,07-01-2025,Apartment,20,1802.21,"$561,841.89",Sold,C1465,01-07-2025,561841.89,311.7516216
120206,12,07-01-2025,Apartment,23,1094.46,"$392,440.08",Sold,C1752,01-07-2025,392440.08,358.569596
120213,12,07-01-2025,Apartment,24,1306.75,"$350,796.84",Sold,C1003,01-07-2025,350796.84,268.4498489
120228,12,07-01-2025,Apartment,24,1306.75,"$409,681.61",Sold,C1324,01-07-2025,409681.61,313.51185
120239,12,07-01-2025,Apartment,25,1540.51,"$477,017.14",Sold,C0560,01-07-2025,477017.14,309.6488436
120241,12,07-01-2025,Apartment,26,557.9,"$140,289.60",Sold,C1435,01-07-2025,140289.6,251.4601183
120246,12,07-01-2025,Apartment,26,557.9,"$191,930.42",Sold,C0183,01-07-2025,191930.42,344.022979
120275,12,07-01-2025,Apartment,30,622.2,"$202,208.48",Sold,C1897,01-07-2025,202208.48,324.9895211
120313,12,07-01-2025,Apartment,34,1817.64,"$578,315.70",Sold,C0994,01-07-2025,578315.7,318.1684492
120363,12,07-01-2025,Apartment,38,1157.23,"$315,993.38",Sold,C0282,01-07-2025,315993.38,273.060135
120409,12,07-01-2025,Office,47,1528.05,"$608,146.84",Sold,C1956,01-07-2025,608146.84,397.9888354
130002,13,07-01-2025,Apartment,1,1899.92,"$519,344.48",Available,,01-07-2025,519344.48,273.3507095
130005,13,07-01-2025,Office,1,1899.92,"$720,425.67",Sold,C0687,01-07-2025,720425.67,379.187371
130036,13,07-01-2025,Apartment,3,979.64,"$349,012.84",Sold,C0588,01-07-2025,349012.84,356.2664244
130048,13,07-01-2025,Apartment,4,1629.74,"$440,680.26",Sold,C1649,01-07-2025,440680.26,270.3991189
130104,13,07-01-2025,Office,12,1858.65,"$436,579.35",Sold,C0242,01-07-2025,436579.35,234.8905657
130113,13,07-01-2025,Apartment,14,777.75,"$218,454.43",Sold,C1995,01-07-2025,218454.43,280.8800129
130122,13,07-01-2025,Apartment,14,777.75,"$253,385.21",Sold,C1775,01-07-2025,253385.21,325.7926197
130161,13,07-01-2025,Apartment,19,758.69,"$193,003.33",Sold,C1507,01-07-2025,193003.33,254.3902384
130168,13,07-01-2025,Office,19,758.69,"$226,014.90",Sold,C1503,01-07-2025,226014.9,297.9015145
130179,13,07-01-2025,Office,20,516.72,"$126,443.98",Sold,C1671,01-07-2025,126443.98,244.705024
130186,13,07-01-2025,Apartment,20,516.72,"$155,923.76",Sold,C0480,01-07-2025,155923.76,301.7567735
130208,13,07-01-2025,Apartment,24,1044.69,"$328,347.26",Sold,C0179,01-07-2025,328347.26,314.301142
130213,13,07-01-2025,Office,24,1044.69,"$327,589.46",Sold,C0105,01-07-2025,327589.46,313.5757593
130224,13,07-01-2025,Apartment,26,1867.78,"$587,960.16",Sold,C0453,01-07-2025,587960.16,314.7909069
130230,13,07-01-2025,Apartment,27,885.68,"$265,285.70",Sold,C1100,01-07-2025,265285.7,299.5277075
130240,13,07-01-2025,Apartment,28,1173.72,"$308,106.88",Sold,C0247,01-07-2025,308106.88,262.5045837
130247,13,07-01-2025,Apartment,29,568.7,"$153,351.40",Sold,C0849,01-07-2025,153351.4,269.6525409
130263,13,07-01-2025,Apartment,30,1777.51,"$657,039.24",Sold,C0518,01-07-2025,657039.24,369.6402496
130328,13,07-01-2025,Apartment,37,1555.67,"$453,416.10",Sold,C1134,01-07-2025,453416.1,291.4603354
130419,13,07-01-2025,Apartment,47,1874.35,"$620,192.42",Sold,C0580,01-07-2025,620192.42,330.8839971
130477,13,07-01-2025,Apartment,54,1029.15,"$272,285.59",Available,,01-07-2025,272285.59,264.5732789
130499,13,07-01-2025,Apartment,58,1115.72,"$389,307.28",Sold,C1032,01-07-2025,389307.28,348.9291937
130538,13,07-01-2025,Apartment,61,1333.63,"$379,627.10",Available,,01-07-2025,379627.1,284.6569888
140028,14,07-01-2025,Apartment,5,424.34,"$127,025.78",Sold,C0775,01-07-2025,127025.78,299.3490597
140030,14,07-01-2025,Apartment,5,424.34,"$140,813.74",Available,,01-07-2025,140813.74,331.8417778
140034,14,07-01-2025,Apartment,6,1733.36,"$434,353.16",Available,,01-07-2025,434353.16,250.5845064
140057,14,07-01-2025,Apartment,8,618.89,"$183,787.02",Sold,C1515,01-07-2025,183787.02,296.9623358
140058,14,07-01-2025,Apartment,8,618.89,"$169,982.66",Sold,C0793,01-07-2025,169982.66,274.6573058
140078,14,07-01-2025,Apartment,11,1431.42,"$437,447.15",Sold,C1427,01-07-2025,437447.15,305.6036314
140175,14,07-01-2025,Apartment,18,500.17,"$135,718.84",Sold,C0392,01-07-2025,135718.84,271.3454226
140247,14,07-01-2025,Apartment,29,1618.34,"$562,572.19",Sold,C0292,01-07-2025,562572.19,347.6229902
140269,14,07-01-2025,Apartment,29,1618.34,"$500,722.63",Sold,C0432,01-07-2025,500722.63,309.4050879
140283,14,07-01-2025,Apartment,33,1894.96,"$583,134.02",Sold,C1595,01-07-2025,583134.02,307.7289336
140351,14,07-01-2025,Apartment,42,1350.7,"$385,371.27",Sold,C1932,01-07-2025,385371.27,285.3122603
140363,14,07-01-2025,Apartment,44,840.77,"$285,984.27",Sold,C0937,01-07-2025,285984.27,340.1456641
140386,14,07-01-2025,Apartment,47,917.53,"$301,398.29",Sold,C0563,01-07-2025,301398.29,328.4887579
140392,14,07-01-2025,Apartment,47,917.53,"$273,689.39",Sold,C0530,01-07-2025,273689.39,298.2893093
140401,14,07-01-2025,Apartment,48,1941.78,"$509,124.24",Sold,C0147,01-07-2025,509124.24,262.194605
140407,14,07-01-2025,Office,49,1231.75,"$448,815.67",Sold,C1251,01-07-2025,448815.67,364.3723726
140414,14,07-01-2025,Apartment,49,1231.75,"$366,107.61",Available,,01-07-2025,366107.61,297.2255815
140430,14,07-01-2025,Apartment,51,1346.3,"$381,543.59",Sold,C0026,01-07-2025,381543.59,283.4016118
140446,14,07-01-2025,Office,52,571.74,"$158,787.99",Sold,C0898,01-07-2025,158787.99,277.7276209
140448,14,07-01-2025,Apartment,52,571.74,"$166,516.67",Sold,C1768,01-07-2025,166516.67,291.2454437
140472,14,07-01-2025,Apartment,55,1415.9,"$371,992.71",Available,,01-07-2025,371992.71,262.7252701
150003,15,07-01-2025,Office,1,1596.51,"$411,781.07",Sold,C1336,01-07-2025,411781.07,257.9257693
150017,15,07-01-2025,Apartment,2,1522.89,"$468,941.17",Available,,01-07-2025,468941.17,307.9284584
150117,15,07-01-2025,Apartment,16,1692.61,"$540,022.29",Sold,C0997,01-07-2025,540022.29,319.047087
150142,15,07-01-2025,Apartment,17,562.64,"$169,922.25",Sold,C0273,01-07-2025,169922.25,302.0088334
150184,15,07-01-2025,Office,23,1279.23,"$391,678.22",Available,,01-07-2025,391678.22,306.1827975
150223,15,07-01-2025,Office,26,961.01,"$296,351.94",Sold,C0776,01-07-2025,296351.94,308.3755008
150235,15,07-01-2025,Apartment,26,961.01,"$268,604.55",Sold,C0645,01-07-2025,268604.55,279.5023465
150316,15,07-01-2025,Apartment,36,1424.81,"$475,881.66",Sold,C1261,01-07-2025,475881.66,333.996575
150434,15,07-01-2025,Apartment,54,1495.13,"$439,529.60",Sold,C0234,01-07-2025,439529.6,293.9741695
150444,15,07-01-2025,Apartment,55,892.75,"$308,888.38",Available,,01-07-2025,308888.38,345.9965052
160006,16,07-01-2025,Apartment,1,637.07,"$193,069.04",Sold,C0878,01-07-2025,193069.04,303.0578115
160041,16,07-01-2025,Apartment,5,749.15,"$214,745.32",Sold,C0058,01-07-2025,214745.32,286.6519656
160061,16,07-01-2025,Apartment,8,986.18,"$301,693.78",Sold,C0894,01-07-2025,301693.78,305.9216167
160110,16,07-01-2025,Apartment,11,1288.42,"$400,174.08",Available,,01-07-2025,400174.08,310.5928812
160114,16,07-01-2025,Apartment,12,549.98,"$158,974.32",Sold,C0640,01-07-2025,158974.32,289.0547293
160115,16,07-01-2025,Apartment,12,549.98,"$177,362.74",Sold,C0810,01-07-2025,177362.74,322.489436
160128,16,07-01-2025,Apartment,14,660.84,"$188,928.74",Sold,C1165,01-07-2025,188928.74,285.8918044
160142,16,07-01-2025,Office,17,836.32,"$243,144.00",Available,,01-07-2025,243144,290.7308207
160160,16,07-01-2025,Apartment,21,837.95,"$248,256.07",Sold,C0741,01-07-2025,248256.07,296.2659705
160172,16,07-01-2025,Apartment,21,837.95,"$246,839.66",Sold,C1708,01-07-2025,246839.66,294.5756429
160186,16,07-01-2025,Apartment,23,594.14,"$184,707.19",Sold,C1213,01-07-2025,184707.19,310.8815936
160195,16,07-01-2025,Apartment,24,1077.77,"$324,556.46",Sold,C1348,01-07-2025,324556.46,301.1370329
160209,16,07-01-2025,Apartment,26,1458.08,"$509,234.25",Available,,01-07-2025,509234.25,349.2498697
160220,16,07-01-2025,Apartment,27,1164.55,"$351,319.42",Sold,C1677,01-07-2025,351319.42,301.678262
160257,16,07-01-2025,Apartment,30,1024.75,"$318,694.09",Sold,C1962,01-07-2025,318694.09,310.9969163
160261,16,07-01-2025,Apartment,31,1336.97,"$377,269.07",Sold,C0947,01-07-2025,377269.07,282.1821507
160298,16,07-01-2025,Apartment,35,629.97,"$161,300.27",Sold,C1415,01-07-2025,161300.27,256.0443672
160364,16,07-01-2025,Apartment,42,1496.62,"$387,052.70",Sold,C1097,01-07-2025,387052.7,258.6178856
170005,17,07-01-2025,Apartment,1,530.28,"$161,195.85",Sold,C1845,01-07-2025,161195.85,303.9825187
170104,17,07-01-2025,Apartment,12,451.91,"$147,264.94",Sold,C1867,01-07-2025,147264.94,325.8722755
170133,17,07-01-2025,Apartment,15,1365.73,"$414,990.91",Sold,C1439,01-07-2025,414990.91,303.8601407
170166,17,07-01-2025,Apartment,17,1827.25,"$577,003.83",Sold,C1026,01-07-2025,577003.83,315.7771679
170168,17,07-01-2025,Apartment,17,1827.25,"$535,756.29",Sold,C0672,01-07-2025,535756.29,293.2036065
170178,17,07-01-2025,Apartment,19,1712.06,"$553,899.49",Sold,C0586,01-07-2025,553899.49,323.5280831
170227,17,07-01-2025,Apartment,26,929.59,"$282,131.87",Sold,C0061,01-07-2025,282131.87,303.5014038
170228,17,07-01-2025,Office,27,677.24,"$172,612.98",Sold,C0177,01-07-2025,172612.98,254.8771189
170251,17,07-01-2025,Apartment,28,1201.04,"$329,311.13",Available,,01-07-2025,329311.13,274.1883118
170263,17,07-01-2025,Apartment,32,954.54,"$293,871.30",Available,,01-07-2025,293871.3,307.8669307
170279,17,07-01-2025,Apartment,33,1532.89,"$445,511.76",Available,,01-07-2025,445511.76,290.6351793
170328,17,07-01-2025,Apartment,40,1583.13,"$387,637.86",Sold,C0056,01-07-2025,387637.86,244.8553562
170372,17,07-01-2025,Apartment,46,1582.61,"$479,666.77",Sold,C0148,01-07-2025,479666.77,303.0858961
170408,17,07-01-2025,Apartment,48,1833.96,"$545,747.26",Sold,C1452,01-07-2025,545747.26,297.5786059
170433,17,07-01-2025,Apartment,50,1392.01,"$384,988.52",Available,,01-07-2025,384988.52,276.5702258
170443,17,07-01-2025,Apartment,51,1375.52,"$431,210.50",Sold,C0510,01-07-2025,431210.5,313.4890805
180060,18,07-01-2025,Apartment,6,840.25,"$255,157.38",Available,,01-07-2025,255157.38,303.6684082
180090,18,07-01-2025,Office,12,1692.5,"$591,179.27",Sold,C0322,01-07-2025,591179.27,349.2935126
180118,18,07-01-2025,Apartment,16,1360.96,"$476,038.28",Sold,C0111,01-07-2025,476038.28,349.7812427
180124,18,07-01-2025,Apartment,16,1360.96,"$349,788.42",Sold,C0756,01-07-2025,349788.42,257.0159446
180126,18,07-01-2025,Office,16,1360.96,"$409,183.72",Sold,C0156,01-07-2025,409183.72,300.6581531
180132,18,07-01-2025,Office,17,1195.81,"$414,448.26",Sold,C1098,01-07-2025,414448.26,346.5837048
180133,18,07-01-2025,Apartment,17,1195.81,"$360,530.43",Sold,C1978,01-07-2025,360530.43,301.4947441
180134,18,07-01-2025,Apartment,17,1195.81,"$328,597.34",Available,,01-07-2025,328597.34,274.7905938
180181,18,07-01-2025,Apartment,23,1659.02,"$526,965.08",Available,,01-07-2025,526965.08,317.6363636
180194,18,07-01-2025,Apartment,25,911.94,"$271,952.94",Sold,C1897,01-07-2025,271952.94,298.2136325
180209,18,07-01-2025,Apartment,26,1147.71,"$359,968.76",Sold,C0171,01-07-2025,359968.76,313.6408675
180220,18,07-01-2025,Apartment,28,514.67,"$151,439.51",Sold,C0590,01-07-2025,151439.51,294.2458469
180224,18,07-01-2025,Apartment,28,514.67,"$156,565.93",Available,,01-07-2025,156565.93,304.206443
180268,18,07-01-2025,Apartment,31,945.46,"$300,055.48",Sold,C1988,01-07-2025,300055.48,317.3645421
180292,18,07-01-2025,Apartment,36,1089.77,"$321,544.55",Sold,C1772,01-07-2025,321544.55,295.0572598
180318,18,07-01-2025,Apartment,37,1092.32,"$273,778.55",Sold,C0154,01-07-2025,273778.55,250.6395104
180370,18,07-01-2025,Apartment,41,852.83,"$237,789.86",Available,,01-07-2025,237789.86,278.824455
180425,18,07-01-2025,Office,48,564.59,"$171,154.65",Sold,C1815,01-07-2025,171154.65,303.148568
180437,18,07-01-2025,Apartment,49,1457.92,"$353,163.26",Sold,C1249,01-07-2025,353163.26,242.2377497
180442,18,07-01-2025,Apartment,49,1457.92,"$431,287.44",Sold,C1974,01-07-2025,431287.44,295.8238038
180465,18,07-01-2025,Office,52,1424.54,"$413,387.67",Sold,C0474,01-07-2025,413387.67,290.190286
180531,18,07-01-2025,Apartment,60,1488.67,"$482,626.46",Sold,C1474,01-07-2025,482626.46,324.1997622
180569,18,07-01-2025,Apartment,66,1631.24,"$570,262.07",Sold,C1724,01-07-2025,570262.07,349.5880864
190009,19,07-01-2025,Apartment,3,1468.68,"$501,437.39",Sold,C1289,01-07-2025,501437.39,341.4204524
190117,19,07-01-2025,Apartment,16,1711.98,"$546,186.98",Sold,C1944,01-07-2025,546186.98,319.038178
190168,19,07-01-2025,Apartment,21,477.75,"$166,270.85",Sold,C0911,01-07-2025,166270.85,348.0289901
190178,19,07-01-2025,Office,22,935.25,"$307,314.02",Sold,C0726,01-07-2025,307314.02,328.5902379
190231,19,07-01-2025,Apartment,27,1691.96,"$473,832.01",Sold,C1924,01-07-2025,473832.01,280.0491796
190401,19,07-01-2025,Apartment,46,1926.19,"$548,965.53",Sold,C1395,01-07-2025,548965.53,285.0007164
200009,20,07-01-2025,Office,1,1898.39,"$594,737.23",Sold,C0970,01-07-2025,594737.23,313.2850626
200026,20,07-01-2025,Apartment,2,1669.84,"$520,222.17",Available,,01-07-2025,520222.17,311.5401296
200045,20,07-01-2025,Office,5,802.5,"$259,576.23",Sold,C1989,01-07-2025,259576.23,323.4594766
200051,20,07-01-2025,Apartment,6,1401,"$385,581.71",Sold,C1375,01-07-2025,385581.71,275.2189222
200081,20,07-01-2025,Apartment,11,1722.28,"$415,775.90",Sold,C0071,01-07-2025,415775.9,241.4101656
200084,20,07-01-2025,Apartment,11,1722.28,"$443,196.31",Sold,C1362,01-07-2025,443196.31,257.3311599
200149,20,07-01-2025,Apartment,18,1868.01,"$564,689.47",Available,,01-07-2025,564689.47,302.2946719
200172,20,07-01-2025,Apartment,19,759.72,"$294,375.06",Sold,C0292,01-07-2025,294375.06,387.4783604
200174,20,07-01-2025,Apartment,19,759.72,"$226,160.18",Sold,C1195,01-07-2025,226160.18,297.6888591
200184,20,07-01-2025,Apartment,19,759.72,"$250,848.47",Sold,C1077,01-07-2025,250848.47,330.1854236
200194,20,07-01-2025,Office,22,460.81,"$125,265.20",Available,,01-07-2025,125265.2,271.8369827
200201,20,07-01-2025,Apartment,24,1188.07,"$369,160.77",Sold,C1590,01-07-2025,369160.77,310.7230803
200215,20,07-01-2025,Apartment,26,1941.62,"$675,388.05",Sold,C1175,01-07-2025,675388.05,347.8476993
200219,20,07-01-2025,Apartment,26,1941.62,"$535,120.87",Sold,C0272,01-07-2025,535120.87,275.6053553
200273,20,07-01-2025,Apartment,31,1414.44,"$468,923.36",Available,,01-07-2025,468923.36,331.5258053
200275,20,07-01-2025,Apartment,31,1414.44,"$422,212.06",Sold,C0139,01-07-2025,422212.06,298.501216
200289,20,07-01-2025,Office,32,1630.81,"$513,272.97",Sold,C1868,01-07-2025,513272.97,314.7349906
200305,20,07-01-2025,Apartment,33,630.53,"$177,735.84",Available,,01-07-2025,177735.84,281.8832411
200315,20,07-01-2025,Apartment,34,858.93,"$284,307.13",Sold,C1073,01-07-2025,284307.13,331.0015135
200332,20,07-01-2025,Apartment,36,1484.99,"$389,325.25",Sold,C0243,01-07-2025,389325.25,262.173651
200337,20,07-01-2025,Office,37,632.35,"$172,701.30",Sold,C1786,01-07-2025,172701.3,273.1103028
200377,20,07-01-2025,Apartment,40,428.03,"$133,227.57",Sold,C0818,01-07-2025,133227.57,311.257552
200394,20,07-01-2025,Apartment,43,1697.49,"$528,059.78",Available,,01-07-2025,528059.78,311.0827045
200400,20,07-01-2025,Apartment,46,1227.49,"$373,068.75",Sold,C0834,01-07-2025,373068.75,303.9281379
200419,20,07-01-2025,Apartment,48,860.8,"$278,311.59",Sold,C0544,01-07-2025,278311.59,323.3173676
3036,3,08-01-2025,Apartment,36,1127.76,"$358,525.59",Sold,C0003,01-08-2025,358525.59,317.9094754
5050,5,08-01-2025,Apartment,50,1093,"$390,494.27",Sold,C0101,01-08-2025,390494.27,357.2683166
10009,1,08-01-2025,Apartment,2,715.67,"$219,564.15",Sold,C1731,01-08-2025,219564.15,306.7952408
10014,1,08-01-2025,Apartment,3,788.73,"$248,108.79",Sold,C1645,01-08-2025,248108.79,314.5674565
10067,1,08-01-2025,Apartment,8,763.88,"$243,486.26",Sold,C0976,01-08-2025,243486.26,318.7493585
10069,1,08-01-2025,Apartment,8,763.88,"$208,582.28",Sold,C0896,01-08-2025,208582.28,273.0563439
10072,1,08-01-2025,Apartment,8,763.88,"$191,375.94",Sold,C0394,01-08-2025,191375.94,250.5314185
10095,1,08-01-2025,Apartment,13,719.47,"$196,031.15",Sold,C1602,01-08-2025,196031.15,272.4660514
10194,1,08-01-2025,Apartment,23,1201.5,"$355,666.94",Sold,C1039,01-08-2025,355666.94,296.0190928
10198,1,08-01-2025,Apartment,24,1146.11,"$330,938.46",Sold,C0293,01-08-2025,330938.46,288.7492998
10211,1,08-01-2025,Apartment,24,1146.11,"$283,492.47",Sold,C0515,01-08-2025,283492.47,247.3518859
10230,1,08-01-2025,Office,26,828.98,"$219,837.17",Available,,01-08-2025,219837.17,265.1899563
10243,1,08-01-2025,Apartment,28,1946.26,"$626,533.06",Available,,01-08-2025,626533.06,321.9164243
10278,1,08-01-2025,Apartment,30,753.29,"$190,943.31",Available,,01-08-2025,190943.31,253.4791515
10307,1,08-01-2025,Apartment,32,800.77,"$224,383.09",Sold,C0121,01-08-2025,224383.09,280.2091612
10315,1,08-01-2025,Office,34,1469.14,"$468,352.78",Available,,01-08-2025,468352.78,318.7938386
10323,1,08-01-2025,Apartment,34,1469.14,"$471,468.04",Available,,01-08-2025,471468.04,320.9143036
10354,1,08-01-2025,Apartment,38,1355.85,"$403,626.01",Sold,C1898,01-08-2025,403626.01,297.69223
10424,1,08-01-2025,Apartment,49,629.24,"$165,204.11",Sold,C1484,01-08-2025,165204.11,262.5454675
20002,2,08-01-2025,Office,1,706.3,"$198,527.41",Available,,01-08-2025,198527.41,281.080858
20050,2,08-01-2025,Apartment,6,967.84,"$288,968.78",Sold,C0307,01-08-2025,288968.78,298.5708175
20060,2,08-01-2025,Apartment,8,715.54,"$203,521.40",Sold,C0343,01-08-2025,203521.4,284.4305
20124,2,08-01-2025,Apartment,15,1603.33,"$452,266.31",Sold,C1087,01-08-2025,452266.31,282.0793661
20197,2,08-01-2025,Apartment,22,653.41,"$167,447.91",Sold,C1720,01-08-2025,167447.91,256.2677492
20228,2,08-01-2025,Apartment,26,1577.79,"$426,863.72",Sold,C1891,01-08-2025,426863.72,270.5453324
20259,2,08-01-2025,Apartment,30,786.4,"$249,593.94",Available,,01-08-2025,249593.94,317.3880214
20299,2,08-01-2025,Apartment,35,1391.68,"$379,072.42",Sold,C1298,01-08-2025,379072.42,272.384758
20313,2,08-01-2025,Apartment,37,780.46,"$221,160.83",Sold,C0851,01-08-2025,221160.83,283.3724086
20337,2,08-01-2025,Apartment,41,654.93,"$184,248.76",Sold,C0691,01-08-2025,184248.76,281.3258822
20371,2,08-01-2025,Apartment,44,580.26,"$179,779.28",Sold,C0697,01-08-2025,179779.28,309.8253886
20402,2,08-01-2025,Apartment,47,708.32,"$209,740.71",Sold,C1427,01-08-2025,209740.71,296.1101056
20437,2,08-01-2025,Apartment,50,1604.8,"$433,638.45",Sold,C0175,01-08-2025,433638.45,270.2133911
20457,2,08-01-2025,Apartment,54,924.4,"$261,633.77",Sold,C0566,01-08-2025,261633.77,283.0309065
20461,2,08-01-2025,Apartment,54,924.4,"$281,935.41",Sold,C1154,01-08-2025,281935.41,304.9928711
20471,2,08-01-2025,Office,55,579.26,"$162,668.39",Sold,C1075,01-08-2025,162668.39,280.8210303
30059,3,08-01-2025,Apartment,7,744.01,"$230,350.37",Available,,01-08-2025,230350.37,309.606551
30118,3,08-01-2025,Apartment,10,784.09,"$172,499.80",Sold,C0369,01-08-2025,172499.8,220
30123,3,08-01-2025,Apartment,11,1283.1,"$408,032.61",Available,,01-08-2025,408032.61,318.0053075
30124,3,08-01-2025,Apartment,11,1283.1,"$460,400.58",Sold,C1173,01-08-2025,460400.58,358.8189385
30188,3,08-01-2025,Apartment,20,802.97,"$238,551.35",Sold,C1930,01-08-2025,238551.35,297.0862548
30199,3,08-01-2025,Apartment,21,1122.15,"$324,660.64",Available,,01-08-2025,324660.64,289.32018
30208,3,08-01-2025,Office,23,924.21,"$285,914.44",Available,,01-08-2025,285914.44,309.3609028
30248,3,08-01-2025,Apartment,28,679.93,"$199,268.27",Sold,C0348,01-08-2025,199268.27,293.0717427
30258,3,08-01-2025,Apartment,28,679.93,"$197,536.31",Sold,C0766,01-08-2025,197536.31,290.5244805
30272,3,08-01-2025,Apartment,30,796.57,"$244,706.58",Sold,C0949,01-08-2025,244706.58,307.2003465
30293,3,08-01-2025,Apartment,36,733.45,"$265,536.81",Sold,C1814,01-08-2025,265536.81,362.038053
30303,3,08-01-2025,Apartment,36,733.45,"$207,623.02",Available,,01-08-2025,207623.02,283.077265
30312,3,08-01-2025,Apartment,38,1173.4,"$304,001.87",Sold,C1402,01-08-2025,304001.87,259.0777825
30330,3,08-01-2025,Apartment,40,678.71,"$174,757.05",Available,,01-08-2025,174757.05,257.4841243
30375,3,08-01-2025,Apartment,46,1599.81,"$524,650.21",Sold,C1986,01-08-2025,524650.21,327.9453248
30379,3,08-01-2025,Apartment,46,1599.81,"$426,455.73",Sold,C0123,01-08-2025,426455.73,266.566486
30390,3,08-01-2025,Apartment,48,783.39,"$196,490.72",Available,,01-08-2025,196490.72,250.8210725
30404,3,08-01-2025,Apartment,49,1174.48,"$345,884.05",Sold,C0677,01-08-2025,345884.05,294.4997361
30425,3,08-01-2025,Apartment,49,1174.48,"$371,550.12",Available,,01-08-2025,371550.12,316.3528711
30461,3,08-01-2025,Apartment,55,688.14,"$258,376.64",Sold,C1554,01-08-2025,258376.64,375.4710379
30487,3,08-01-2025,Apartment,57,1607.94,"$480,579.28",Sold,C1525,01-08-2025,480579.28,298.8788636
40016,4,08-01-2025,Office,2,1620.07,"$574,268.12",Sold,C1577,01-08-2025,574268.12,354.4711772
40038,4,08-01-2025,Apartment,4,783.03,"$235,584.51",Sold,C0776,01-08-2025,235584.51,300.8626873
40050,4,08-01-2025,Apartment,5,786.98,"$219,862.84",Sold,C0645,01-08-2025,219862.84,279.3753844
40065,4,08-01-2025,Apartment,7,786.36,"$220,742.50",Sold,C0190,01-08-2025,220742.5,280.7143039
40081,4,08-01-2025,Apartment,10,1614.62,"$431,485.71",Sold,C1194,01-08-2025,431485.71,267.2366935
40118,4,08-01-2025,Apartment,14,1322.66,"$418,846.63",Sold,C1261,01-08-2025,418846.63,316.6699152
40172,4,08-01-2025,Apartment,21,801.66,"$231,625.87",Sold,C1079,01-08-2025,231625.87,288.9328019
40187,4,08-01-2025,Office,23,1110.99,"$372,010.36",Sold,C1231,01-08-2025,372010.36,334.8458222
40235,4,08-01-2025,Apartment,28,1070.72,"$308,842.84",Sold,C0053,01-08-2025,308842.84,288.444075
40241,4,08-01-2025,Apartment,29,776.79,"$256,700.86",Sold,C1621,01-08-2025,256700.86,330.4636517
40257,4,08-01-2025,Apartment,31,793.1,"$279,217.08",Sold,C0300,01-08-2025,279217.08,352.0578489
40265,4,08-01-2025,Apartment,31,793.1,"$213,135.38",Available,,01-08-2025,213135.38,268.7370823
40283,4,08-01-2025,Apartment,33,734.73,"$206,069.70",Available,,01-08-2025,206069.7,280.4699686
40297,4,08-01-2025,Office,34,795.1,"$244,253.23",Available,,01-08-2025,244253.23,307.198126
40305,4,08-01-2025,Apartment,36,736.77,"$207,914.99",Available,,01-08-2025,207914.99,282.1979587
40332,4,08-01-2025,Apartment,40,780.74,"$250,618.24",Available,,01-08-2025,250618.24,321.0008966
40367,4,08-01-2025,Apartment,43,1616.99,"$421,547.56",Available,,01-08-2025,421547.56,260.6989283
40372,4,08-01-2025,Office,44,799.67,"$265,635.52",Available,,01-08-2025,265635.52,332.1814248
40422,4,08-01-2025,Apartment,49,739.7,"$222,422.59",Sold,C0819,01-08-2025,222422.59,300.6929701
40426,4,08-01-2025,Office,49,739.7,"$228,542.89",Sold,C1059,01-08-2025,228542.89,308.9670001
40429,4,08-01-2025,Apartment,49,739.7,"$225,902.20",Sold,C1801,01-08-2025,225902.2,305.3970529
50013,5,08-01-2025,Apartment,4,799.1,"$225,786.57",Available,,01-08-2025,225786.57,282.5510825
50045,5,08-01-2025,Apartment,8,782.15,"$224,775.54",Available,,01-08-2025,224775.54,287.3816276
50071,5,08-01-2025,Apartment,10,629.27,"$212,891.50",Sold,C0678,01-08-2025,212891.5,338.3150317
50200,5,08-01-2025,Apartment,26,1272.4,"$420,345.63",Sold,C0296,01-08-2025,420345.63,330.3565152
50216,5,08-01-2025,Office,28,1247.24,"$365,998.75",Sold,C0244,01-08-2025,365998.75,293.4469308
50231,5,08-01-2025,Apartment,31,1008.52,"$314,487.78",Available,,01-08-2025,314487.78,311.83098
50296,5,08-01-2025,Apartment,39,591.14,"$180,885.12",Available,,01-08-2025,180885.12,305.9937071
50318,5,08-01-2025,Apartment,41,630.83,"$198,203.74",Sold,C0185,01-08-2025,198203.74,314.1951714
50324,5,08-01-2025,Apartment,42,791.2,"$256,025.28",Sold,C0985,01-08-2025,256025.28,323.5911021
50325,5,08-01-2025,Apartment,42,791.2,"$257,129.67",Available,,01-08-2025,257129.67,324.9869439
50344,5,08-01-2025,Apartment,44,806.03,"$199,834.13",Available,,01-08-2025,199834.13,247.9239358
50383,5,08-01-2025,Office,46,1272.95,"$452,275.63",Sold,C1938,01-08-2025,452275.63,355.2972466
50385,5,08-01-2025,Apartment,46,1272.95,"$304,264.54",Sold,C0815,01-08-2025,304264.54,239.0231667
50400,5,08-01-2025,Apartment,47,1241.14,"$294,124.85",Sold,C0953,01-08-2025,294124.85,236.9795913
60014,6,08-01-2025,Office,1,1720.95,"$519,970.36",Sold,C0672,01-08-2025,519970.36,302.1414684
60032,6,08-01-2025,Apartment,3,605.21,"$165,472.93",Available,,01-08-2025,165472.93,273.4140711
60038,6,08-01-2025,Office,4,1925.28,"$662,126.19",Sold,C1167,01-08-2025,662126.19,343.9116336
60089,6,08-01-2025,Apartment,7,1075.42,"$324,499.23",Sold,C0703,01-08-2025,324499.23,301.741859
60101,6,08-01-2025,Office,8,986.97,"$312,769.84",Sold,C0423,01-08-2025,312769.84,316.8990344
60102,6,08-01-2025,Apartment,8,986.97,"$270,860.88",Sold,C1005,01-08-2025,270860.88,274.4367914
60124,6,08-01-2025,Apartment,10,942.08,"$327,848.52",Available,,01-08-2025,327848.52,348.0049677
60137,6,08-01-2025,Office,11,1719.85,"$586,709.71",Available,,01-08-2025,586709.71,341.1400471
60163,6,08-01-2025,Apartment,14,1890,"$495,847.14",Sold,C0345,01-08-2025,495847.14,262.3529841
60179,6,08-01-2025,Apartment,16,1687.92,"$490,784.82",Sold,C1139,01-08-2025,490784.82,290.7630812
60221,6,08-01-2025,Apartment,20,1897.17,"$565,905.82",Sold,C1499,01-08-2025,565905.82,298.2894627
60248,6,08-01-2025,Apartment,25,1086.43,"$307,679.73",Sold,C1376,01-08-2025,307679.73,283.2025349
60289,6,08-01-2025,Office,32,793.11,"$268,744.96",Sold,C0980,01-08-2025,268744.96,338.8495417
60292,6,08-01-2025,Apartment,33,1131,"$345,419.11",Sold,C0755,01-08-2025,345419.11,305.4103537
60330,6,08-01-2025,Apartment,37,1721.96,"$519,549.30",Available,,01-08-2025,519549.3,301.7197264
60334,6,08-01-2025,Apartment,37,1721.96,"$533,120.65",Sold,C0049,01-08-2025,533120.65,309.6010651
60337,6,08-01-2025,Apartment,37,1721.96,"$491,267.17",Sold,C1584,01-08-2025,491267.17,285.2953437
60344,6,08-01-2025,Apartment,38,698.21,"$194,006.16",Sold,C1553,01-08-2025,194006.16,277.8621905
60349,6,08-01-2025,Apartment,39,744.54,"$171,012.46",Sold,C1625,01-08-2025,171012.46,229.6887474
60367,6,08-01-2025,Apartment,41,940.72,"$278,346.08",Available,,01-08-2025,278346.08,295.8862148
60392,6,08-01-2025,Office,46,1870.54,"$666,036.60",Available,,01-08-2025,666036.6,356.0664835
60420,6,08-01-2025,Office,51,1476.63,"$522,271.82",Sold,C1003,01-08-2025,522271.82,353.6917305
70002,7,08-01-2025,Apartment,1,759.04,"$234,980.38",Available,,01-08-2025,234980.38,309.5757536
70016,7,08-01-2025,Apartment,3,888.5,"$222,286.33",Sold,C1008,01-08-2025,222286.33,250.1815757
70188,7,08-01-2025,Apartment,21,1528.62,"$482,573.13",Sold,C1487,01-08-2025,482573.13,315.6920163
70209,7,08-01-2025,Apartment,23,1222.69,"$301,780.43",Available,,01-08-2025,301780.43,246.8167974
70274,7,08-01-2025,Apartment,31,839.7,"$224,848.12",Available,,01-08-2025,224848.12,267.7719662
70287,7,08-01-2025,Apartment,35,613.21,"$177,007.87",Available,,01-08-2025,177007.87,288.6578334
70302,7,08-01-2025,Apartment,36,1748.75,"$562,599.61",Sold,C0731,01-08-2025,562599.61,321.7152881
70319,7,08-01-2025,Apartment,38,1755.26,"$427,360.08",Sold,C0035,01-08-2025,427360.08,243.4739469
70428,7,08-01-2025,Office,50,502.02,"$176,868.98",Sold,C1517,01-08-2025,176868.98,352.314609
70488,7,08-01-2025,Apartment,57,1347.67,"$411,172.03",Sold,C1808,01-08-2025,411172.03,305.0984514
80004,8,08-01-2025,Office,1,1109.29,"$352,321.29",Sold,C0167,01-08-2025,352321.29,317.6097233
80036,8,08-01-2025,Apartment,4,1934.75,"$650,190.52",Sold,C1495,01-08-2025,650190.52,336.0591911
80060,8,08-01-2025,Apartment,6,1370.17,"$377,502.89",Sold,C0726,01-08-2025,377502.89,275.5153667
80088,8,08-01-2025,Apartment,9,1869.81,"$606,634.75",Sold,C0004,01-08-2025,606634.75,324.4365738
80098,8,08-01-2025,Apartment,12,1430.46,"$428,385.38",Sold,C0521,01-08-2025,428385.38,299.4738616
80125,8,08-01-2025,Apartment,14,685.93,"$226,667.28",Sold,C0316,01-08-2025,226667.28,330.4524952
80141,8,08-01-2025,Apartment,17,1109.27,"$357,308.53",Sold,C1836,01-08-2025,357308.53,322.1114156
80166,8,08-01-2025,Apartment,21,1501.64,"$488,338.32",Available,,01-08-2025,488338.32,325.2033244
80219,8,08-01-2025,Apartment,29,1848.51,"$542,053.98",Sold,C0881,01-08-2025,542053.98,293.2383271
80294,8,08-01-2025,Apartment,34,1684.75,"$495,102.93",Sold,C1202,01-08-2025,495102.93,293.8732334
80297,8,08-01-2025,Apartment,34,1684.75,"$472,720.62",Sold,C1234,01-08-2025,472720.62,280.5879923
80300,8,08-01-2025,Office,34,1684.75,"$494,645.93",Available,,01-08-2025,494645.93,293.6019766
80326,8,08-01-2025,Apartment,37,890.65,"$277,936.36",Sold,C0492,01-08-2025,277936.36,312.0601359
80343,8,08-01-2025,Apartment,39,1290.89,"$388,539.05",Sold,C0924,01-08-2025,388539.05,300.9854054
80437,8,08-01-2025,Apartment,50,913.15,"$273,978.28",Sold,C1592,01-08-2025,273978.28,300.0364453
80467,8,08-01-2025,Apartment,55,1300.05,"$396,074.48",Sold,C0178,01-08-2025,396074.48,304.6609592
90001,9,08-01-2025,Apartment,1,832.35,"$292,166.93",Available,,01-08-2025,292166.93,351.0145131
90005,9,08-01-2025,Apartment,1,832.35,"$239,359.44",Sold,C0285,01-08-2025,239359.44,287.5706614
90008,9,08-01-2025,Apartment,1,832.35,"$267,376.53",Sold,C1471,01-08-2025,267376.53,321.2308884
90031,9,08-01-2025,Apartment,7,697.68,"$200,892.73",Available,,01-08-2025,200892.73,287.9439428
90033,9,08-01-2025,Apartment,7,697.68,"$209,895.78",Sold,C1961,01-08-2025,209895.78,300.8482112
90035,9,08-01-2025,Apartment,7,697.68,"$234,440.69",Sold,C0432,01-08-2025,234440.69,336.0289674
90048,9,08-01-2025,Apartment,8,1315.55,"$426,150.16",Available,,01-08-2025,426150.16,323.9330774
90146,9,08-01-2025,Apartment,22,1115.88,"$367,987.52",Sold,C0216,01-08-2025,367987.52,329.7733807
90154,9,08-01-2025,Apartment,24,914.61,"$333,845.60",Sold,C1073,01-08-2025,333845.6,365.014159
90206,9,08-01-2025,Apartment,30,1250.17,"$380,898.54",Sold,C0517,01-08-2025,380898.54,304.6773959
90261,9,08-01-2025,Apartment,34,1577.36,"$440,833.65",Sold,C0199,01-08-2025,440833.65,279.4756111
90267,9,08-01-2025,Apartment,35,1376.88,"$429,975.23",Sold,C0880,01-08-2025,429975.23,312.2822831
90277,9,08-01-2025,Apartment,35,1376.88,"$440,971.56",Sold,C1681,01-08-2025,440971.56,320.2686944
90304,9,08-01-2025,Apartment,38,1260.31,"$371,180.76",Available,,01-08-2025,371180.76,294.5154446
90305,9,08-01-2025,Apartment,38,1260.31,"$367,461.52",Available,,01-08-2025,367461.52,291.5643929
90351,9,08-01-2025,Apartment,41,1488.32,"$354,183.19",Available,,01-08-2025,354183.19,237.9751599
90401,9,08-01-2025,Apartment,48,1264.94,"$406,345.88",Sold,C0014,01-08-2025,406345.88,321.2372761
90420,9,08-01-2025,Apartment,53,599.72,"$173,669.46",Sold,C0467,01-08-2025,173669.46,289.5842393
90429,9,08-01-2025,Apartment,54,1693.18,"$540,205.30",Sold,C1418,01-08-2025,540205.3,319.0477681
90505,9,08-01-2025,Apartment,58,838.34,"$264,552.04",Available,,01-08-2025,264552.04,315.5665243
100022,10,08-01-2025,Apartment,4,1765.37,"$619,177.19",Sold,C0620,01-08-2025,619177.19,350.735081
100031,10,08-01-2025,Apartment,4,1765.37,"$574,122.16",Sold,C0408,01-08-2025,574122.16,325.213502
100049,10,08-01-2025,Office,5,1741.96,"$704,058.44",Sold,C0386,01-08-2025,704058.44,404.1760086
100071,10,08-01-2025,Apartment,9,1849.4,"$660,723.30",Sold,C1311,01-08-2025,660723.3,357.263599
100090,10,08-01-2025,Office,11,1675.44,"$462,989.76",Sold,C0882,01-08-2025,462989.76,276.3392064
100157,10,08-01-2025,Apartment,20,1264.43,"$389,694.82",Sold,C0270,01-08-2025,389694.82,308.1980181
100165,10,08-01-2025,Apartment,21,1251.45,"$291,083.40",Sold,C1085,01-08-2025,291083.4,232.5969076
100256,10,08-01-2025,Apartment,30,1559.4,"$462,179.03",Sold,C0323,01-08-2025,462179.03,296.3826023
100264,10,08-01-2025,Apartment,31,1499,"$500,985.77",Sold,C1315,01-08-2025,500985.77,334.2133222
100280,10,08-01-2025,Office,33,1010.7,"$349,143.67",Sold,C1380,01-08-2025,349143.67,345.447383
100288,10,08-01-2025,Apartment,34,1435.44,"$415,026.87",Available,,01-08-2025,415026.87,289.1286783
100328,10,08-01-2025,Apartment,39,1188.51,"$380,782.35",Sold,C0931,01-08-2025,380782.35,320.3863241
100373,10,08-01-2025,Apartment,43,1093.67,"$364,059.52",Sold,C0263,01-08-2025,364059.52,332.878766
100381,10,08-01-2025,Apartment,44,1224.71,"$361,389.54",Sold,C0213,01-08-2025,361389.54,295.0817255
100402,10,08-01-2025,Apartment,47,1047.27,"$293,129.02",Sold,C1213,01-08-2025,293129.02,279.8982306
100407,10,08-01-2025,Apartment,48,1421.82,"$385,864.39",Sold,C1444,01-08-2025,385864.39,271.387651
100419,10,08-01-2025,Apartment,50,1138.32,"$360,288.63",Sold,C1716,01-08-2025,360288.63,316.5090923
110014,11,08-01-2025,Office,2,938,"$280,215.32",Available,,01-08-2025,280215.32,298.7370149
110020,11,08-01-2025,Office,3,1479.84,"$385,425.29",Sold,C1730,01-08-2025,385425.29,260.4506501
110037,11,08-01-2025,Apartment,4,1414.25,"$422,353.15",Sold,C1441,01-08-2025,422353.15,298.6410818
110159,11,08-01-2025,Apartment,16,1829.02,"$617,917.92",Available,,01-08-2025,617917.92,337.8409859
110176,11,08-01-2025,Apartment,19,1083.98,"$364,813.91",Available,,01-08-2025,364813.91,336.5504068
110251,11,08-01-2025,Apartment,30,642.72,"$216,852.53",Sold,C0671,01-08-2025,216852.53,337.398136
110270,11,08-01-2025,Apartment,32,1285.87,"$381,642.32",Sold,C0287,01-08-2025,381642.32,296.7969701
110367,11,08-01-2025,Apartment,43,810.65,"$231,665.39",Available,,01-08-2025,231665.39,285.7773268
110419,11,08-01-2025,Apartment,49,1095.85,"$322,523.39",Sold,C0597,01-08-2025,322523.39,294.3134462
110458,11,08-01-2025,Apartment,53,1069.19,"$334,574.59",Available,,01-08-2025,334574.59,312.9234187
110460,11,08-01-2025,Apartment,53,1069.19,"$335,095.00",Sold,C0286,01-08-2025,335095,313.4101516
110483,11,08-01-2025,Apartment,57,1008.58,"$287,414.43",Available,,01-08-2025,287414.43,284.9693926
120021,12,08-01-2025,Apartment,2,1285.87,"$343,389.83",Sold,C1993,01-08-2025,343389.83,267.0486363
120028,12,08-01-2025,Office,3,1469.27,"$549,840.47",Sold,C0129,01-08-2025,549840.47,374.2269767
120130,12,08-01-2025,Apartment,15,1456.98,"$363,553.58",Sold,C0049,01-08-2025,363553.58,249.525443
120193,12,08-01-2025,Apartment,22,892.67,"$302,473.56",Available,,01-08-2025,302473.56,338.8414084
120199,12,08-01-2025,Apartment,22,892.67,"$286,734.23",Available,,01-08-2025,286734.23,321.2096631
120203,12,08-01-2025,Apartment,23,1094.46,"$302,296.14",Sold,C1265,01-08-2025,302296.14,276.2057453
120209,12,08-01-2025,Apartment,23,1094.46,"$329,829.37",Sold,C1098,01-08-2025,329829.37,301.3626537
120232,12,08-01-2025,Apartment,24,1306.75,"$393,046.65",Sold,C1132,01-08-2025,393046.65,300.7818251
120233,12,08-01-2025,Apartment,24,1306.75,"$389,151.65",Sold,C0456,01-08-2025,389151.65,297.8011479
120254,12,08-01-2025,Apartment,27,871.52,"$301,543.09",Sold,C0230,01-08-2025,301543.09,345.9967528
120311,12,08-01-2025,Apartment,34,1817.64,"$446,332.10",Sold,C0844,01-08-2025,446332.1,245.5558306
120316,12,08-01-2025,Apartment,34,1817.64,"$542,250.95",Sold,C1616,01-08-2025,542250.95,298.3269239
120367,12,08-01-2025,Apartment,38,1157.23,"$335,887.04",Available,,01-08-2025,335887.04,290.2508922
120368,12,08-01-2025,Apartment,38,1157.23,"$371,637.67",Sold,C1917,01-08-2025,371637.67,321.1441719
120381,12,08-01-2025,Apartment,41,938.23,"$289,808.82",Sold,C0083,01-08-2025,289808.82,308.8888865
120408,12,08-01-2025,Apartment,47,1528.05,"$450,231.11",Sold,C0344,01-08-2025,450231.11,294.6442263
130030,13,08-01-2025,Office,2,1651.02,"$507,988.85",Available,,01-08-2025,507988.85,307.681827
130059,13,08-01-2025,Apartment,5,441.3,"$122,930.75",Sold,C0077,01-08-2025,122930.75,278.5650351
130128,13,08-01-2025,Apartment,15,458.29,"$145,782.57",Sold,C1103,01-08-2025,145782.57,318.1011368
130138,13,08-01-2025,Apartment,16,1772.88,"$390,033.60",Sold,C0609,01-08-2025,390033.6,220
130220,13,08-01-2025,Apartment,25,633.86,"$177,168.94",Sold,C0923,01-08-2025,177168.94,279.5079986
130227,13,08-01-2025,Apartment,26,1867.78,"$595,268.86",Sold,C1408,01-08-2025,595268.86,318.703948
130244,13,08-01-2025,Apartment,28,1173.72,"$400,382.01",Sold,C0906,01-08-2025,400382.01,341.1222523
130281,13,08-01-2025,Office,32,1114.07,"$327,322.30",Sold,C0853,01-08-2025,327322.3,293.8076602
130297,13,08-01-2025,Apartment,33,1445.84,"$398,499.79",Sold,C1292,01-08-2025,398499.79,275.6181804
130310,13,08-01-2025,Apartment,34,1557,"$426,946.49",Sold,C0267,01-08-2025,426946.49,274.2109762
130319,13,08-01-2025,Apartment,35,1867.34,"$555,241.82",Sold,C1841,01-08-2025,555241.82,297.3437189
130344,13,08-01-2025,Apartment,38,656.42,"$207,388.64",Sold,C0074,01-08-2025,207388.64,315.9389415
130377,13,08-01-2025,Apartment,42,1044.42,"$336,118.31",Sold,C1929,01-08-2025,336118.31,321.8229352
130398,13,08-01-2025,Apartment,45,986.91,"$328,260.40",Available,,01-08-2025,328260.4,332.6143215
130471,13,08-01-2025,Apartment,53,968.77,"$285,014.58",Sold,C0311,01-08-2025,285014.58,294.2025249
130484,13,08-01-2025,Apartment,56,606.9,"$133,518.00",Sold,C0090,01-08-2025,133518,220
130506,13,08-01-2025,Office,59,1434.04,"$388,770.41",Sold,C0502,01-08-2025,388770.41,271.1015104
130526,13,08-01-2025,Apartment,60,1401.81,"$516,863.32",Sold,C1232,01-08-2025,516863.32,368.7113946
130528,13,08-01-2025,Apartment,60,1401.81,"$448,470.16",Available,,01-08-2025,448470.16,319.9222149
130535,13,08-01-2025,Apartment,61,1333.63,"$386,702.48",Sold,C0791,01-08-2025,386702.48,289.9623434
130568,13,08-01-2025,Apartment,67,524.97,"$174,346.40",Sold,C0887,01-08-2025,174346.4,332.1073585
130576,13,08-01-2025,Apartment,67,524.97,"$156,428.32",Available,,01-08-2025,156428.32,297.9757319
130601,13,08-01-2025,Office,70,750.41,"$234,899.31",Available,,01-08-2025,234899.31,313.027958
140004,14,08-01-2025,Office,2,922.7,"$284,889.27",Available,,01-08-2025,284889.27,308.7561179
140050,14,08-01-2025,Apartment,8,618.89,"$182,738.17",Sold,C1850,01-08-2025,182738.17,295.2676081
140087,14,08-01-2025,Apartment,11,1431.42,"$551,610.52",Sold,C0492,01-08-2025,551610.52,385.3589582
140114,14,08-01-2025,Apartment,12,459.44,"$137,109.06",Sold,C0110,01-08-2025,137109.06,298.4264757
140119,14,08-01-2025,Apartment,13,442.74,"$159,112.85",Sold,C1407,01-08-2025,159112.85,359.382143
140140,14,08-01-2025,Office,15,784.04,"$228,159.59",Sold,C0191,01-08-2025,228159.59,291.005038
140196,14,08-01-2025,Office,22,1148.66,"$333,341.20",Sold,C0998,01-08-2025,333341.2,290.2000592
140202,14,08-01-2025,Office,22,1148.66,"$359,175.12",Available,,01-08-2025,359175.12,312.6905438
140206,14,08-01-2025,Apartment,22,1148.66,"$312,372.65",Sold,C1371,01-08-2025,312372.65,271.9452667
140208,14,08-01-2025,Apartment,22,1148.66,"$350,042.48",Sold,C1834,01-08-2025,350042.48,304.7398534
140217,14,08-01-2025,Apartment,23,1610.37,"$530,764.64",Sold,C1566,01-08-2025,530764.64,329.5917336
140253,14,08-01-2025,Apartment,29,1618.34,"$538,714.61",Available,,01-08-2025,538714.61,332.880983
140256,14,08-01-2025,Apartment,29,1618.34,"$533,570.63",Sold,C1683,01-08-2025,533570.63,329.7024297
140303,14,08-01-2025,Apartment,35,1152.84,"$356,376.59",Sold,C1781,01-08-2025,356376.59,309.1292721
140333,14,08-01-2025,Apartment,40,532.44,"$175,169.52",Sold,C0153,01-08-2025,175169.52,328.9939148
140402,14,08-01-2025,Apartment,48,1941.78,"$565,653.37",Sold,C0298,01-08-2025,565653.37,291.3066207
140425,14,08-01-2025,Office,51,1346.3,"$413,335.13",Sold,C0948,01-08-2025,413335.13,307.0156206
140436,14,08-01-2025,Apartment,51,1346.3,"$387,962.94",Available,,01-08-2025,387962.94,288.1697541
140438,14,08-01-2025,Apartment,51,1346.3,"$369,050.25",Sold,C1945,01-08-2025,369050.25,274.1218525
150015,15,08-01-2025,Office,2,1522.89,"$504,070.70",Sold,C0180,01-08-2025,504070.7,330.9961324
150018,15,08-01-2025,Apartment,2,1522.89,"$412,253.02",Available,,01-08-2025,412253.02,270.7043976
150152,15,08-01-2025,Apartment,20,1662.01,"$505,470.60",Sold,C0020,01-08-2025,505470.6,304.1321051
150161,15,08-01-2025,Apartment,21,1271.25,"$347,956.45",Available,,01-08-2025,347956.45,273.7120551
150176,15,08-01-2025,Apartment,23,1279.23,"$430,250.98",Sold,C1788,01-08-2025,430250.98,336.3359052
150188,15,08-01-2025,Apartment,23,1279.23,"$360,894.66",Sold,C1418,01-08-2025,360894.66,282.1186651
150207,15,08-01-2025,Apartment,24,924.36,"$243,788.12",Sold,C1043,01-08-2025,243788.12,263.737202
150217,15,08-01-2025,Apartment,25,607.01,"$166,028.66",Available,,01-08-2025,166028.66,273.5188218
150287,15,08-01-2025,Apartment,35,745.49,"$195,720.27",Available,,01-08-2025,195720.27,262.5390951
150309,15,08-01-2025,Apartment,35,745.49,"$233,979.83",Available,,01-08-2025,233979.83,313.8604542
150317,15,08-01-2025,Apartment,36,1424.81,"$381,257.52",Sold,C0449,01-08-2025,381257.52,267.5848148
150346,15,08-01-2025,Apartment,40,982.37,"$296,414.35",Sold,C0170,01-08-2025,296414.35,301.733919
150395,15,08-01-2025,Apartment,50,1841.5,"$517,724.81",Sold,C0737,01-08-2025,517724.81,281.1429867
150399,15,08-01-2025,Apartment,50,1841.5,"$519,209.27",Sold,C0824,01-08-2025,519209.27,281.9491013
150412,15,08-01-2025,Office,52,829.2,"$248,737.71",Sold,C1701,01-08-2025,248737.71,299.9731187
150433,15,08-01-2025,Apartment,54,1495.13,"$457,107.06",Available,,01-08-2025,457107.06,305.7306455
150460,15,08-01-2025,Apartment,56,939.93,"$279,312.27",Sold,C0042,01-08-2025,279312.27,297.1628419
150473,15,08-01-2025,Office,57,429.34,"$128,430.27",Sold,C1184,01-08-2025,128430.27,299.1341827
160003,16,08-01-2025,Apartment,1,637.07,"$216,362.33",Sold,C0639,01-08-2025,216362.33,339.6209679
160016,16,08-01-2025,Apartment,3,466.91,"$135,169.08",Available,,01-08-2025,135169.08,289.4970765
160022,16,08-01-2025,Apartment,4,1561.55,"$491,066.86",Sold,C0196,01-08-2025,491066.86,314.4739906
160033,16,08-01-2025,Office,5,749.15,"$199,582.69",Sold,C1895,01-08-2025,199582.69,266.4121871
160035,16,08-01-2025,Apartment,5,749.15,"$199,912.89",Sold,C0359,01-08-2025,199912.89,266.8529533
160057,16,08-01-2025,Apartment,7,941.57,"$299,250.24",Sold,C1450,01-08-2025,299250.24,317.8204913
160166,16,08-01-2025,Apartment,21,837.95,"$237,154.66",Sold,C0553,01-08-2025,237154.66,283.0176741
160201,16,08-01-2025,Office,25,853.37,"$230,136.01",Sold,C1055,01-08-2025,230136.01,269.6790489
160234,16,08-01-2025,Apartment,28,1440.71,"$421,867.31",Sold,C1378,01-08-2025,421867.31,292.8190337
160281,16,08-01-2025,Apartment,33,881.17,"$321,750.41",Sold,C0594,01-08-2025,321750.41,365.1399957
160311,16,08-01-2025,Office,36,810.94,"$294,382.11",Available,,01-08-2025,294382.11,363.0134289
160331,16,08-01-2025,Office,39,1562.93,"$540,440.51",Sold,C0244,01-08-2025,540440.51,345.7867659
160344,16,08-01-2025,Apartment,41,1001.72,"$329,442.10",Sold,C1106,01-08-2025,329442.1,328.8764325
160362,16,08-01-2025,Office,42,1496.62,"$393,962.39",Sold,C0555,01-08-2025,393962.39,263.234749
170012,17,08-01-2025,Apartment,1,530.28,"$164,681.66",Sold,C0185,01-08-2025,164681.66,310.5560459
170014,17,08-01-2025,Apartment,1,530.28,"$164,903.93",Sold,C0126,01-08-2025,164903.93,310.9752018
170060,17,08-01-2025,Apartment,8,1297.3,"$347,713.31",Available,,01-08-2025,347713.31,268.0284514
170097,17,08-01-2025,Apartment,11,596.22,"$170,444.19",Sold,C0953,01-08-2025,170444.19,285.8746604
170098,17,08-01-2025,Apartment,11,596.22,"$170,363.30",Available,,01-08-2025,170363.3,285.738989
170147,17,08-01-2025,Office,16,1693,"$468,036.24",Sold,C0192,01-08-2025,468036.24,276.4537744
170163,17,08-01-2025,Office,17,1827.25,"$734,390.86",Sold,C0477,01-08-2025,734390.86,401.9104447
170242,17,08-01-2025,Office,27,677.24,"$188,332.34",Available,,01-08-2025,188332.34,278.0880338
170252,17,08-01-2025,Apartment,28,1201.04,"$344,995.54",Sold,C0423,01-08-2025,344995.54,287.2473356
170267,17,08-01-2025,Apartment,32,954.54,"$316,446.78",Available,,01-08-2025,316446.78,331.5175687
170385,17,08-01-2025,Apartment,48,1833.96,"$578,696.13",Sold,C0291,01-08-2025,578696.13,315.5445757
180008,18,08-01-2025,Apartment,1,1379.64,"$370,207.67",Sold,C1785,01-08-2025,370207.67,268.3364283
180112,18,08-01-2025,Apartment,15,1728.6,"$494,231.73",Sold,C1465,01-08-2025,494231.73,285.9144568
180137,18,08-01-2025,Apartment,18,1127.95,"$351,114.27",Sold,C1078,01-08-2025,351114.27,311.2853141
180169,18,08-01-2025,Apartment,22,1108.09,"$365,667.40",Sold,C0396,01-08-2025,365667.4,329.9979244
180184,18,08-01-2025,Apartment,24,1417.31,"$390,892.15",Sold,C1816,01-08-2025,390892.15,275.7986256
180247,18,08-01-2025,Apartment,30,1795.66,"$556,439.70",Sold,C0765,01-08-2025,556439.7,309.8803226
180269,18,08-01-2025,Apartment,31,945.46,"$252,357.45",Sold,C1913,01-08-2025,252357.45,266.9149938
180315,18,08-01-2025,Apartment,36,1089.77,"$333,304.61",Sold,C1391,01-08-2025,333304.61,305.8485827
180327,18,08-01-2025,Apartment,38,1219.8,"$356,066.44",Sold,C1931,01-08-2025,356066.44,291.9055911
180345,18,08-01-2025,Apartment,39,662.88,"$185,282.56",Sold,C1479,01-08-2025,185282.56,279.5114651
180417,18,08-01-2025,Apartment,47,520.85,"$160,996.66",Sold,C1653,01-08-2025,160996.66,309.1036959
180458,18,08-01-2025,Apartment,52,1424.54,"$424,694.05",Available,,01-08-2025,424694.05,298.1271498
180467,18,08-01-2025,Apartment,53,1806.7,"$557,253.35",Sold,C1635,01-08-2025,557253.35,308.4371229
190005,19,08-01-2025,Office,2,1550.33,"$573,983.92",Sold,C1605,01-08-2025,573983.92,370.2333826
190010,19,08-01-2025,Apartment,3,1468.68,"$371,548.46",Sold,C1603,01-08-2025,371548.46,252.9812212
190061,19,08-01-2025,Apartment,9,695.8,"$189,974.77",Sold,C1832,01-08-2025,189974.77,273.0307128
190140,19,08-01-2025,Apartment,19,1697.73,"$488,398.67",Sold,C0360,01-08-2025,488398.67,287.6774693
190208,19,08-01-2025,Office,25,996.38,"$281,211.11",Sold,C0108,01-08-2025,281211.11,282.2327927
190223,19,08-01-2025,Apartment,26,668.24,"$206,760.76",Sold,C1370,01-08-2025,206760.76,309.4109302
190225,19,08-01-2025,Apartment,26,668.24,"$206,090.56",Sold,C1697,01-08-2025,206090.56,308.4079971
190244,19,08-01-2025,Apartment,29,1657.84,"$463,761.47",Sold,C1339,01-08-2025,463761.47,279.7383764
190261,19,08-01-2025,Office,30,673.27,"$216,191.56",Sold,C0533,01-08-2025,216191.56,321.1067774
190296,19,08-01-2025,Apartment,35,1099.62,"$307,764.22",Sold,C1555,01-08-2025,307764.22,279.8823412
190317,19,08-01-2025,Apartment,38,1106.86,"$311,159.57",Sold,C1050,01-08-2025,311159.57,281.119175
190416,19,08-01-2025,Apartment,47,1126.37,"$364,901.73",Available,,01-08-2025,364901.73,323.9625789
190421,19,08-01-2025,Office,49,1004.26,"$275,910.01",Sold,C0179,01-08-2025,275910.01,274.7396192
200017,20,08-01-2025,Apartment,1,1898.39,"$583,901.51",Available,,01-08-2025,583901.51,307.5772154
200024,20,08-01-2025,Apartment,2,1669.84,"$487,772.33",Sold,C0110,01-08-2025,487772.33,292.1072258
200057,20,08-01-2025,Apartment,6,1401,"$450,265.88",Sold,C1691,01-08-2025,450265.88,321.3889222
200161,20,08-01-2025,Office,18,1868.01,"$728,976.07",Sold,C0771,01-08-2025,728976.07,390.2420597
200197,20,08-01-2025,Apartment,24,1188.07,"$388,613.06",Sold,C1980,01-08-2025,388613.06,327.096097
200220,20,08-01-2025,Office,27,993.62,"$354,812.31",Sold,C0239,01-08-2025,354812.31,357.0905477
200252,20,08-01-2025,Apartment,30,1703.94,"$521,629.37",Available,,01-08-2025,521629.37,306.1313016
200256,20,08-01-2025,Apartment,30,1703.94,"$616,263.98",Available,,01-08-2025,616263.98,361.6700001
200276,20,08-01-2025,Apartment,31,1414.44,"$426,764.59",Available,,01-08-2025,426764.59,301.7198255
200285,20,08-01-2025,Apartment,32,1630.81,"$473,195.39",Sold,C0011,01-08-2025,473195.39,290.1597304
200287,20,08-01-2025,Apartment,32,1630.81,"$443,461.13",Sold,C0987,01-08-2025,443461.13,271.9269136
200293,20,08-01-2025,Apartment,32,1630.81,"$462,252.41",Sold,C0937,01-08-2025,462252.41,283.4495803
200313,20,08-01-2025,Apartment,34,858.93,"$257,252.42",Sold,C0006,01-08-2025,257252.42,299.5033588
200318,20,08-01-2025,Apartment,34,858.93,"$216,920.25",Available,,01-08-2025,216920.25,252.5470644
200322,20,08-01-2025,Apartment,36,1484.99,"$456,715.62",Available,,01-08-2025,456715.62,307.5546771
200326,20,08-01-2025,Apartment,36,1484.99,"$528,385.57",Sold,C0197,01-08-2025,528385.57,355.8175947
200327,20,08-01-2025,Apartment,36,1484.99,"$446,810.74",Sold,C0466,01-08-2025,446810.74,300.8846794
200361,20,08-01-2025,Apartment,39,1106.36,"$341,599.16",Sold,C0773,01-08-2025,341599.16,308.7594996
200440,20,08-01-2025,Apartment,49,880.76,"$298,569.27",Available,,01-08-2025,298569.27,338.9904968
200469,20,08-01-2025,Apartment,53,1119.38,"$380,365.78",Sold,C1505,01-08-2025,380365.78,339.8004074
200470,20,08-01-2025,Office,53,1119.38,"$400,533.14",Available,,01-08-2025,400533.14,357.8169522
200487,20,08-01-2025,Apartment,56,1333.01,"$386,928.92",Sold,C0778,01-08-2025,386928.92,290.2670798
200490,20,08-01-2025,Apartment,57,445.15,"$138,157.57",Sold,C0326,01-08-2025,138157.57,310.3618331
1038,1,09-01-2025,Apartment,38,743.09,"$207,581.43",Sold,C0011,01-09-2025,207581.43,279.3489752
2017,2,09-01-2025,Apartment,17,747.5,"$199,054.20",Sold,C0045,01-09-2025,199054.2,266.2932441
2023,2,09-01-2025,Apartment,23,723.83,"$219,373.41",Sold,C0080,01-09-2025,219373.41,303.0731111
2045,2,09-01-2025,Apartment,45,1603.99,"$538,271.74",Available,,01-09-2025,538271.74,335.5829774
2047,2,09-01-2025,Apartment,47,649.8,"$214,631.68",Sold,C0010,01-09-2025,214631.68,330.3042167
3037,3,09-01-2025,Apartment,37,720.81,"$204,808.16",Sold,C0105,01-09-2025,204808.16,284.1361246
5011,5,09-01-2025,Apartment,11,798.5,"$230,943.38",Available,,01-09-2025,230943.38,289.2215153
5013,5,09-01-2025,Apartment,13,618.38,"$188,743.11",Sold,C0029,01-09-2025,188743.11,305.2218862
5017,5,09-01-2025,Apartment,17,798.28,"$273,165.58",Available,,01-09-2025,273165.58,342.1926893
5028,5,09-01-2025,Apartment,28,798.28,"$223,577.32",Sold,C0026,01-09-2025,223577.32,280.0738087
5036,5,09-01-2025,Apartment,36,1057.92,"$286,433.57",Sold,C0081,01-09-2025,286433.57,270.7516353
10022,1,09-01-2025,Office,3,788.73,"$220,227.16",Available,,01-09-2025,220227.16,279.2174255
10030,1,09-01-2025,Apartment,3,788.73,"$278,953.11",Available,,01-09-2025,278953.11,353.6737667
10079,1,09-01-2025,Office,10,1439.52,"$532,913.83",Sold,C1058,01-09-2025,532913.83,370.2024494
10110,1,09-01-2025,Office,14,1181.69,"$376,550.87",Sold,C0160,01-09-2025,376550.87,318.6545287
10228,1,09-01-2025,Office,26,828.98,"$287,610.63",Sold,C0707,01-09-2025,287610.63,346.9451977
10272,1,09-01-2025,Apartment,30,753.29,"$249,704.13",Sold,C1893,01-09-2025,249704.13,331.484727
10316,1,09-01-2025,Apartment,34,1469.14,"$425,898.83",Available,,01-09-2025,425898.83,289.8966947
10326,1,09-01-2025,Apartment,34,1469.14,"$461,784.12",Sold,C0413,01-09-2025,461784.12,314.3227466
10363,1,09-01-2025,Apartment,40,784.22,"$242,457.71",Available,,01-09-2025,242457.71,309.1705261
10365,1,09-01-2025,Apartment,40,784.22,"$205,607.66",Available,,01-09-2025,205607.66,262.1810971
10377,1,09-01-2025,Apartment,42,800.21,"$263,780.66",Available,,01-09-2025,263780.66,329.6392947
20049,2,09-01-2025,Office,5,933.95,"$360,598.52",Sold,C1906,01-09-2025,360598.52,386.1004551
20091,2,09-01-2025,Apartment,11,1625.05,"$494,131.44",Sold,C0367,01-09-2025,494131.44,304.0715301
20122,2,09-01-2025,Apartment,15,1603.33,"$523,765.32",Sold,C1263,01-09-2025,523765.32,326.6734359
20172,2,09-01-2025,Apartment,20,727.55,"$226,753.78",Sold,C0559,01-09-2025,226753.78,311.6676242
20226,2,09-01-2025,Apartment,25,943.48,"$255,615.79",Sold,C0452,01-09-2025,255615.79,270.9286789
20274,2,09-01-2025,Apartment,32,925.63,"$243,341.83",Sold,C0070,01-09-2025,243341.83,262.8931971
20427,2,09-01-2025,Apartment,49,1617.9,"$487,369.99",Available,,01-09-2025,487369.99,301.2361642
20443,2,09-01-2025,Apartment,51,699.31,"$208,699.33",Available,,01-09-2025,208699.33,298.4360727
20493,2,09-01-2025,Apartment,57,789.52,"$206,465.91",Sold,C0888,01-09-2025,206465.91,261.5081442
30013,3,09-01-2025,Apartment,1,689.75,"$179,465.84",Sold,C0392,01-09-2025,179465.84,260.1896919
30027,3,09-01-2025,Apartment,3,783.65,"$252,745.06",Sold,C1480,01-09-2025,252745.06,322.5228865
30038,3,09-01-2025,Apartment,4,719.96,"$212,345.96",Sold,C1466,01-09-2025,212345.96,294.9413301
30042,3,09-01-2025,Apartment,4,719.96,"$213,815.06",Sold,C0023,01-09-2025,213815.06,296.9818601
30076,3,09-01-2025,Apartment,7,744.01,"$249,430.34",Sold,C0764,01-09-2025,249430.34,335.2513273
30144,3,09-01-2025,Apartment,14,788.59,"$220,098.68",Available,,01-09-2025,220098.68,279.1040718
30309,3,09-01-2025,Apartment,38,1173.4,"$302,431.34",Sold,C0958,01-09-2025,302431.34,257.7393387
30343,3,09-01-2025,Apartment,41,965.5,"$231,119.17",Available,,01-09-2025,231119.17,239.3777007
30369,3,09-01-2025,Office,46,1599.81,"$485,150.67",Sold,C0767,01-09-2025,485150.67,303.2551803
30378,3,09-01-2025,Apartment,46,1599.81,"$561,232.25",Sold,C1096,01-09-2025,561232.25,350.8118152
30463,3,09-01-2025,Apartment,55,688.14,"$211,696.98",Sold,C0963,01-09-2025,211696.98,307.6364984
40028,4,09-01-2025,Apartment,3,1630.82,"$424,592.34",Available,,01-09-2025,424592.34,260.355122
40124,4,09-01-2025,Office,14,1322.66,"$482,940.68",Sold,C1879,01-09-2025,482940.68,365.1283625
40163,4,09-01-2025,Apartment,20,1609.62,"$413,239.73",Sold,C1678,01-09-2025,413239.73,256.7312347
40184,4,09-01-2025,Apartment,22,737.92,"$213,975.95",Sold,C0224,01-09-2025,213975.95,289.9717449
40246,4,09-01-2025,Office,29,776.79,"$221,054.54",Sold,C0187,01-09-2025,221054.54,284.5743895
40247,4,09-01-2025,Apartment,29,776.79,"$243,387.09",Sold,C1390,01-09-2025,243387.09,313.3241803
40282,4,09-01-2025,Apartment,33,734.73,"$217,580.04",Available,,01-09-2025,217580.04,296.13605
40289,4,09-01-2025,Apartment,33,734.73,"$232,019.84",Available,,01-09-2025,232019.84,315.7892559
40290,4,09-01-2025,Apartment,34,795.1,"$235,414.26",Sold,C1615,01-09-2025,235414.26,296.0813231
40315,4,09-01-2025,Apartment,38,800.08,"$242,361.50",Sold,C1943,01-09-2025,242361.5,302.9215828
40327,4,09-01-2025,Office,39,743.73,"$231,462.78",Available,,01-09-2025,231462.78,311.2188294
40369,4,09-01-2025,Apartment,44,799.67,"$272,403.71",Available,,01-09-2025,272403.71,340.6451536
40431,4,09-01-2025,Apartment,50,791.37,"$229,012.23",Sold,C0184,01-09-2025,229012.23,289.3870503
50024,5,09-01-2025,Apartment,5,821.43,"$236,976.12",Available,,01-09-2025,236976.12,288.4921661
50033,5,09-01-2025,Apartment,8,782.15,"$216,845.11",Available,,01-09-2025,216845.11,277.2423576
50049,5,09-01-2025,Apartment,8,782.15,"$223,045.28",Sold,C0869,01-09-2025,223045.28,285.1694432
50094,5,09-01-2025,Apartment,11,1058.56,"$298,413.06",Sold,C1348,01-09-2025,298413.06,281.9047196
50191,5,09-01-2025,Apartment,24,807.02,"$215,336.92",Available,,01-09-2025,215336.92,266.8297192
50207,5,09-01-2025,Apartment,27,1278.6,"$371,396.41",Sold,C0269,01-09-2025,371396.41,290.4711481
50225,5,09-01-2025,Apartment,30,794.93,"$230,930.79",Available,,01-09-2025,230930.79,290.5045601
50271,5,09-01-2025,Apartment,36,627.56,"$209,904.27",Sold,C0784,01-09-2025,209904.27,334.476815
50317,5,09-01-2025,Office,41,630.83,"$196,059.27",Sold,C0769,01-09-2025,196059.27,310.7957294
50326,5,09-01-2025,Apartment,42,791.2,"$241,447.03",Sold,C0920,01-09-2025,241447.03,305.1656092
50351,5,09-01-2025,Office,44,806.03,"$241,818.73",Sold,C0252,01-09-2025,241818.73,300.0120715
50365,5,09-01-2025,Apartment,44,806.03,"$245,566.63",Sold,C0722,01-09-2025,245566.63,304.6618984
50384,5,09-01-2025,Apartment,46,1272.95,"$398,094.90",Sold,C0955,01-09-2025,398094.9,312.7341215
50419,5,09-01-2025,Apartment,48,788.04,"$231,915.89",Sold,C1145,01-09-2025,231915.89,294.2945663
50450,5,09-01-2025,Apartment,52,1755.18,"$544,798.52",Available,,01-09-2025,544798.52,310.3946718
60068,6,09-01-2025,Apartment,6,951.22,"$286,118.59",Sold,C1936,01-09-2025,286118.59,300.791184
60069,6,09-01-2025,Apartment,6,951.22,"$363,203.22",Sold,C1436,01-09-2025,363203.22,381.8288303
60084,6,09-01-2025,Apartment,7,1075.42,"$296,209.13",Sold,C0921,01-09-2025,296209.13,275.4357646
60168,6,09-01-2025,Apartment,14,1890,"$605,691.78",Sold,C0196,01-09-2025,605691.78,320.4718413
60194,6,09-01-2025,Apartment,19,1542.71,"$440,465.95",Sold,C1125,01-09-2025,440465.95,285.5144194
60234,6,09-01-2025,Office,22,1656.54,"$570,834.48",Available,,01-09-2025,570834.48,344.5944438
60261,6,09-01-2025,Apartment,27,830.65,"$247,249.71",Available,,01-09-2025,247249.71,297.6581111
60279,6,09-01-2025,Apartment,30,552.59,"$146,337.68",Available,,01-09-2025,146337.68,264.8214409
60342,6,09-01-2025,Apartment,38,698.21,"$218,381.46",Sold,C0901,01-09-2025,218381.46,312.7733203
60437,6,09-01-2025,Apartment,51,1476.63,"$426,236.07",Sold,C1324,01-09-2025,426236.07,288.654619
60460,6,09-01-2025,Apartment,53,1170.96,"$343,958.66",Available,,01-09-2025,343958.66,293.7407426
60466,6,09-01-2025,Apartment,55,562.37,"$166,982.01",Sold,C1816,01-09-2025,166982.01,296.9255295
60471,6,09-01-2025,Apartment,55,562.37,"$168,397.84",Available,,01-09-2025,168397.84,299.4431424
70028,7,09-01-2025,Office,5,1144.09,"$355,112.08",Available,,01-09-2025,355112.08,310.3882387
70054,7,09-01-2025,Apartment,9,926.11,"$255,729.49",Sold,C0656,01-09-2025,255729.49,276.132954
70066,7,09-01-2025,Apartment,10,1495.37,"$420,829.52",Available,,01-09-2025,420829.52,281.4216682
70086,7,09-01-2025,Office,12,804.65,"$302,130.61",Sold,C0160,01-09-2025,302130.61,375.4807805
70130,7,09-01-2025,Apartment,15,602.92,"$183,586.48",Available,,01-09-2025,183586.48,304.4955881
70168,7,09-01-2025,Apartment,19,751.07,"$246,114.84",Available,,01-09-2025,246114.84,327.6856218
70204,7,09-01-2025,Apartment,23,1222.69,"$369,051.44",Sold,C1220,01-09-2025,369051.44,301.8356574
70213,7,09-01-2025,Apartment,24,852.99,"$229,590.00",Sold,C1966,01-09-2025,229590,269.1590757
70307,7,09-01-2025,Apartment,36,1748.75,"$493,983.79",Available,,01-09-2025,493983.79,282.4782216
70340,7,09-01-2025,Apartment,41,1093.92,"$324,550.90",Sold,C1665,01-09-2025,324550.9,296.6861379
70383,7,09-01-2025,Apartment,43,498.61,"$172,980.65",Sold,C1699,01-09-2025,172980.65,346.9257536
70391,7,09-01-2025,Apartment,44,1859.83,"$571,612.79",Sold,C0906,01-09-2025,571612.79,307.3467951
70499,7,09-01-2025,Apartment,58,1629.83,"$555,539.40",Sold,C1239,01-09-2025,555539.4,340.8572673
80012,8,09-01-2025,Apartment,2,1097.36,"$363,317.92",Sold,C0289,01-09-2025,363317.92,331.0836189
80024,8,09-01-2025,Apartment,3,1736.05,"$488,649.27",Sold,C0647,01-09-2025,488649.27,281.4718873
80027,8,09-01-2025,Office,4,1934.75,"$446,111.45",Available,,01-09-2025,446111.45,230.5783435
80034,8,09-01-2025,Apartment,4,1934.75,"$656,465.40",Sold,C0433,01-09-2025,656465.4,339.3024422
80035,8,09-01-2025,Apartment,4,1934.75,"$521,645.72",Sold,C1535,01-09-2025,521645.72,269.6191859
80054,8,09-01-2025,Apartment,5,887.23,"$232,394.64",Sold,C1831,01-09-2025,232394.64,261.9328021
80063,8,09-01-2025,Apartment,6,1370.17,"$469,840.05",Available,,01-09-2025,469840.05,342.9063912
80079,8,09-01-2025,Apartment,9,1869.81,"$500,403.51",Sold,C0828,01-09-2025,500403.51,267.6226515
80107,8,09-01-2025,Apartment,14,685.93,"$197,151.66",Sold,C0452,01-09-2025,197151.66,287.4224192
80135,8,09-01-2025,Apartment,16,424.09,"$140,340.38",Sold,C1232,01-09-2025,140340.38,330.9212196
80155,8,09-01-2025,Apartment,20,774.16,"$275,316.35",Available,,01-09-2025,275316.35,355.6323628
80185,8,09-01-2025,Apartment,26,1625.38,"$474,524.95",Sold,C1853,01-09-2025,474524.95,291.9470831
80199,8,09-01-2025,Apartment,28,1431.61,"$478,575.29",Sold,C0481,01-09-2025,478575.29,334.2916646
80244,8,09-01-2025,Apartment,31,1253.18,"$321,563.69",Available,,01-09-2025,321563.69,256.5981663
80251,8,09-01-2025,Apartment,31,1253.18,"$333,106.92",Available,,01-09-2025,333106.92,265.8093171
80323,8,09-01-2025,Office,37,890.65,"$284,007.79",Sold,C1034,01-09-2025,284007.79,318.8769887
80336,8,09-01-2025,Apartment,37,890.65,"$268,246.04",Sold,C0709,01-09-2025,268246.04,301.180082
80359,8,09-01-2025,Apartment,43,1490.59,"$435,769.25",Available,,01-09-2025,435769.25,292.3468224
80361,8,09-01-2025,Apartment,43,1490.59,"$401,888.63",Sold,C1209,01-09-2025,401888.63,269.6171516
80369,8,09-01-2025,Apartment,44,1862.29,"$575,087.19",Sold,C0566,01-09-2025,575087.19,308.8064641
80375,8,09-01-2025,Apartment,45,1185.72,"$378,736.96",Available,,01-09-2025,378736.96,319.4151739
80381,8,09-01-2025,Apartment,46,1175.51,"$344,735.03",Sold,C1448,01-09-2025,344735.03,293.2642257
80408,8,09-01-2025,Apartment,47,543.08,"$160,847.73",Sold,C1350,01-09-2025,160847.73,296.1768616
80454,8,09-01-2025,Apartment,53,1891.72,"$525,056.67",Available,,01-09-2025,525056.67,277.555172
80460,8,09-01-2025,Apartment,54,1699.02,"$405,434.95",Sold,C0653,01-09-2025,405434.95,238.6287095
90006,9,09-01-2025,Office,1,832.35,"$198,227.17",Available,,01-09-2025,198227.17,238.1536253
90036,9,09-01-2025,Apartment,7,697.68,"$224,080.17",Sold,C0164,01-09-2025,224080.17,321.1790076
90062,9,09-01-2025,Apartment,11,559.6,"$165,924.85",Available,,01-09-2025,165924.85,296.5061651
90083,9,09-01-2025,Apartment,12,952.38,"$326,073.50",Sold,C0761,01-09-2025,326073.5,342.3775174
90087,9,09-01-2025,Apartment,14,1445.3,"$390,369.60",Sold,C0387,01-09-2025,390369.6,270.095897
90117,9,09-01-2025,Apartment,18,860.97,"$224,360.63",Available,,01-09-2025,224360.63,260.5905316
90134,9,09-01-2025,Apartment,21,1261.65,"$394,654.70",Sold,C0937,01-09-2025,394654.7,312.8083858
90153,9,09-01-2025,Office,24,914.61,"$300,464.18",Sold,C1579,01-09-2025,300464.18,328.5161763
90269,9,09-01-2025,Apartment,35,1376.88,"$381,682.42",Available,,01-09-2025,381682.42,277.2081953
90282,9,09-01-2025,Apartment,35,1376.88,"$383,351.87",Sold,C1712,01-09-2025,383351.87,278.420683
90289,9,09-01-2025,Apartment,36,1582.79,"$494,203.69",Sold,C0451,01-09-2025,494203.69,312.2357925
90296,9,09-01-2025,Apartment,36,1582.79,"$408,331.77",Sold,C0103,01-09-2025,408331.77,257.9822781
90321,9,09-01-2025,Apartment,38,1260.31,"$370,756.27",Sold,C1937,01-09-2025,370756.27,294.1786307
90330,9,09-01-2025,Office,39,1839.34,"$601,818.29",Sold,C0778,01-09-2025,601818.29,327.1925201
90392,9,09-01-2025,Apartment,46,662.32,"$173,976.30",Sold,C0101,01-09-2025,173976.3,262.6771047
90412,9,09-01-2025,Apartment,53,599.72,"$176,684.39",Sold,C0968,01-09-2025,176684.39,294.6114687
90457,9,09-01-2025,Apartment,56,1516.4,"$407,901.41",Sold,C1191,01-09-2025,407901.41,268.9932801
90458,9,09-01-2025,Apartment,56,1516.4,"$497,579.57",Sold,C0699,01-09-2025,497579.57,328.1321353
90519,9,09-01-2025,Office,59,1697.13,"$501,931.04",Available,,01-09-2025,501931.04,295.7528533
100024,10,09-01-2025,Apartment,4,1765.37,"$584,091.39",Sold,C1879,01-09-2025,584091.39,330.8606071
100044,10,09-01-2025,Office,5,1741.96,"$606,790.94",Sold,C1225,01-09-2025,606790.94,348.3380445
100117,10,09-01-2025,Apartment,15,1948.32,"$624,932.71",Sold,C1569,01-09-2025,624932.71,320.7546553
100136,10,09-01-2025,Apartment,17,647.35,"$164,061.74",Available,,01-09-2025,164061.74,253.4359157
100229,10,09-01-2025,Apartment,28,1606.58,"$470,763.27",Sold,C1877,01-09-2025,470763.27,293.0219908
100238,10,09-01-2025,Apartment,28,1606.58,"$448,491.59",Sold,C0626,01-09-2025,448491.59,279.1592015
100243,10,09-01-2025,Apartment,30,1559.4,"$522,829.28",Sold,C0342,01-09-2025,522829.28,335.2759266
100306,10,09-01-2025,Apartment,36,1920.65,"$734,629.38",Sold,C1801,01-09-2025,734629.38,382.48998
100313,10,09-01-2025,Apartment,37,1177.85,"$377,522.43",Sold,C0552,01-09-2025,377522.43,320.5182578
100376,10,09-01-2025,Apartment,44,1224.71,"$318,066.48",Sold,C0741,01-09-2025,318066.48,259.7075879
110018,11,09-01-2025,Apartment,2,938,"$315,840.26",Sold,C1747,01-09-2025,315840.26,336.7166951
110026,11,09-01-2025,Apartment,3,1479.84,"$424,586.91",Sold,C0742,01-09-2025,424586.91,286.914065
110029,11,09-01-2025,Apartment,3,1479.84,"$421,407.86",Sold,C1233,01-09-2025,421407.86,284.765826
110044,11,09-01-2025,Apartment,5,1723.2,"$437,454.23",Available,,01-09-2025,437454.23,253.8615541
110055,11,09-01-2025,Apartment,6,1724.08,"$448,213.48",Available,,01-09-2025,448213.48,259.9725535
110057,11,09-01-2025,Apartment,6,1724.08,"$558,548.42",Sold,C1159,01-09-2025,558548.42,323.968969
110109,11,09-01-2025,Apartment,13,474.93,"$144,215.29",Sold,C1538,01-09-2025,144215.29,303.6558861
110136,11,09-01-2025,Apartment,14,524.68,"$170,391.72",Available,,01-09-2025,170391.72,324.7536022
110153,11,09-01-2025,Apartment,16,1829.02,"$523,992.65",Sold,C1598,01-09-2025,523992.65,286.4882013
110155,11,09-01-2025,Apartment,16,1829.02,"$522,680.38",Available,,01-09-2025,522680.38,285.7707297
110199,11,09-01-2025,Apartment,23,1098.83,"$322,054.98",Sold,C0999,01-09-2025,322054.98,293.0889947
110214,11,09-01-2025,Apartment,25,1802.24,"$606,301.47",Sold,C1608,01-09-2025,606301.47,336.4154996
110217,11,09-01-2025,Apartment,26,490.37,"$159,048.20",Available,,01-09-2025,159048.2,324.343251
110243,11,09-01-2025,Apartment,29,993.51,"$308,764.15",Sold,C1892,01-09-2025,308764.15,310.7811195
110283,11,09-01-2025,Apartment,34,680.07,"$175,245.96",Sold,C0953,01-09-2025,175245.96,257.6881203
110304,11,09-01-2025,Apartment,37,1368.16,"$434,958.41",Sold,C1277,01-09-2025,434958.41,317.9148711
110361,11,09-01-2025,Apartment,43,810.65,"$278,982.99",Sold,C1928,01-09-2025,278982.99,344.1472769
110368,11,09-01-2025,Apartment,43,810.65,"$220,011.39",Available,,01-09-2025,220011.39,271.4012089
110376,11,09-01-2025,Apartment,44,434.38,"$120,422.49",Available,,01-09-2025,120422.49,277.2284405
110410,11,09-01-2025,Apartment,49,1095.85,"$336,852.89",Available,,01-09-2025,336852.89,307.3895971
110415,11,09-01-2025,Apartment,49,1095.85,"$373,735.42",Sold,C1936,01-09-2025,373735.42,341.0461468
110424,11,09-01-2025,Apartment,50,948.72,"$320,784.87",Sold,C0229,01-09-2025,320784.87,338.1238616
110487,11,09-01-2025,Office,57,1008.58,"$326,458.14",Available,,01-09-2025,326458.14,323.6809574
110496,11,09-01-2025,Apartment,58,1159.31,"$341,227.90",Sold,C1217,01-09-2025,341227.9,294.3370626
110554,11,09-01-2025,Apartment,65,1427.09,"$477,228.50",Sold,C0159,01-09-2025,477228.5,334.4067298
120024,12,09-01-2025,Apartment,3,1469.27,"$417,320.08",Available,,01-09-2025,417320.08,284.0322609
120125,12,09-01-2025,Apartment,15,1456.98,"$383,938.86",Available,,01-09-2025,383938.86,263.5169048
120141,12,09-01-2025,Apartment,16,1523.02,"$381,756.88",Sold,C0564,01-09-2025,381756.88,250.6578246
120147,12,09-01-2025,Apartment,17,1428.55,"$438,596.72",Sold,C1430,01-09-2025,438596.72,307.0223093
120154,12,09-01-2025,Apartment,17,1428.55,"$426,820.06",Sold,C1257,01-09-2025,426820.06,298.7785237
120174,12,09-01-2025,Apartment,19,1381.22,"$414,089.58",Sold,C0237,01-09-2025,414089.58,299.7998726
120177,12,09-01-2025,Apartment,19,1381.22,"$452,685.90",Sold,C1469,01-09-2025,452685.9,327.7435166
120202,12,09-01-2025,Apartment,23,1094.46,"$327,725.79",Available,,01-09-2025,327725.79,299.4406283
120207,12,09-01-2025,Apartment,23,1094.46,"$278,334.73",Sold,C0763,01-09-2025,278334.73,254.3123824
120219,12,09-01-2025,Office,24,1306.75,"$372,374.04",Available,,01-09-2025,372374.04,284.9619591
120234,12,09-01-2025,Apartment,24,1306.75,"$345,446.82",Sold,C0686,01-09-2025,345446.82,264.3557069
120242,12,09-01-2025,Apartment,26,557.9,"$163,333.44",Available,,01-09-2025,163333.44,292.7647249
120284,12,09-01-2025,Office,31,1245.29,"$328,706.37",Sold,C1207,01-09-2025,328706.37,263.9596961
120286,12,09-01-2025,Office,32,1906.38,"$616,227.01",Sold,C0441,01-09-2025,616227.01,323.244584
120317,12,09-01-2025,Apartment,35,1690.62,"$499,070.64",Sold,C0254,01-09-2025,499070.64,295.1997729
120404,12,09-01-2025,Apartment,47,1528.05,"$410,756.82",Sold,C1117,01-09-2025,410756.82,268.8111122
130041,13,09-01-2025,Apartment,3,979.64,"$385,396.18",Available,,01-09-2025,385396.18,393.4059246
130080,13,09-01-2025,Apartment,10,1314.38,"$330,914.17",Sold,C0428,01-09-2025,330914.17,251.7644593
130094,13,09-01-2025,Apartment,11,1678.3,"$460,427.59",Sold,C0950,01-09-2025,460427.59,274.3416493
130106,13,09-01-2025,Apartment,13,585.77,"$195,626.05",Sold,C1974,01-09-2025,195626.05,333.9639278
130125,13,09-01-2025,Apartment,15,458.29,"$146,853.21",Available,,01-09-2025,146853.21,320.4372995
130130,13,09-01-2025,Apartment,15,458.29,"$118,024.61",Sold,C0668,01-09-2025,118024.61,257.5325885
130141,13,09-01-2025,Apartment,16,1772.88,"$537,026.67",Sold,C0589,01-09-2025,537026.67,302.9120245
130147,13,09-01-2025,Apartment,17,1278.95,"$352,647.72",Sold,C0120,01-09-2025,352647.72,275.7322178
130157,13,09-01-2025,Apartment,18,1820.34,"$539,968.61",Sold,C0035,01-09-2025,539968.61,296.6306349
130214,13,09-01-2025,Apartment,24,1044.69,"$296,391.37",Sold,C0659,01-09-2025,296391.37,283.7122687
130289,13,09-01-2025,Apartment,32,1114.07,"$335,123.96",Sold,C0037,01-09-2025,335123.96,300.8105056
130321,13,09-01-2025,Apartment,36,1061.26,"$273,674.59",Sold,C0538,01-09-2025,273674.59,257.8770424
130375,13,09-01-2025,Apartment,41,1168.7,"$354,539.92",Sold,C1811,01-09-2025,354539.92,303.3626423
130500,13,09-01-2025,Apartment,58,1115.72,"$351,636.29",Sold,C1891,01-09-2025,351636.29,315.1653551
130517,13,09-01-2025,Apartment,60,1401.81,"$413,675.38",Sold,C0341,01-09-2025,413675.38,295.100891
130571,13,09-01-2025,Apartment,67,524.97,"$165,302.78",Sold,C1411,01-09-2025,165302.78,314.8804313
130574,13,09-01-2025,Apartment,67,524.97,"$147,982.80",Available,,01-09-2025,147982.8,281.8881079
130589,13,09-01-2025,Apartment,68,1590.69,"$459,757.05",Available,,01-09-2025,459757.05,289.0299493
140009,14,09-01-2025,Apartment,2,922.7,"$270,218.56",Sold,C1218,01-09-2025,270218.56,292.8563563
140026,14,09-01-2025,Apartment,5,424.34,"$113,550.95",Sold,C1715,01-09-2025,113550.95,267.594264
140122,14,09-01-2025,Apartment,13,442.74,"$97,402.80",Sold,C1767,01-09-2025,97402.8,220
140179,14,09-01-2025,Office,19,1554.83,"$484,864.24",Sold,C1997,01-09-2025,484864.24,311.8438929
140182,14,09-01-2025,Office,20,1224.91,"$347,553.21",Available,,01-09-2025,347553.21,283.7377522
140214,14,09-01-2025,Apartment,23,1610.37,"$520,595.39",Sold,C0141,01-09-2025,520595.39,323.2768805
140222,14,09-01-2025,Office,23,1610.37,"$602,366.78",Sold,C0117,01-09-2025,602366.78,374.0548942
140231,14,09-01-2025,Office,25,586.85,"$165,942.65",Available,,01-09-2025,165942.65,282.7684246
140298,14,09-01-2025,Apartment,34,513.06,"$134,277.54",Sold,C0143,01-09-2025,134277.54,261.7189802
140330,14,09-01-2025,Apartment,39,1811.84,"$512,102.89",Sold,C0531,01-09-2025,512102.89,282.6424464
140342,14,09-01-2025,Apartment,40,532.44,"$164,304.60",Sold,C1794,01-09-2025,164304.6,308.5880099
140421,14,09-01-2025,Office,51,1346.3,"$429,949.07",Available,,01-09-2025,429949.07,319.3560648
140464,14,09-01-2025,Apartment,55,1415.9,"$397,913.16",Sold,C1866,01-09-2025,397913.16,281.0319655
140470,14,09-01-2025,Apartment,55,1415.9,"$407,908.02",Sold,C1686,01-09-2025,407908.02,288.090981
140473,14,09-01-2025,Office,55,1415.9,"$427,279.83",Available,,01-09-2025,427279.83,301.772604
150005,15,09-01-2025,Apartment,1,1596.51,"$531,573.93",Sold,C1656,01-09-2025,531573.93,332.9599752
150027,15,09-01-2025,Apartment,3,748.99,"$229,851.21",Sold,C1447,01-09-2025,229851.21,306.8815472
150060,15,09-01-2025,Office,9,565.48,"$139,259.70",Sold,C1505,01-09-2025,139259.7,246.2681262
150083,15,09-01-2025,Apartment,13,653.54,"$204,178.47",Available,,01-09-2025,204178.47,312.4192398
150087,15,09-01-2025,Apartment,14,1832.17,"$609,798.92",Sold,C0503,01-09-2025,609798.92,332.8287877
150114,15,09-01-2025,Apartment,16,1692.61,"$533,937.17",Sold,C1386,01-09-2025,533937.17,315.4519765
150134,15,09-01-2025,Apartment,17,562.64,"$152,674.09",Sold,C1516,01-09-2025,152674.09,271.3530677
150169,15,09-01-2025,Apartment,22,1317.29,"$409,770.80",Available,,01-09-2025,409770.8,311.0710626
150244,15,09-01-2025,Office,29,1748.18,"$536,330.79",Sold,C0349,01-09-2025,536330.79,306.7938027
150260,15,09-01-2025,Apartment,30,1523.22,"$476,279.51",Sold,C1345,01-09-2025,476279.51,312.6793963
150276,15,09-01-2025,Apartment,33,958.02,"$279,656.80",Available,,01-09-2025,279656.8,291.9112336
150289,15,09-01-2025,Apartment,35,745.49,"$212,067.21",Sold,C1972,01-09-2025,212067.21,284.4668741
150345,15,09-01-2025,Apartment,40,982.37,"$299,936.94",Sold,C0024,01-09-2025,299936.94,305.3197268
150375,15,09-01-2025,Apartment,48,1403.33,"$380,538.08",Available,,01-09-2025,380538.08,271.167922
150376,15,09-01-2025,Apartment,48,1403.33,"$448,225.53",Sold,C0912,01-09-2025,448225.53,319.4013739
150427,15,09-01-2025,Apartment,53,696.04,"$203,666.47",Sold,C1108,01-09-2025,203666.47,292.607422
150458,15,09-01-2025,Apartment,56,939.93,"$307,358.80",Sold,C1823,01-09-2025,307358.8,327.001798
150485,15,09-01-2025,Office,58,1750.89,"$489,878.14",Sold,C0729,01-09-2025,489878.14,279.7880735
150519,15,09-01-2025,Apartment,60,1033.2,"$302,297.34",Sold,C0089,01-09-2025,302297.34,292.5835656
160007,16,09-01-2025,Apartment,1,637.07,"$194,331.44",Available,,01-09-2025,194331.44,305.0393834
160040,16,09-01-2025,Office,5,749.15,"$232,742.76",Sold,C0654,01-09-2025,232742.76,310.6757792
160042,16,09-01-2025,Apartment,5,749.15,"$211,606.59",Sold,C1315,01-09-2025,211606.59,282.4622439
160065,16,09-01-2025,Apartment,8,986.18,"$322,278.90",Sold,C1857,01-09-2025,322278.9,326.7952098
160083,16,09-01-2025,Apartment,9,1524.04,"$540,445.52",Sold,C0819,01-09-2025,540445.52,354.6137372
160144,16,09-01-2025,Apartment,18,1432.77,"$425,215.73",Available,,01-09-2025,425215.73,296.7787782
160153,16,09-01-2025,Apartment,19,1163.06,"$344,081.34",Sold,C1384,01-09-2025,344081.34,295.8414355
160184,16,09-01-2025,Office,23,594.14,"$195,445.31",Sold,C0357,01-09-2025,195445.31,328.9549769
160230,16,09-01-2025,Apartment,28,1440.71,"$400,797.41",Available,,01-09-2025,400797.41,278.1943694
160276,16,09-01-2025,Apartment,33,881.17,"$295,574.91",Sold,C1252,01-09-2025,295574.91,335.434604
160307,16,09-01-2025,Apartment,35,629.97,"$203,347.49",Sold,C0652,01-09-2025,203347.49,322.7891646
160309,16,09-01-2025,Office,36,810.94,"$245,584.15",Available,,01-09-2025,245584.15,302.838866
160358,16,09-01-2025,Apartment,42,1496.62,"$441,789.19",Sold,C0886,01-09-2025,441789.19,295.191291
170022,17,09-01-2025,Apartment,2,1738.5,"$584,321.85",Sold,C1599,01-09-2025,584321.85,336.1069025
170031,17,09-01-2025,Apartment,2,1738.5,"$555,067.12",Sold,C1147,01-09-2025,555067.12,319.2793328
170064,17,09-01-2025,Apartment,8,1297.3,"$361,032.68",Sold,C0671,01-09-2025,361032.68,278.2954444
170075,17,09-01-2025,Apartment,10,1059.07,"$364,946.76",Sold,C1938,01-09-2025,364946.76,344.5917267
170085,17,09-01-2025,Apartment,10,1059.07,"$282,677.95",Available,,01-09-2025,282677.95,266.9114884
170135,17,09-01-2025,Apartment,15,1365.73,"$408,030.78",Sold,C1313,01-09-2025,408030.78,298.7638699
170139,17,09-01-2025,Office,16,1693,"$492,913.41",Sold,C1153,01-09-2025,492913.41,291.147909
170142,17,09-01-2025,Apartment,16,1693,"$548,632.28",Available,,01-09-2025,548632.28,324.0592321
170144,17,09-01-2025,Office,16,1693,"$545,423.83",Sold,C0309,01-09-2025,545423.83,322.1641051
170165,17,09-01-2025,Apartment,17,1827.25,"$532,459.61",Sold,C0545,01-09-2025,532459.61,291.3994308
170366,17,09-01-2025,Office,46,1582.61,"$605,190.49",Sold,C0447,01-09-2025,605190.49,382.4002692
170380,17,09-01-2025,Apartment,47,1106.83,"$403,444.27",Available,,01-09-2025,403444.27,364.504278
170401,17,09-01-2025,Office,48,1833.96,"$578,194.07",Sold,C0526,01-09-2025,578194.07,315.2708183
170419,17,09-01-2025,Office,48,1833.96,"$573,266.03",Sold,C0877,01-09-2025,573266.03,312.583715
180021,18,09-01-2025,Apartment,3,524.48,"$158,850.09",Sold,C1563,01-09-2025,158850.09,302.8715871
180037,18,09-01-2025,Office,4,1096.58,"$351,057.32",Sold,C0933,01-09-2025,351057.32,320.1383574
180050,18,09-01-2025,Apartment,6,840.25,"$250,887.27",Sold,C0610,01-09-2025,250887.27,298.5864564
180130,18,09-01-2025,Apartment,17,1195.81,"$325,517.91",Available,,01-09-2025,325517.91,272.2154105
180158,18,09-01-2025,Apartment,21,1790.69,"$504,823.66",Available,,01-09-2025,504823.66,281.9157196
180162,18,09-01-2025,Office,21,1790.69,"$429,013.25",Available,,01-09-2025,429013.25,239.5798547
180167,18,09-01-2025,Apartment,22,1108.09,"$304,757.48",Sold,C1201,01-09-2025,304757.48,275.0295373
180183,18,09-01-2025,Apartment,24,1417.31,"$384,011.41",Sold,C0870,01-09-2025,384011.41,270.9438373
180187,18,09-01-2025,Office,25,911.94,"$263,752.65",Sold,C1462,01-09-2025,263752.65,289.2214948
180205,18,09-01-2025,Apartment,26,1147.71,"$291,596.02",Sold,C1207,01-09-2025,291596.02,254.0676826
180206,18,09-01-2025,Apartment,26,1147.71,"$277,216.89",Sold,C1927,01-09-2025,277216.89,241.5391432
180358,18,09-01-2025,Apartment,40,990.46,"$347,614.42",Available,,01-09-2025,347614.42,350.9626032
180363,18,09-01-2025,Apartment,40,990.46,"$272,054.89",Available,,01-09-2025,272054.89,274.6752923
180386,18,09-01-2025,Apartment,43,937.7,"$226,894.78",Available,,01-09-2025,226894.78,241.9694785
180393,18,09-01-2025,Apartment,44,1334.77,"$389,378.82",Sold,C0186,01-09-2025,389378.82,291.7197869
180445,18,09-01-2025,Apartment,50,854.74,"$292,598.12",Sold,C0094,01-09-2025,292598.12,342.324122
180457,18,09-01-2025,Apartment,52,1424.54,"$313,398.80",Available,,01-09-2025,313398.8,220
180487,18,09-01-2025,Apartment,54,1756.12,"$539,233.83",Available,,01-09-2025,539233.83,307.0597852
180508,18,09-01-2025,Apartment,56,1311.59,"$413,424.87",Available,,01-09-2025,413424.87,315.208922
180587,18,09-01-2025,Apartment,68,1445.28,"$495,056.58",Sold,C1190,01-09-2025,495056.58,342.5333361
190007,19,09-01-2025,Office,3,1468.68,"$462,830.35",Sold,C1969,01-09-2025,462830.35,315.1335553
190070,19,09-01-2025,Apartment,10,747.71,"$245,137.31",Available,,01-09-2025,245137.31,327.8507844
190137,19,09-01-2025,Apartment,18,1599.44,"$464,113.69",Available,,01-09-2025,464113.69,290.1726167
190155,19,09-01-2025,Apartment,20,1772.03,"$436,200.11",Sold,C0433,01-09-2025,436200.11,246.1584228
190206,19,09-01-2025,Apartment,25,996.38,"$296,623.87",Sold,C0828,01-09-2025,296623.87,297.7015496
190222,19,09-01-2025,Apartment,26,668.24,"$174,836.95",Available,,01-09-2025,174836.95,261.6379594
190252,19,09-01-2025,Apartment,29,1657.84,"$584,357.04",Sold,C0341,01-09-2025,584357.04,352.4809632
190259,19,09-01-2025,Apartment,29,1657.84,"$508,392.39",Sold,C1232,01-09-2025,508392.39,306.6595027
190340,19,09-01-2025,Apartment,40,893.49,"$267,747.05",Available,,01-09-2025,267747.05,299.6642939
190376,19,09-01-2025,Apartment,42,1137.59,"$325,270.28",Sold,C0697,01-09-2025,325270.28,285.9292715
190417,19,09-01-2025,Apartment,47,1126.37,"$314,692.40",Available,,01-09-2025,314692.4,279.3863473
190428,19,09-01-2025,Office,49,1004.26,"$306,188.54",Sold,C1918,01-09-2025,306188.54,304.8897098
200015,20,09-01-2025,Apartment,1,1898.39,"$586,824.88",Sold,C1456,01-09-2025,586824.88,309.1171361
200032,20,09-01-2025,Apartment,3,1645.93,"$500,222.50",Sold,C1407,01-09-2025,500222.5,303.914808
200034,20,09-01-2025,Apartment,3,1645.93,"$428,571.15",Sold,C0458,01-09-2025,428571.15,260.3823674
200046,20,09-01-2025,Apartment,5,802.5,"$193,328.23",Sold,C1154,01-09-2025,193328.23,240.9074517
200058,20,09-01-2025,Apartment,7,1757.4,"$570,187.06",Sold,C1552,01-09-2025,570187.06,324.4492204
200072,20,09-01-2025,Office,8,1268.45,"$380,297.96",Sold,C1859,01-09-2025,380297.96,299.8131263
200155,20,09-01-2025,Apartment,18,1868.01,"$550,183.00",Sold,C1475,01-09-2025,550183,294.5289372
200200,20,09-01-2025,Apartment,24,1188.07,"$368,118.52",Available,,01-09-2025,368118.52,309.8458172
200218,20,09-01-2025,Apartment,26,1941.62,"$529,272.37",Sold,C0812,01-09-2025,529272.37,272.5931799
200226,20,09-01-2025,Apartment,28,463.13,"$154,194.36",Sold,C1157,01-09-2025,154194.36,332.939693
200286,20,09-01-2025,Apartment,32,1630.81,"$479,050.00",Sold,C1028,01-09-2025,479050,293.7497317
200346,20,09-01-2025,Apartment,38,1499.47,"$387,508.03",Sold,C1282,01-09-2025,387508.03,258.4299986
200389,20,09-01-2025,Apartment,43,1697.49,"$507,427.41",Available,,01-09-2025,507427.41,298.9280703
200395,20,09-01-2025,Office,43,1697.49,"$579,807.82",Sold,C0109,01-09-2025,579807.82,341.5677382
200467,20,09-01-2025,Apartment,52,1634.67,"$526,337.84",Sold,C0633,01-09-2025,526337.84,321.9841558
990007,2,09-01-2025,Apartment,52,1615.29,"$461,464.99",Available,,01-09-2025,461464.99,285.6855363
990010,3,09-01-2025,Apartment,31,1596.35,"$495,024.09",Available,,01-09-2025,495024.09,310.0974661
990025,5,09-01-2025,Apartment,50,1074.71,"$365,868.78",Available,,01-09-2025,365868.78,340.4348894
2005,2,10-01-2025,Apartment,5,785.48,"$257,183.48",Sold,C0073,01-10-2025,257183.48,327.4220604
2022,2,10-01-2025,Apartment,22,1109.25,"$344,568.74",Sold,C0068,01-10-2025,344568.74,310.6321749
3022,3,10-01-2025,Apartment,22,1137.44,"$354,553.23",Sold,C0059,01-10-2025,354553.23,311.7115892
3041,3,10-01-2025,Apartment,41,781.07,"$239,248.75",Sold,C0019,01-10-2025,239248.75,306.3089736
3052,3,10-01-2025,Apartment,52,923.21,"$291,494.36",Sold,C0057,01-10-2025,291494.36,315.7400375
3054,3,10-01-2025,Apartment,54,781.07,"$200,719.02",Sold,C0095,01-10-2025,200719.02,256.9795537
5019,5,10-01-2025,Apartment,19,618.38,"$153,466.71",Sold,C0135,01-10-2025,153466.71,248.1754099
10055,1,10-01-2025,Apartment,7,758.88,"$194,960.28",Sold,C0441,01-10-2025,194960.28,256.9052815
10080,1,10-01-2025,Apartment,10,1439.52,"$376,111.25",Available,,01-10-2025,376111.25,261.2754599
10082,1,10-01-2025,Office,10,1439.52,"$411,692.78",Sold,C0335,01-10-2025,411692.78,285.9930949
10091,1,10-01-2025,Apartment,12,621.14,"$177,556.15",Sold,C0013,01-10-2025,177556.15,285.8552822
10107,1,10-01-2025,Office,14,1181.69,"$369,296.54",Sold,C1431,01-10-2025,369296.54,312.5155836
10112,1,10-01-2025,Apartment,14,1181.69,"$335,715.04",Sold,C0194,01-10-2025,335715.04,284.0973859
10113,1,10-01-2025,Apartment,14,1181.69,"$345,800.05",Sold,C0663,01-10-2025,345800.05,292.6317816
10210,1,10-01-2025,Apartment,24,1146.11,"$311,548.88",Sold,C1487,01-10-2025,311548.88,271.8315694
10218,1,10-01-2025,Apartment,25,1154.92,"$274,518.10",Sold,C0696,01-10-2025,274518.1,237.6944723
10234,1,10-01-2025,Apartment,27,725.12,"$208,024.42",Available,,01-10-2025,208024.42,286.8827504
10274,1,10-01-2025,Office,30,753.29,"$263,983.27",Sold,C1249,01-10-2025,263983.27,350.440428
10349,1,10-01-2025,Apartment,38,1355.85,"$358,085.01",Sold,C1344,01-10-2025,358085.01,264.1037062
10352,1,10-01-2025,Apartment,38,1355.85,"$472,614.44",Sold,C0684,01-10-2025,472614.44,348.5742818
10355,1,10-01-2025,Apartment,38,1355.85,"$386,382.22",Sold,C0587,01-10-2025,386382.22,284.9741638
10362,1,10-01-2025,Apartment,39,742.93,"$222,002.82",Sold,C1665,01-10-2025,222002.82,298.8206426
10399,1,10-01-2025,Apartment,46,1153.16,"$362,593.45",Sold,C1618,01-10-2025,362593.45,314.4346405
10407,1,10-01-2025,Office,47,771.08,"$261,411.51",Available,,01-10-2025,261411.51,339.019959
10419,1,10-01-2025,Apartment,49,629.24,"$176,063.64",Sold,C0857,01-10-2025,176063.64,279.8036361
20024,2,10-01-2025,Apartment,3,645.84,"$217,462.85",Available,,01-10-2025,217462.85,336.7131952
20059,2,10-01-2025,Apartment,7,733.14,"$225,333.86",Sold,C1522,01-10-2025,225333.86,307.3544753
20144,2,10-01-2025,Office,17,1397.4,"$553,392.84",Sold,C0261,01-10-2025,553392.84,396.0160584
20151,2,10-01-2025,Apartment,17,1397.4,"$409,624.51",Sold,C0679,01-10-2025,409624.51,293.1333262
20157,2,10-01-2025,Apartment,18,784.76,"$208,475.27",Sold,C0840,01-10-2025,208475.27,265.6548117
20193,2,10-01-2025,Apartment,22,653.41,"$197,732.56",Sold,C0651,01-10-2025,197732.56,302.6163664
20201,2,10-01-2025,Apartment,22,653.41,"$189,843.92",Sold,C0828,01-10-2025,189843.92,290.5433342
20204,2,10-01-2025,Office,23,1416.33,"$567,444.09",Sold,C1275,01-10-2025,567444.09,400.6439813
20229,2,10-01-2025,Apartment,26,1577.79,"$446,099.24",Sold,C1174,01-10-2025,446099.24,282.7367647
20233,2,10-01-2025,Apartment,26,1577.79,"$512,979.13",Available,,01-10-2025,512979.13,325.125099
20236,2,10-01-2025,Office,26,1577.79,"$493,737.03",Sold,C0539,01-10-2025,493737.03,312.9294963
20311,2,10-01-2025,Apartment,36,641.72,"$194,714.91",Sold,C1728,01-10-2025,194714.91,303.4265879
20321,2,10-01-2025,Apartment,38,710.81,"$216,079.00",Sold,C1084,01-10-2025,216079,303.9898144
20340,2,10-01-2025,Apartment,41,654.93,"$236,630.24",Sold,C0072,01-10-2025,236630.24,361.3061549
20342,2,10-01-2025,Apartment,41,654.93,"$202,522.58",Sold,C0188,01-10-2025,202522.58,309.2278259
20351,2,10-01-2025,Office,42,786.45,"$213,128.24",Sold,C0775,01-10-2025,213128.24,271.0003687
20375,2,10-01-2025,Apartment,45,782.2,"$262,249.92",Sold,C1457,01-10-2025,262249.92,335.2722066
20424,2,10-01-2025,Apartment,48,788.44,"$219,968.35",Sold,C1130,01-10-2025,219968.35,278.99187
20439,2,10-01-2025,Office,51,699.31,"$189,593.20",Sold,C0315,01-10-2025,189593.2,271.1146702
20485,2,10-01-2025,Apartment,56,722.22,"$241,503.00",Sold,C1859,01-10-2025,241503,334.3897981
30032,3,10-01-2025,Office,4,719.96,"$219,505.52",Sold,C0954,01-10-2025,219505.52,304.8857159
30071,3,10-01-2025,Office,7,744.01,"$229,701.65",Sold,C1200,01-10-2025,229701.65,308.7346272
30080,3,10-01-2025,Apartment,7,744.01,"$206,070.96",Sold,C1475,01-10-2025,206070.96,276.973374
30087,3,10-01-2025,Apartment,9,1125.84,"$337,560.83",Sold,C0771,01-10-2025,337560.83,299.8301979
30122,3,10-01-2025,Apartment,11,1283.1,"$348,727.22",Sold,C1961,01-10-2025,348727.22,271.7849115
30132,3,10-01-2025,Apartment,12,657.47,"$179,742.66",Sold,C1983,01-10-2025,179742.66,273.3853408
30134,3,10-01-2025,Apartment,13,754.84,"$261,580.40",Sold,C0221,01-10-2025,261580.4,346.5375444
30145,3,10-01-2025,Apartment,14,788.59,"$227,380.78",Sold,C1175,01-10-2025,227380.78,288.3384015
30146,3,10-01-2025,Apartment,14,788.59,"$262,619.56",Available,,01-10-2025,262619.56,333.0242078
30211,3,10-01-2025,Apartment,23,924.21,"$246,746.22",Sold,C0987,01-10-2025,246746.22,266.9806862
30232,3,10-01-2025,Office,27,1117.14,"$364,706.25",Sold,C0216,01-10-2025,364706.25,326.4642301
30264,3,10-01-2025,Apartment,29,666,"$179,911.30",Available,,01-10-2025,179911.3,270.1370871
30289,3,10-01-2025,Apartment,35,925.48,"$280,028.94",Sold,C1413,01-10-2025,280028.94,302.5769763
30304,3,10-01-2025,Apartment,36,733.45,"$219,584.35",Sold,C1945,01-10-2025,219584.35,299.385575
30331,3,10-01-2025,Office,40,678.71,"$164,477.46",Sold,C1686,01-10-2025,164477.46,242.3383477
30360,3,10-01-2025,Apartment,44,673.86,"$207,942.28",Sold,C1412,01-10-2025,207942.28,308.5838008
30367,3,10-01-2025,Apartment,46,1599.81,"$474,806.32",Sold,C1406,01-10-2025,474806.32,296.7891937
30400,3,10-01-2025,Apartment,49,1174.48,"$378,839.98",Available,,01-10-2025,378839.98,322.5597541
30416,3,10-01-2025,Apartment,49,1174.48,"$352,375.03",Sold,C1523,01-10-2025,352375.03,300.0264202
30426,3,10-01-2025,Apartment,49,1174.48,"$343,009.36",Sold,C0210,01-10-2025,343009.36,292.0521082
30431,3,10-01-2025,Apartment,50,713.67,"$212,239.58",Sold,C0904,01-10-2025,212239.58,297.3917637
30443,3,10-01-2025,Apartment,51,693.85,"$192,947.73",Sold,C0796,01-10-2025,192947.73,278.0827701
30457,3,10-01-2025,Office,54,787.64,"$199,665.03",Available,,01-10-2025,199665.03,253.497829
30482,3,10-01-2025,Apartment,56,1179.42,"$400,338.61",Available,,01-10-2025,400338.61,339.4368503
30493,3,10-01-2025,Apartment,58,1588.14,"$468,242.33",Available,,01-10-2025,468242.33,294.836935
30498,3,10-01-2025,Office,58,1588.14,"$365,164.05",Sold,C1143,01-10-2025,365164.05,229.9319015
40004,4,10-01-2025,Apartment,1,1615.98,"$475,895.11",Sold,C1245,01-10-2025,475895.11,294.493193
40011,4,10-01-2025,Apartment,2,1620.07,"$469,692.03",Available,,01-10-2025,469692.03,289.9208244
40047,4,10-01-2025,Apartment,5,786.98,"$231,129.57",Sold,C0016,01-10-2025,231129.57,293.6917965
40068,4,10-01-2025,Office,7,786.36,"$265,542.11",Available,,01-10-2025,265542.11,337.6851696
40158,4,10-01-2025,Office,19,1063.07,"$304,502.38",Available,,01-10-2025,304502.38,286.4368104
40175,4,10-01-2025,Apartment,21,801.66,"$250,152.29",Available,,01-10-2025,250152.29,312.0428735
40191,4,10-01-2025,Apartment,23,1110.99,"$337,233.00",Sold,C0329,01-10-2025,337233,303.5427862
40210,4,10-01-2025,Apartment,26,790.05,"$211,905.04",Sold,C0332,01-10-2025,211905.04,268.2172521
40269,4,10-01-2025,Apartment,31,793.1,"$223,661.90",Sold,C0193,01-10-2025,223661.9,282.0097087
40337,4,10-01-2025,Office,40,780.74,"$251,534.87",Sold,C1629,01-10-2025,251534.87,322.1749494
40358,4,10-01-2025,Office,43,1616.99,"$531,903.04",Sold,C0839,01-10-2025,531903.04,328.9464004
40405,4,10-01-2025,Apartment,46,800.23,"$243,500.06",Sold,C0183,01-10-2025,243500.06,304.2875923
40440,4,10-01-2025,Office,51,802.11,"$272,608.20",Sold,C1921,01-10-2025,272608.2,339.8638591
50012,5,10-01-2025,Apartment,3,1008.42,"$329,670.08",Sold,C0810,01-10-2025,329670.08,326.9174352
50021,5,10-01-2025,Apartment,4,799.1,"$245,118.66",Sold,C1557,01-10-2025,245118.66,306.7434113
50029,5,10-01-2025,Apartment,6,775.85,"$235,257.98",Available,,01-10-2025,235257.98,303.2261133
50075,5,10-01-2025,Apartment,10,629.27,"$206,318.00",Sold,C1377,01-10-2025,206318,327.8688004
50095,5,10-01-2025,Apartment,11,1058.56,"$353,759.71",Sold,C0689,01-10-2025,353759.71,334.1895688
50132,5,10-01-2025,Apartment,17,798.74,"$258,083.75",Available,,01-10-2025,258083.75,323.1135914
50307,5,10-01-2025,Apartment,41,630.83,"$170,043.33",Sold,C0106,01-10-2025,170043.33,269.5549197
50335,5,10-01-2025,Apartment,43,802.72,"$216,010.59",Sold,C1608,01-10-2025,216010.59,269.0983033
50355,5,10-01-2025,Apartment,44,806.03,"$285,832.09",Sold,C0214,01-10-2025,285832.09,354.6171855
50413,5,10-01-2025,Apartment,47,1241.14,"$368,136.36",Sold,C1534,01-10-2025,368136.36,296.6114701
50445,5,10-01-2025,Apartment,52,1755.18,"$595,572.15",Available,,01-10-2025,595572.15,339.3225481
60047,6,10-01-2025,Office,4,1925.28,"$664,212.71",Available,,01-10-2025,664212.71,344.9953825
60062,6,10-01-2025,Apartment,5,1617.43,"$427,168.05",Available,,01-10-2025,427168.05,264.1029596
60076,6,10-01-2025,Apartment,7,1075.42,"$330,083.38",Sold,C0061,01-10-2025,330083.38,306.9343884
60077,6,10-01-2025,Apartment,7,1075.42,"$266,400.52",Sold,C0177,01-10-2025,266400.52,247.7176545
60112,6,10-01-2025,Apartment,9,1194.12,"$305,848.02",Available,,01-10-2025,305848.02,256.1283791
60165,6,10-01-2025,Apartment,14,1890,"$559,835.83",Sold,C0056,01-10-2025,559835.83,296.2094339
60178,6,10-01-2025,Office,16,1687.92,"$460,221.94",Available,,01-10-2025,460221.94,272.6562515
60198,6,10-01-2025,Office,19,1542.71,"$467,192.08",Sold,C0714,01-10-2025,467192.08,302.8385633
60245,6,10-01-2025,Apartment,25,1086.43,"$332,809.37",Sold,C0879,01-10-2025,332809.37,306.3330081
60338,6,10-01-2025,Apartment,37,1721.96,"$576,990.75",Sold,C1970,01-10-2025,576990.75,335.0779054
60369,6,10-01-2025,Office,42,1766.89,"$632,201.17",Sold,C0685,01-10-2025,632201.17,357.804487
60402,6,10-01-2025,Apartment,47,550.99,"$145,680.60",Sold,C0756,01-10-2025,145680.6,264.397902
60411,6,10-01-2025,Apartment,50,1579.99,"$419,860.65",Available,,01-10-2025,419860.65,265.7362705
60456,6,10-01-2025,Apartment,53,1170.96,"$300,537.15",Available,,01-10-2025,300537.15,256.6587672
70005,7,10-01-2025,Apartment,1,759.04,"$245,775.23",Sold,C0615,01-10-2025,245775.23,323.7974679
70021,7,10-01-2025,Apartment,5,1144.09,"$340,932.23",Sold,C0441,01-10-2025,340932.23,297.99424
70029,7,10-01-2025,Apartment,5,1144.09,"$314,987.60",Available,,01-10-2025,314987.6,275.3171516
70035,7,10-01-2025,Apartment,5,1144.09,"$335,913.42",Available,,01-10-2025,335913.42,293.6075134
70121,7,10-01-2025,Apartment,15,602.92,"$177,781.18",Sold,C0083,01-10-2025,177781.18,294.8669475
70177,7,10-01-2025,Apartment,20,1160.82,"$361,543.25",Sold,C0525,01-10-2025,361543.25,311.455049
70201,7,10-01-2025,Office,23,1222.69,"$397,235.93",Sold,C0054,01-10-2025,397235.93,324.8868724
70310,7,10-01-2025,Apartment,37,1171.04,"$312,306.37",Sold,C0120,01-10-2025,312306.37,266.6914623
70325,7,10-01-2025,Office,38,1755.26,"$413,510.38",Sold,C1180,01-10-2025,413510.38,235.5835489
70358,7,10-01-2025,Office,41,1093.92,"$330,019.64",Sold,C0115,01-10-2025,330019.64,301.6853518
70359,7,10-01-2025,Office,42,702.08,"$170,341.14",Sold,C0585,01-10-2025,170341.14,242.6235472
70412,7,10-01-2025,Apartment,48,533.35,"$136,888.93",Sold,C1969,01-10-2025,136888.93,256.6587232
70416,7,10-01-2025,Office,49,1383.05,"$432,256.61",Sold,C1110,01-10-2025,432256.61,312.5386718
70473,7,10-01-2025,Apartment,55,601.23,"$203,757.78",Available,,01-10-2025,203757.78,338.9015518
70493,7,10-01-2025,Apartment,58,1629.83,"$499,403.26",Available,,01-10-2025,499403.26,306.4143254
70519,7,10-01-2025,Apartment,60,1219.54,"$332,945.53",Sold,C1944,01-10-2025,332945.53,273.00911
80093,8,10-01-2025,Apartment,10,737.92,"$243,765.37",Available,,01-10-2025,243765.37,330.3411887
80138,8,10-01-2025,Apartment,16,424.09,"$141,613.50",Sold,C0067,01-10-2025,141613.5,333.9232238
80144,8,10-01-2025,Apartment,17,1109.27,"$338,553.67",Available,,01-10-2025,338553.67,305.2040261
80176,8,10-01-2025,Apartment,23,1114.67,"$306,537.19",Sold,C0547,01-10-2025,306537.19,275.0026376
80200,8,10-01-2025,Apartment,28,1431.61,"$471,604.55",Available,,01-10-2025,471604.55,329.4225033
80216,8,10-01-2025,Apartment,29,1848.51,"$641,122.99",Sold,C0859,01-10-2025,641122.99,346.8323082
80220,8,10-01-2025,Apartment,29,1848.51,"$537,255.18",Available,,01-10-2025,537255.18,290.6422903
80250,8,10-01-2025,Office,31,1253.18,"$451,028.35",Available,,01-10-2025,451028.35,359.9070764
80291,8,10-01-2025,Apartment,34,1684.75,"$559,025.42",Available,,01-10-2025,559025.42,331.8150586
80404,8,10-01-2025,Apartment,47,543.08,"$159,068.05",Sold,C0046,01-10-2025,159068.05,292.899849
80424,8,10-01-2025,Apartment,48,480.99,"$154,831.75",Available,,01-10-2025,154831.75,321.9022225
80425,8,10-01-2025,Apartment,49,1081,"$266,060.18",Sold,C1089,01-10-2025,266060.18,246.1241258
80435,8,10-01-2025,Office,50,913.15,"$263,718.66",Available,,01-10-2025,263718.66,288.8010294
80445,8,10-01-2025,Apartment,53,1891.72,"$504,661.03",Available,,01-10-2025,504661.03,266.7736399
90102,9,10-01-2025,Apartment,16,924.6,"$257,664.17",Available,,01-10-2025,257664.17,278.6763682
90142,9,10-01-2025,Apartment,22,1115.88,"$313,328.75",Available,,01-10-2025,313328.75,280.7907212
90143,9,10-01-2025,Office,22,1115.88,"$344,251.82",Sold,C1985,01-10-2025,344251.82,308.5025451
90159,9,10-01-2025,Apartment,25,1904.38,"$571,558.04",Sold,C0348,01-10-2025,571558.04,300.1281467
90200,9,10-01-2025,Office,29,1426.22,"$514,489.27",Sold,C0773,01-10-2025,514489.27,360.7362609
90245,9,10-01-2025,Apartment,34,1577.36,"$436,190.63",Sold,C1656,01-10-2025,436190.63,276.5320726
90257,9,10-01-2025,Apartment,34,1577.36,"$407,520.59",Sold,C1575,01-10-2025,407520.59,258.3561077
90266,9,10-01-2025,Apartment,35,1376.88,"$424,308.42",Sold,C0504,01-10-2025,424308.42,308.166594
90283,9,10-01-2025,Apartment,36,1582.79,"$479,074.37",Sold,C1986,01-10-2025,479074.37,302.6771524
90291,9,10-01-2025,Apartment,36,1582.79,"$536,760.46",Available,,01-10-2025,536760.46,339.122979
90301,9,10-01-2025,Apartment,37,731.44,"$235,500.65",Sold,C0633,01-10-2025,235500.65,321.9685142
90347,9,10-01-2025,Office,40,1090.32,"$348,371.69",Available,,01-10-2025,348371.69,319.513253
90354,9,10-01-2025,Apartment,41,1488.32,"$473,066.31",Sold,C1287,01-10-2025,473066.31,317.8525519
90388,9,10-01-2025,Office,46,662.32,"$246,380.95",Sold,C1230,01-10-2025,246380.95,371.9968444
90411,9,10-01-2025,Apartment,52,1126.02,"$375,050.13",Available,,01-10-2025,375050.13,333.0759045
90454,9,10-01-2025,Apartment,56,1516.4,"$436,569.79",Sold,C1256,01-10-2025,436569.79,287.8988328
90455,9,10-01-2025,Apartment,56,1516.4,"$460,353.21",Sold,C1935,01-10-2025,460353.21,303.5829662
90487,9,10-01-2025,Apartment,58,838.34,"$252,742.94",Sold,C0043,01-10-2025,252742.94,301.4802347
100070,10,10-01-2025,Apartment,9,1849.4,"$617,512.00",Sold,C0912,01-10-2025,617512,333.8985617
100186,10,10-01-2025,Office,25,1487.17,"$492,734.29",Available,,01-10-2025,492734.29,331.3234465
100228,10,10-01-2025,Apartment,28,1606.58,"$446,713.63",Sold,C0639,01-10-2025,446713.63,278.0525277
100236,10,10-01-2025,Apartment,28,1606.58,"$475,442.78",Available,,01-10-2025,475442.78,295.934706
100257,10,10-01-2025,Apartment,30,1559.4,"$393,759.61",Sold,C0359,01-10-2025,393759.61,252.5071245
100272,10,10-01-2025,Apartment,31,1499,"$365,717.82",Sold,C0522,01-10-2025,365717.82,243.9745297
100278,10,10-01-2025,Apartment,32,1661.46,"$462,160.46",Sold,C1734,01-10-2025,462160.46,278.1652643
100286,10,10-01-2025,Office,33,1010.7,"$372,884.46",Sold,C1857,01-10-2025,372884.46,368.9368359
100321,10,10-01-2025,Apartment,38,476.64,"$152,349.87",Sold,C1933,01-10-2025,152349.87,319.6329935
100361,10,10-01-2025,Apartment,43,1093.67,"$382,767.51",Sold,C0402,01-10-2025,382767.51,349.9844651
100420,10,10-01-2025,Apartment,50,1138.32,"$269,612.68",Available,,01-10-2025,269612.68,236.851395
100432,10,10-01-2025,Apartment,50,1138.32,"$391,681.55",Sold,C0929,01-10-2025,391681.55,344.0873832
110004,11,10-01-2025,Apartment,1,1902.88,"$557,477.28",Available,,01-10-2025,557477.28,292.9650214
110039,11,10-01-2025,Apartment,5,1723.2,"$565,819.26",Sold,C1146,01-10-2025,565819.26,328.3537953
110051,11,10-01-2025,Apartment,6,1724.08,"$513,716.25",Sold,C1252,01-10-2025,513716.25,297.9654366
110078,11,10-01-2025,Apartment,10,1519.64,"$499,960.73",Available,,01-10-2025,499960.73,328.9994538
110112,11,10-01-2025,Office,13,474.93,"$154,886.03",Available,,01-10-2025,154886.03,326.123913
110129,11,10-01-2025,Apartment,14,524.68,"$154,333.84",Sold,C0227,01-10-2025,154333.84,294.1485096
110161,11,10-01-2025,Apartment,17,1946.06,"$560,190.29",Available,,01-10-2025,560190.29,287.858694
110190,11,10-01-2025,Apartment,21,1389.63,"$461,847.13",Available,,01-10-2025,461847.13,332.3525903
110250,11,10-01-2025,Apartment,30,642.72,"$178,108.71",Sold,C0780,01-10-2025,178108.71,277.1171117
110257,11,10-01-2025,Apartment,30,642.72,"$217,768.24",Sold,C1206,01-10-2025,217768.24,338.8228778
110274,11,10-01-2025,Apartment,33,1632.55,"$448,877.05",Sold,C0892,01-10-2025,448877.05,274.9545496
110326,11,10-01-2025,Apartment,38,788.47,"$263,327.86",Available,,01-10-2025,263327.86,333.9732139
110400,11,10-01-2025,Apartment,47,1456.74,"$383,057.87",Sold,C0613,01-10-2025,383057.87,262.9555514
110416,11,10-01-2025,Office,49,1095.85,"$305,312.51",Sold,C1436,01-10-2025,305312.51,278.607939
110431,11,10-01-2025,Apartment,51,1318.98,"$430,426.11",Sold,C1136,01-10-2025,430426.11,326.3325524
110510,11,10-01-2025,Apartment,61,1299.46,"$400,289.00",Available,,01-10-2025,400289,308.0425715
110512,11,10-01-2025,Apartment,61,1299.46,"$388,520.34",Available,,01-10-2025,388520.34,298.9859942
110546,11,10-01-2025,Apartment,63,871.7,"$259,885.32",Sold,C0748,01-10-2025,259885.32,298.1361936
110563,11,10-01-2025,Apartment,65,1427.09,"$453,651.73",Sold,C1702,01-10-2025,453651.73,317.8858586
120022,12,10-01-2025,Apartment,3,1469.27,"$480,115.60",Sold,C1830,01-10-2025,480115.6,326.771526
120088,12,10-01-2025,Office,12,959.05,"$304,737.72",Sold,C0864,01-10-2025,304737.72,317.7495647
120098,12,10-01-2025,Apartment,12,959.05,"$269,450.51",Sold,C0218,01-10-2025,269450.51,280.9556436
120110,12,10-01-2025,Apartment,14,1369.96,"$332,581.75",Available,,01-10-2025,332581.75,242.7674896
120118,12,10-01-2025,Apartment,14,1369.96,"$421,206.38",Sold,C0482,01-10-2025,421206.38,307.4588893
120123,12,10-01-2025,Apartment,14,1369.96,"$393,709.76",Available,,01-10-2025,393709.76,287.3877777
120139,12,10-01-2025,Apartment,16,1523.02,"$428,682.58",Available,,01-10-2025,428682.58,281.4687791
120140,12,10-01-2025,Apartment,16,1523.02,"$414,436.72",Available,,01-10-2025,414436.72,272.1150871
120212,12,10-01-2025,Apartment,23,1094.46,"$338,457.73",Available,,01-10-2025,338457.73,309.2463224
120214,12,10-01-2025,Apartment,24,1306.75,"$349,696.41",Available,,01-10-2025,349696.41,267.6077368
120220,12,10-01-2025,Apartment,24,1306.75,"$452,121.47",Sold,C0133,01-10-2025,452121.47,345.9892634
120247,12,10-01-2025,Apartment,27,871.52,"$276,613.41",Available,,01-10-2025,276613.41,317.3919245
120258,12,10-01-2025,Office,27,871.52,"$231,712.38",Sold,C0142,01-10-2025,231712.38,265.8715577
120336,12,10-01-2025,Apartment,36,813.16,"$260,144.68",Sold,C0003,01-10-2025,260144.68,319.9181957
120339,12,10-01-2025,Apartment,37,1681.78,"$536,786.13",Sold,C0674,01-10-2025,536786.13,319.1773775
120393,12,10-01-2025,Apartment,45,1898.75,"$650,710.38",Sold,C0567,01-10-2025,650710.38,342.7046109
130025,13,10-01-2025,Apartment,2,1651.02,"$552,484.63",Available,,01-10-2025,552484.63,334.6323061
130045,13,10-01-2025,Apartment,4,1629.74,"$554,713.49",Sold,C1004,01-10-2025,554713.49,340.3693166
130055,13,10-01-2025,Apartment,5,441.3,"$129,127.59",Available,,01-10-2025,129127.59,292.607274
130071,13,10-01-2025,Apartment,8,1449.43,"$384,925.51",Sold,C1266,01-10-2025,384925.51,265.5702656
130097,13,10-01-2025,Apartment,11,1678.3,"$554,107.09",Sold,C1893,01-10-2025,554107.09,330.159739
130109,13,10-01-2025,Apartment,13,585.77,"$159,232.31",Sold,C1824,01-10-2025,159232.31,271.8341841
130149,13,10-01-2025,Apartment,17,1278.95,"$328,669.66",Sold,C0177,01-10-2025,328669.66,256.983979
130193,13,10-01-2025,Office,21,1680.5,"$610,193.44",Sold,C1476,01-10-2025,610193.44,363.1023148
130197,13,10-01-2025,Apartment,22,1811.36,"$525,721.08",Sold,C0086,01-10-2025,525721.08,290.2355578
130288,13,10-01-2025,Office,32,1114.07,"$357,615.84",Sold,C1670,01-10-2025,357615.84,320.9994345
130307,13,10-01-2025,Apartment,33,1445.84,"$457,810.49",Sold,C1211,01-10-2025,457810.49,316.6398011
130361,13,10-01-2025,Office,40,571.5,"$230,574.30",Available,,01-10-2025,230574.3,403.4545932
130364,13,10-01-2025,Apartment,40,571.5,"$193,173.23",Sold,C0962,01-10-2025,193173.23,338.0109011
130387,13,10-01-2025,Apartment,43,1875.83,"$510,253.90",Sold,C1087,01-10-2025,510253.9,272.0150014
130395,13,10-01-2025,Apartment,44,470.06,"$158,566.14",Available,,01-10-2025,158566.14,337.3317023
130406,13,10-01-2025,Apartment,45,986.91,"$345,185.95",Sold,C0198,01-10-2025,345185.95,349.7643655
130417,13,10-01-2025,Office,47,1874.35,"$647,138.13",Sold,C0647,01-10-2025,647138.13,345.2600261
130428,13,10-01-2025,Apartment,47,1874.35,"$565,118.87",Sold,C0840,01-10-2025,565118.87,301.5012511
130439,13,10-01-2025,Apartment,48,1728.84,"$416,215.94",Sold,C1831,01-10-2025,416215.94,240.7486754
130452,13,10-01-2025,Apartment,50,1469.09,"$418,942.17",Available,,01-10-2025,418942.17,285.171208
130460,13,10-01-2025,Apartment,53,968.77,"$281,662.24",Sold,C0473,01-10-2025,281662.24,290.7421163
130467,13,10-01-2025,Apartment,53,968.77,"$308,824.33",Sold,C1482,01-10-2025,308824.33,318.7798239
130545,13,10-01-2025,Apartment,63,1623.8,"$512,052.93",Sold,C0217,01-10-2025,512052.93,315.3423636
130548,13,10-01-2025,Office,63,1623.8,"$465,022.35",Available,,01-10-2025,465022.35,286.3790799
130557,13,10-01-2025,Apartment,64,792.66,"$177,430.54",Available,,01-10-2025,177430.54,223.8419247
130575,13,10-01-2025,Apartment,67,524.97,"$147,823.33",Sold,C0464,01-10-2025,147823.33,281.5843382
130593,13,10-01-2025,Apartment,69,736.95,"$249,402.29",Available,,01-10-2025,249402.29,338.4249813
140049,14,10-01-2025,Apartment,8,618.89,"$169,315.54",Sold,C0697,01-10-2025,169315.54,273.579376
140054,14,10-01-2025,Office,8,618.89,"$217,668.00",Sold,C1457,01-10-2025,217668,351.7070885
140069,14,10-01-2025,Apartment,9,803.5,"$279,354.07",Sold,C1920,01-10-2025,279354.07,347.6715246
140131,14,10-01-2025,Apartment,14,1628.68,"$505,173.86",Sold,C1989,01-10-2025,505173.86,310.1737972
140132,14,10-01-2025,Apartment,14,1628.68,"$518,104.03",Sold,C1154,01-10-2025,518104.03,318.112846
140134,14,10-01-2025,Apartment,14,1628.68,"$452,942.38",Available,,01-10-2025,452942.38,278.1039738
140194,14,10-01-2025,Office,22,1148.66,"$324,682.00",Sold,C0211,01-10-2025,324682,282.6615361
140235,14,10-01-2025,Office,25,586.85,"$169,562.88",Sold,C1798,01-10-2025,169562.88,288.9373434
140236,14,10-01-2025,Apartment,26,1190.87,"$386,974.11",Sold,C0771,01-10-2025,386974.11,324.9507587
140242,14,10-01-2025,Apartment,27,1866.49,"$454,295.52",Available,,01-10-2025,454295.52,243.3956357
140287,14,10-01-2025,Apartment,33,1894.96,"$588,224.19",Sold,C1423,01-10-2025,588224.19,310.4150958
140291,14,10-01-2025,Apartment,33,1894.96,"$582,007.30",Available,,01-10-2025,582007.3,307.1343458
140327,14,10-01-2025,Apartment,38,1170.11,"$273,024.80",Available,,01-10-2025,273024.8,233.3325927
140332,14,10-01-2025,Apartment,39,1811.84,"$536,812.04",Sold,C0092,01-10-2025,536812.04,296.2800468
140361,14,10-01-2025,Apartment,43,520.49,"$163,915.34",Sold,C0866,01-10-2025,163915.34,314.9250514
140364,14,10-01-2025,Apartment,44,840.77,"$246,954.87",Sold,C1855,01-10-2025,246954.87,293.7246453
140384,14,10-01-2025,Apartment,47,917.53,"$287,593.83",Sold,C1579,01-10-2025,287593.83,313.4435168
140393,14,10-01-2025,Apartment,47,917.53,"$315,690.21",Sold,C0328,01-10-2025,315690.21,344.0652731
140405,14,10-01-2025,Apartment,49,1231.75,"$323,757.32",Available,,01-10-2025,323757.32,262.8433692
140440,14,10-01-2025,Apartment,52,571.74,"$161,481.48",Available,,01-10-2025,161481.48,282.4386609
150053,15,10-01-2025,Apartment,9,565.48,"$155,811.47",Sold,C1323,01-10-2025,155811.47,275.5384275
150063,15,10-01-2025,Apartment,9,565.48,"$171,784.49",Available,,01-10-2025,171784.49,303.7852621
150089,15,10-01-2025,Apartment,14,1832.17,"$578,866.18",Sold,C0598,01-10-2025,578866.18,315.945671
150095,15,10-01-2025,Office,15,522.71,"$165,771.56",Available,,01-10-2025,165771.56,317.1386811
150130,15,10-01-2025,Apartment,17,562.64,"$164,204.09",Sold,C0963,01-10-2025,164204.09,291.8457451
150249,15,10-01-2025,Apartment,30,1523.22,"$476,537.31",Sold,C0736,01-10-2025,476537.31,312.848643
150315,15,10-01-2025,Apartment,36,1424.81,"$382,995.00",Available,,01-10-2025,382995,268.8042616
150331,15,10-01-2025,Apartment,38,585.57,"$172,889.19",Sold,C0116,01-10-2025,172889.19,295.249398
150334,15,10-01-2025,Apartment,39,1713.42,"$504,362.44",Sold,C0408,01-10-2025,504362.44,294.3600752
150337,15,10-01-2025,Apartment,39,1713.42,"$605,272.25",Sold,C0862,01-10-2025,605272.25,353.2538724
150350,15,10-01-2025,Apartment,42,1298.37,"$520,647.76",Sold,C0386,01-10-2025,520647.76,401.0010706
150353,15,10-01-2025,Apartment,42,1298.37,"$334,658.48",Sold,C0030,01-10-2025,334658.48,257.7527823
150360,15,10-01-2025,Apartment,43,1655.05,"$508,654.74",Available,,01-10-2025,508654.74,307.3349687
150418,15,10-01-2025,Apartment,52,829.2,"$231,633.55",Available,,01-10-2025,231633.55,279.3458152
150520,15,10-01-2025,Apartment,60,1033.2,"$288,427.44",Sold,C1137,01-10-2025,288427.44,279.1593496
160049,16,10-01-2025,Office,6,1062.34,"$297,202.96",Sold,C0194,01-10-2025,297202.96,279.7625619
160052,16,10-01-2025,Apartment,7,941.57,"$296,837.59",Sold,C0922,01-10-2025,296837.59,315.2581221
160067,16,10-01-2025,Apartment,8,986.18,"$280,293.38",Sold,C1127,01-10-2025,280293.38,284.2213186
160097,16,10-01-2025,Office,11,1288.42,"$366,009.11",Sold,C1921,01-10-2025,366009.11,284.0759302
160100,16,10-01-2025,Apartment,11,1288.42,"$410,663.51",Sold,C0941,01-10-2025,410663.51,318.7341938
160116,16,10-01-2025,Office,12,549.98,"$159,995.77",Sold,C0169,01-10-2025,159995.77,290.9119786
160135,16,10-01-2025,Apartment,16,1451.17,"$454,823.84",Sold,C0520,01-10-2025,454823.84,313.4187173
160171,16,10-01-2025,Apartment,21,837.95,"$248,737.57",Sold,C0946,01-10-2025,248737.57,296.8405871
160185,16,10-01-2025,Apartment,23,594.14,"$172,502.97",Sold,C1614,01-10-2025,172502.97,290.34061
160193,16,10-01-2025,Apartment,23,594.14,"$150,326.78",Sold,C1281,01-10-2025,150326.78,253.0157539
160212,16,10-01-2025,Apartment,26,1458.08,"$404,054.56",Sold,C0629,01-10-2025,404054.56,277.1141227
160215,16,10-01-2025,Apartment,26,1458.08,"$486,734.54",Available,,01-10-2025,486734.54,333.8188165
160253,16,10-01-2025,Apartment,29,489.49,"$151,928.96",Available,,01-10-2025,151928.96,310.3821529
160264,16,10-01-2025,Apartment,31,1336.97,"$424,676.81",Sold,C1441,01-10-2025,424676.81,317.641241
160289,16,10-01-2025,Apartment,34,743.19,"$229,781.30",Sold,C1343,01-10-2025,229781.3,309.1824433
160300,16,10-01-2025,Apartment,35,629.97,"$188,562.02",Available,,01-10-2025,188562.02,299.3190469
160303,16,10-01-2025,Apartment,35,629.97,"$185,979.89",Available,,01-10-2025,185979.89,295.2202327
160334,16,10-01-2025,Apartment,40,688.81,"$222,496.16",Sold,C0127,01-10-2025,222496.16,323.0152872
170026,17,10-01-2025,Apartment,2,1738.5,"$542,001.16",Sold,C1803,01-10-2025,542001.16,311.7636813
170069,17,10-01-2025,Apartment,9,1505.53,"$431,674.94",Sold,C1998,01-10-2025,431674.94,286.7262293
170096,17,10-01-2025,Apartment,11,596.22,"$179,694.61",Sold,C0465,01-10-2025,179694.61,301.3897722
170162,17,10-01-2025,Apartment,17,1827.25,"$527,772.89",Available,,01-10-2025,527772.89,288.8345273
170219,17,10-01-2025,Apartment,26,929.59,"$257,546.10",Sold,C1040,01-10-2025,257546.1,277.0534322
170234,17,10-01-2025,Apartment,27,677.24,"$174,630.68",Sold,C0921,01-10-2025,174630.68,257.8564172
170355,17,10-01-2025,Apartment,46,1582.61,"$456,081.83",Available,,01-10-2025,456081.83,288.1833364
170392,17,10-01-2025,Apartment,48,1833.96,"$601,201.34",Sold,C0795,01-10-2025,601201.34,327.8159502
170405,17,10-01-2025,Apartment,48,1833.96,"$538,317.81",Available,,01-10-2025,538317.81,293.5275633
170407,17,10-01-2025,Apartment,48,1833.96,"$563,558.93",Sold,C1745,01-10-2025,563558.93,307.2907424
170437,17,10-01-2025,Apartment,51,1375.52,"$404,608.18",Sold,C0022,01-10-2025,404608.18,294.1492526
180063,18,10-01-2025,Apartment,7,505.94,"$152,268.30",Sold,C0564,01-10-2025,152268.3,300.9611812
180145,18,10-01-2025,Apartment,19,1268.1,"$381,039.09",Sold,C0176,01-10-2025,381039.09,300.480317
180160,18,10-01-2025,Apartment,21,1790.69,"$476,904.44",Sold,C0843,01-10-2025,476904.44,266.3244001
180200,18,10-01-2025,Apartment,26,1147.71,"$354,247.08",Sold,C1305,01-10-2025,354247.08,308.6555663
180228,18,10-01-2025,Office,29,578.36,"$183,675.08",Sold,C1907,01-10-2025,183675.08,317.5791549
180265,18,10-01-2025,Apartment,31,945.46,"$308,632.27",Available,,01-10-2025,308632.27,326.4360946
180273,18,10-01-2025,Office,32,1512.9,"$432,544.27",Sold,C1733,01-10-2025,432544.27,285.9040717
180286,18,10-01-2025,Apartment,35,799.05,"$235,606.44",Sold,C0260,01-10-2025,235606.44,294.8581941
180300,18,10-01-2025,Office,36,1089.77,"$352,286.02",Available,,01-10-2025,352286.02,323.2663957
180308,18,10-01-2025,Apartment,36,1089.77,"$334,296.35",Sold,C0688,01-10-2025,334296.35,306.758628
180320,18,10-01-2025,Apartment,37,1092.32,"$281,773.47",Available,,01-10-2025,281773.47,257.9587209
180385,18,10-01-2025,Apartment,43,937.7,"$322,557.06",Sold,C1904,01-10-2025,322557.06,343.98748
180435,18,10-01-2025,Office,49,1457.92,"$445,807.43",Sold,C1893,01-10-2025,445807.43,305.7831911
180441,18,10-01-2025,Apartment,49,1457.92,"$454,071.94",Sold,C0383,01-10-2025,454071.94,311.4518904
180513,18,10-01-2025,Apartment,57,636.39,"$196,039.10",Sold,C0041,01-10-2025,196039.1,308.0486808
190027,19,10-01-2025,Apartment,5,1408.42,"$482,067.87",Sold,C0037,01-10-2025,482067.87,342.2756493
190033,19,10-01-2025,Apartment,6,1067.81,"$300,952.93",Sold,C0596,01-10-2025,300952.93,281.8412733
190071,19,10-01-2025,Apartment,10,747.71,"$225,336.63",Sold,C1634,01-10-2025,225336.63,301.3690201
190107,19,10-01-2025,Apartment,15,538.06,"$142,150.33",Sold,C1811,01-10-2025,142150.33,264.1904806
190110,19,10-01-2025,Apartment,15,538.06,"$155,403.48",Available,,01-10-2025,155403.48,288.8218414
190116,19,10-01-2025,Apartment,16,1711.98,"$506,115.59",Sold,C1263,01-10-2025,506115.59,295.6317188
190149,19,10-01-2025,Apartment,19,1697.73,"$502,330.57",Sold,C0580,01-10-2025,502330.57,295.8836623
190153,19,10-01-2025,Apartment,19,1697.73,"$493,386.88",Available,,01-10-2025,493386.88,290.6156338
190166,19,10-01-2025,Apartment,21,477.75,"$135,540.98",Sold,C1951,01-10-2025,135540.98,283.7069178
190271,19,10-01-2025,Apartment,31,1089.64,"$301,120.30",Available,,01-10-2025,301120.3,276.348427
190275,19,10-01-2025,Apartment,32,1048.61,"$342,021.93",Sold,C1676,01-10-2025,342021.93,326.1669543
190276,19,10-01-2025,Apartment,32,1048.61,"$327,116.73",Sold,C0217,01-10-2025,327116.73,311.9527088
190301,19,10-01-2025,Apartment,36,855.94,"$245,493.58",Sold,C1654,01-10-2025,245493.58,286.811669
190307,19,10-01-2025,Apartment,37,1565.26,"$531,754.05",Sold,C1298,01-10-2025,531754.05,339.7225062
190321,19,10-01-2025,Apartment,39,1237.04,"$341,413.93",Sold,C1718,01-10-2025,341413.93,275.9926356
190342,19,10-01-2025,Apartment,40,893.49,"$232,412.79",Available,,01-10-2025,232412.79,260.1179532
190395,19,10-01-2025,Apartment,44,982.8,"$290,049.44",Sold,C1308,01-10-2025,290049.44,295.1256003
190418,19,10-01-2025,Office,48,851.11,"$261,753.92",Available,,01-10-2025,261753.92,307.5441717
190424,19,10-01-2025,Apartment,49,1004.26,"$297,694.12",Sold,C0047,01-10-2025,297694.12,296.4313226
200076,20,10-01-2025,Apartment,10,1714.22,"$377,128.40",Sold,C1950,01-10-2025,377128.4,220
200135,20,10-01-2025,Apartment,17,1089.33,"$318,346.14",Sold,C0141,01-10-2025,318346.14,292.2403129
200224,20,10-01-2025,Apartment,27,993.62,"$292,047.40",Sold,C0143,01-10-2025,292047.4,293.9226264
200268,20,10-01-2025,Apartment,31,1414.44,"$460,529.82",Sold,C1794,01-10-2025,460529.82,325.5916264
200304,20,10-01-2025,Office,33,630.53,"$182,434.90",Sold,C0694,01-10-2025,182434.9,289.3357969
200363,20,10-01-2025,Apartment,40,428.03,"$131,473.18",Sold,C0721,01-10-2025,131473.18,307.1587973
200368,20,10-01-2025,Apartment,40,428.03,"$106,223.34",Available,,01-10-2025,106223.34,248.1679789
200378,20,10-01-2025,Apartment,41,541.22,"$163,235.17",Sold,C0898,01-10-2025,163235.17,301.6059458
200407,20,10-01-2025,Apartment,46,1227.49,"$393,941.16",Sold,C1591,01-10-2025,393941.16,320.9322764
200416,20,10-01-2025,Apartment,48,860.8,"$321,775.28",Available,,01-10-2025,321775.28,373.8095725
200435,20,10-01-2025,Office,49,880.76,"$244,772.31",Sold,C1901,01-10-2025,244772.31,277.9103388
200437,20,10-01-2025,Office,49,880.76,"$220,783.13",Sold,C1406,01-10-2025,220783.13,250.6734298
200441,20,10-01-2025,Apartment,49,880.76,"$200,706.98",Sold,C0767,01-10-2025,200706.98,227.8793088
200455,20,10-01-2025,Apartment,51,1062.33,"$325,473.28",Sold,C0451,01-10-2025,325473.28,306.3768132
200497,20,10-01-2025,Apartment,57,445.15,"$131,628.47",Sold,C0210,01-10-2025,131628.47,295.6946423
2021,2,11-01-2025,Apartment,21,785.48,"$217,748.48",Sold,C0007,01-11-2025,217748.48,277.2170902
3005,3,11-01-2025,Apartment,5,781.07,"$258,015.61",Sold,C0138,01-11-2025,258015.61,330.3360902
5043,5,11-01-2025,Apartment,43,598.58,"$175,773.59",Available,,01-11-2025,175773.59,293.6509573
5044,5,11-01-2025,Apartment,44,1238.58,"$322,610.74",Available,,01-11-2025,322610.74,260.4682297
10040,1,11-01-2025,Apartment,5,753.87,"$255,451.33",Available,,01-11-2025,255451.33,338.8532904
10103,1,11-01-2025,Apartment,13,719.47,"$256,265.53",Sold,C0351,01-11-2025,256265.53,356.1865401
10135,1,11-01-2025,Office,17,608.25,"$183,058.38",Sold,C0444,01-11-2025,183058.38,300.9591122
10161,1,11-01-2025,Office,20,1146.24,"$366,393.76",Sold,C1894,01-11-2025,366393.76,319.6483808
10171,1,11-01-2025,Office,22,740.83,"$247,904.66",Sold,C1674,01-11-2025,247904.66,334.630968
10180,1,11-01-2025,Office,22,740.83,"$207,582.07",Sold,C1477,01-11-2025,207582.07,280.2020302
10238,1,11-01-2025,Office,27,725.12,"$219,709.14",Sold,C1966,01-11-2025,219709.14,302.9969384
10244,1,11-01-2025,Apartment,29,757.2,"$207,676.96",Sold,C1183,01-11-2025,207676.96,274.2696249
10283,1,11-01-2025,Apartment,30,753.29,"$219,138.43",Sold,C0681,01-11-2025,219138.43,290.9084549
10305,1,11-01-2025,Office,32,800.77,"$272,567.73",Available,,01-11-2025,272567.73,340.3820448
10310,1,11-01-2025,Apartment,33,827.74,"$284,008.39",Sold,C0724,01-11-2025,284008.39,343.1130427
10320,1,11-01-2025,Apartment,34,1469.14,"$514,431.17",Available,,01-11-2025,514431.17,350.1580312
10328,1,11-01-2025,Apartment,35,1168.59,"$374,729.63",Sold,C1196,01-11-2025,374729.63,320.6681813
10330,1,11-01-2025,Apartment,35,1168.59,"$338,658.30",Sold,C0177,01-11-2025,338658.3,289.8007856
10336,1,11-01-2025,Apartment,36,613.59,"$195,068.84",Sold,C1529,01-11-2025,195068.84,317.9139816
10338,1,11-01-2025,Apartment,36,613.59,"$178,955.35",Sold,C1483,01-11-2025,178955.35,291.6529767
10360,1,11-01-2025,Apartment,39,742.93,"$226,371.81",Sold,C1795,01-11-2025,226371.81,304.7013985
10374,1,11-01-2025,Apartment,41,835.25,"$227,751.55",Sold,C1474,01-11-2025,227751.55,272.6747082
20001,2,11-01-2025,Apartment,1,706.3,"$262,842.09",Sold,C0623,01-11-2025,262842.09,372.139445
20017,2,11-01-2025,Apartment,2,788.72,"$233,220.13",Available,,01-11-2025,233220.13,295.6944543
20021,2,11-01-2025,Office,3,645.84,"$229,427.60",Sold,C1110,01-11-2025,229427.6,355.2390685
20055,2,11-01-2025,Apartment,6,967.84,"$302,858.56",Sold,C0267,01-11-2025,302858.56,312.9221359
20085,2,11-01-2025,Apartment,10,788.79,"$234,972.82",Sold,C1046,01-11-2025,234972.82,297.8902116
20103,2,11-01-2025,Apartment,11,1625.05,"$443,635.55",Sold,C1610,01-11-2025,443635.55,272.9980924
20180,2,11-01-2025,Office,20,727.55,"$216,508.73",Available,,01-11-2025,216508.73,297.5860491
20217,2,11-01-2025,Office,24,785.12,"$231,620.61",Sold,C1751,01-11-2025,231620.61,295.0130044
20253,2,11-01-2025,Apartment,28,650.67,"$225,279.10",Sold,C1836,01-11-2025,225279.1,346.2263513
20277,2,11-01-2025,Office,33,931.4,"$294,176.92",Available,,01-11-2025,294176.92,315.843805
20294,2,11-01-2025,Apartment,35,1391.68,"$415,639.70",Sold,C1411,01-11-2025,415639.7,298.6603961
20319,2,11-01-2025,Apartment,37,780.46,"$239,437.46",Available,,01-11-2025,239437.46,306.790175
20414,2,11-01-2025,Apartment,47,708.32,"$229,657.95",Sold,C0942,01-11-2025,229657.95,324.2290914
20491,2,11-01-2025,Apartment,57,789.52,"$233,326.12",Available,,01-11-2025,233326.12,295.529081
20494,2,11-01-2025,Apartment,57,789.52,"$201,052.00",Sold,C1687,01-11-2025,201052,254.6509271
30006,3,11-01-2025,Apartment,1,689.75,"$198,664.15",Available,,01-11-2025,198664.15,288.0234143
30029,3,11-01-2025,Apartment,4,719.96,"$199,587.11",Available,,01-11-2025,199587.11,277.2197205
30036,3,11-01-2025,Apartment,4,719.96,"$246,487.05",Sold,C0757,01-11-2025,246487.05,342.3621451
30108,3,11-01-2025,Office,10,784.09,"$267,258.60",Sold,C0306,01-11-2025,267258.6,340.851943
30109,3,11-01-2025,Apartment,10,784.09,"$212,968.31",Sold,C0414,01-11-2025,212968.31,271.6120726
30121,3,11-01-2025,Office,11,1283.1,"$286,088.15",Sold,C0275,01-11-2025,286088.15,222.9663705
30131,3,11-01-2025,Office,12,657.47,"$193,765.86",Available,,01-11-2025,193765.86,294.7143748
30180,3,11-01-2025,Apartment,20,802.97,"$233,194.73",Available,,01-11-2025,233194.73,290.4152459
30204,3,11-01-2025,Apartment,22,1165.89,"$400,605.15",Sold,C1044,01-11-2025,400605.15,343.6045853
30227,3,11-01-2025,Apartment,26,923.9,"$286,765.45",Available,,01-11-2025,286765.45,310.3858102
30233,3,11-01-2025,Apartment,27,1117.14,"$356,949.82",Sold,C0781,01-11-2025,356949.82,319.5211164
30254,3,11-01-2025,Apartment,28,679.93,"$219,865.93",Sold,C0466,01-11-2025,219865.93,323.3655376
30259,3,11-01-2025,Apartment,28,679.93,"$203,901.13",Available,,01-11-2025,203901.13,299.8854735
30277,3,11-01-2025,Office,31,915.38,"$223,789.27",Available,,01-11-2025,223789.27,244.4769058
30392,3,11-01-2025,Apartment,48,783.39,"$198,403.30",Sold,C0842,01-11-2025,198403.3,253.2624874
30411,3,11-01-2025,Apartment,49,1174.48,"$351,976.66",Sold,C1937,01-11-2025,351976.66,299.6872318
30442,3,11-01-2025,Apartment,51,693.85,"$197,773.53",Available,,01-11-2025,197773.53,285.0378756
30453,3,11-01-2025,Apartment,52,1361.9,"$311,382.60",Sold,C1643,01-11-2025,311382.6,228.6383729
30469,3,11-01-2025,Apartment,56,1179.42,"$363,347.59",Available,,01-11-2025,363347.59,308.0731122
40017,4,11-01-2025,Apartment,2,1620.07,"$452,617.95",Sold,C1070,01-11-2025,452617.95,279.3817242
40035,4,11-01-2025,Apartment,4,783.03,"$252,558.84",Available,,01-11-2025,252558.84,322.5404391
40082,4,11-01-2025,Apartment,10,1614.62,"$523,968.19",Sold,C1150,01-11-2025,523968.19,324.5148642
40090,4,11-01-2025,Apartment,12,789.38,"$233,668.32",Sold,C0340,01-11-2025,233668.32,296.0149991
40112,4,11-01-2025,Apartment,14,1322.66,"$403,269.79",Sold,C0579,01-11-2025,403269.79,304.8930111
40120,4,11-01-2025,Office,14,1322.66,"$335,954.58",Available,,01-11-2025,335954.58,253.9991986
40189,4,11-01-2025,Apartment,23,1110.99,"$303,764.63",Available,,01-11-2025,303764.63,273.4179696
40194,4,11-01-2025,Apartment,24,786.05,"$198,985.13",Available,,01-11-2025,198985.13,253.1456396
40198,4,11-01-2025,Office,25,1310.16,"$357,740.08",Sold,C1068,01-11-2025,357740.08,273.0506808
40199,4,11-01-2025,Apartment,25,1310.16,"$355,330.61",Sold,C0019,01-11-2025,355330.61,271.2116154
40202,4,11-01-2025,Apartment,25,1310.16,"$424,125.21",Sold,C0733,01-11-2025,424125.21,323.7201639
40301,4,11-01-2025,Apartment,35,777.82,"$204,368.26",Sold,C1949,01-11-2025,204368.26,262.7449281
40326,4,11-01-2025,Apartment,39,743.73,"$242,986.99",Sold,C1818,01-11-2025,242986.99,326.7139822
40338,4,11-01-2025,Apartment,40,780.74,"$198,594.76",Sold,C0639,01-11-2025,198594.76,254.3673438
40344,4,11-01-2025,Apartment,41,779.87,"$231,182.80",Sold,C0087,01-11-2025,231182.8,296.4376114
40362,4,11-01-2025,Apartment,43,1616.99,"$472,001.11",Available,,01-11-2025,472001.11,291.9010693
40412,4,11-01-2025,Apartment,48,1621.39,"$410,763.17",Sold,C0556,01-11-2025,410763.17,253.3401403
50003,5,11-01-2025,Apartment,1,790.55,"$249,655.07",Sold,C0797,01-11-2025,249655.07,315.7992157
50006,5,11-01-2025,Apartment,2,795.91,"$246,134.92",Sold,C0132,01-11-2025,246134.92,309.249689
50044,5,11-01-2025,Apartment,8,782.15,"$266,828.76",Available,,01-11-2025,266828.76,341.1478105
50054,5,11-01-2025,Apartment,9,793.56,"$231,833.39",Sold,C1738,01-11-2025,231833.39,292.1434926
50055,5,11-01-2025,Apartment,9,793.56,"$227,850.26",Sold,C0263,01-11-2025,227850.26,287.1241746
50091,5,11-01-2025,Apartment,11,1058.56,"$338,810.07",Sold,C1383,01-11-2025,338810.07,320.0669494
50183,5,11-01-2025,Apartment,23,1006.65,"$317,911.69",Sold,C1054,01-11-2025,317911.69,315.8115432
50224,5,11-01-2025,Apartment,30,794.93,"$248,865.60",Available,,01-11-2025,248865.6,313.0660561
50244,5,11-01-2025,Apartment,32,1051.39,"$280,556.27",Available,,01-11-2025,280556.27,266.8431981
50261,5,11-01-2025,Apartment,34,802.33,"$227,403.75",Sold,C0085,01-11-2025,227403.75,283.4292
50286,5,11-01-2025,Apartment,37,1790.7,"$481,169.93",Available,,01-11-2025,481169.93,268.7049366
50310,5,11-01-2025,Apartment,41,630.83,"$175,215.94",Sold,C0404,01-11-2025,175215.94,277.754609
50315,5,11-01-2025,Office,41,630.83,"$163,897.50",Available,,01-11-2025,163897.5,259.8124693
50349,5,11-01-2025,Apartment,44,806.03,"$244,970.45",Sold,C0044,01-11-2025,244970.45,303.9222486
50360,5,11-01-2025,Apartment,44,806.03,"$253,742.21",Sold,C1606,01-11-2025,253742.21,314.8049204
50415,5,11-01-2025,Apartment,48,788.04,"$242,719.06",Sold,C1297,01-11-2025,242719.06,308.003477
50428,5,11-01-2025,Apartment,50,1261.07,"$368,537.37",Available,,01-11-2025,368537.37,292.2418026
50441,5,11-01-2025,Office,52,1755.18,"$598,861.96",Available,,01-11-2025,598861.96,341.1968915
60018,6,11-01-2025,Apartment,1,1720.95,"$497,030.07",Sold,C0624,01-11-2025,497030.07,288.811453
60059,6,11-01-2025,Apartment,5,1617.43,"$392,959.84",Available,,01-11-2025,392959.84,242.9532283
60113,6,11-01-2025,Apartment,9,1194.12,"$409,698.72",Available,,01-11-2025,409698.72,343.0967742
60118,6,11-01-2025,Apartment,10,942.08,"$320,955.37",Available,,01-11-2025,320955.37,340.6880201
60126,6,11-01-2025,Apartment,10,942.08,"$252,203.89",Sold,C1417,01-11-2025,252203.89,267.7096319
60195,6,11-01-2025,Office,19,1542.71,"$484,844.40",Sold,C0748,01-11-2025,484844.4,314.2809731
60222,6,11-01-2025,Apartment,20,1897.17,"$676,167.22",Sold,C1876,01-11-2025,676167.22,356.4083451
60244,6,11-01-2025,Apartment,25,1086.43,"$352,321.38",Sold,C0129,01-11-2025,352321.38,324.292757
60291,6,11-01-2025,Office,32,793.11,"$276,330.88",Sold,C0658,01-11-2025,276330.88,348.4143183
60294,6,11-01-2025,Apartment,33,1131,"$326,577.18",Sold,C1796,01-11-2025,326577.18,288.7508223
60313,6,11-01-2025,Apartment,34,1353.81,"$386,941.83",Sold,C0549,01-11-2025,386941.83,285.8169389
60336,6,11-01-2025,Apartment,37,1721.96,"$541,782.12",Sold,C0372,01-11-2025,541782.12,314.6310716
60438,6,11-01-2025,Apartment,51,1476.63,"$445,059.31",Sold,C0347,01-11-2025,445059.31,301.4020506
60447,6,11-01-2025,Apartment,53,1170.96,"$381,525.18",Sold,C0560,01-11-2025,381525.18,325.8225559
70004,7,11-01-2025,Apartment,1,759.04,"$210,532.52",Sold,C0602,01-11-2025,210532.52,277.3668318
70011,7,11-01-2025,Apartment,3,888.5,"$252,997.81",Sold,C0209,01-11-2025,252997.81,284.7471131
70036,7,11-01-2025,Apartment,6,1232.31,"$370,506.46",Sold,C0896,01-11-2025,370506.46,300.6601099
70044,7,11-01-2025,Apartment,7,1071.02,"$284,779.42",Available,,01-11-2025,284779.42,265.8955202
70049,7,11-01-2025,Apartment,8,1561.28,"$381,856.69",Sold,C0680,01-11-2025,381856.69,244.5792491
70056,7,11-01-2025,Apartment,9,926.11,"$245,007.73",Sold,C0844,01-11-2025,245007.73,264.5557547
70087,7,11-01-2025,Apartment,12,804.65,"$260,656.65",Sold,C1351,01-11-2025,260656.65,323.9379233
70119,7,11-01-2025,Apartment,15,602.92,"$185,296.54",Sold,C1711,01-11-2025,185296.54,307.3318848
70143,7,11-01-2025,Apartment,17,1586.15,"$470,683.64",Sold,C0959,01-11-2025,470683.64,296.7459824
70232,7,11-01-2025,Apartment,26,717,"$181,046.17",Available,,01-11-2025,181046.17,252.5051185
70246,7,11-01-2025,Apartment,27,768.05,"$200,961.24",Sold,C1113,01-11-2025,200961.24,261.6512467
70323,7,11-01-2025,Apartment,38,1755.26,"$492,569.41",Sold,C1682,01-11-2025,492569.41,280.6247564
70366,7,11-01-2025,Office,43,498.61,"$173,467.51",Sold,C0659,01-11-2025,173467.51,347.9021881
70388,7,11-01-2025,Apartment,44,1859.83,"$579,256.81",Available,,01-11-2025,579256.81,311.456859
70392,7,11-01-2025,Office,45,1150.93,"$337,914.19",Sold,C0857,01-11-2025,337914.19,293.6009922
70393,7,11-01-2025,Apartment,45,1150.93,"$382,612.66",Sold,C0849,01-11-2025,382612.66,332.4378199
70397,7,11-01-2025,Apartment,45,1150.93,"$338,690.28",Sold,C1484,01-11-2025,338690.28,294.2753078
70427,7,11-01-2025,Apartment,50,502.02,"$155,945.89",Sold,C1838,01-11-2025,155945.89,310.6368073
70445,7,11-01-2025,Apartment,52,1281.14,"$349,648.17",Sold,C1725,01-11-2025,349648.17,272.9195638
70455,7,11-01-2025,Apartment,54,1940.69,"$480,664.14",Sold,C0429,01-11-2025,480664.14,247.6769293
70459,7,11-01-2025,Apartment,54,1940.69,"$556,524.23",Sold,C1841,01-11-2025,556524.23,286.7661656
70480,7,11-01-2025,Apartment,56,1589.6,"$543,124.84",Available,,01-11-2025,543124.84,341.6739054
70495,7,11-01-2025,Apartment,58,1629.83,"$439,175.81",Sold,C0855,01-11-2025,439175.81,269.4611156
80127,8,11-01-2025,Apartment,15,534.85,"$146,489.27",Available,,01-11-2025,146489.27,273.8885108
80229,8,11-01-2025,Apartment,30,1070.46,"$312,199.71",Available,,01-11-2025,312199.71,291.6500476
80230,8,11-01-2025,Apartment,30,1070.46,"$356,415.65",Sold,C0356,01-11-2025,356415.65,332.9555985
80256,8,11-01-2025,Apartment,31,1253.18,"$368,476.78",Sold,C0775,01-11-2025,368476.78,294.033403
80317,8,11-01-2025,Apartment,37,890.65,"$282,190.81",Available,,01-11-2025,282190.81,316.8369281
80319,8,11-01-2025,Office,37,890.65,"$259,033.69",Sold,C0302,01-11-2025,259033.69,290.8366811
80320,8,11-01-2025,Apartment,37,890.65,"$303,140.71",Available,,01-11-2025,303140.71,340.3589626
80385,8,11-01-2025,Apartment,46,1175.51,"$320,650.80",Available,,01-11-2025,320650.8,272.7759015
80415,8,11-01-2025,Apartment,47,543.08,"$162,276.59",Sold,C0888,01-11-2025,162276.59,298.807892
80444,8,11-01-2025,Apartment,52,559.73,"$181,961.70",Available,,01-11-2025,181961.7,325.0883462
80497,8,11-01-2025,Apartment,57,1949.35,"$611,950.16",Available,,01-11-2025,611950.16,313.9252366
90013,9,11-01-2025,Apartment,2,481.55,"$142,741.31",Sold,C0939,01-11-2025,142741.31,296.4205378
90028,9,11-01-2025,Apartment,6,1821.59,"$664,971.32",Sold,C0304,01-11-2025,664971.32,365.0499399
90032,9,11-01-2025,Apartment,7,697.68,"$235,108.59",Sold,C0275,01-11-2025,235108.59,336.9862831
90064,9,11-01-2025,Apartment,11,559.6,"$163,278.20",Sold,C1399,01-11-2025,163278.2,291.7766262
90123,9,11-01-2025,Office,18,860.97,"$312,329.10",Available,,01-11-2025,312329.1,362.7642078
90209,9,11-01-2025,Apartment,30,1250.17,"$404,942.23",Sold,C1945,01-11-2025,404942.23,323.9097323
90239,9,11-01-2025,Apartment,34,1577.36,"$566,466.92",Sold,C0541,01-11-2025,566466.92,359.1234214
90248,9,11-01-2025,Apartment,34,1577.36,"$517,404.20",Sold,C1171,01-11-2025,517404.2,328.0190952
90256,9,11-01-2025,Apartment,34,1577.36,"$453,005.17",Available,,01-11-2025,453005.17,287.191998
90309,9,11-01-2025,Office,38,1260.31,"$479,460.40",Sold,C0271,01-11-2025,479460.4,380.430529
90327,9,11-01-2025,Apartment,39,1839.34,"$563,581.06",Sold,C1214,01-11-2025,563581.06,306.4039601
90410,9,11-01-2025,Apartment,52,1126.02,"$289,362.88",Available,,01-11-2025,289362.88,256.9784551
90431,9,11-01-2025,Apartment,54,1693.18,"$507,727.45",Available,,01-11-2025,507727.45,299.8661985
90438,9,11-01-2025,Apartment,56,1516.4,"$485,182.70",Sold,C0811,01-11-2025,485182.7,319.9569375
90489,9,11-01-2025,Apartment,58,838.34,"$269,593.82",Sold,C0736,01-11-2025,269593.82,321.5805282
90533,9,11-01-2025,Apartment,62,1263.44,"$375,639.73",Available,,01-11-2025,375639.73,297.3150526
100042,10,11-01-2025,Apartment,5,1741.96,"$487,397.65",Sold,C1627,01-11-2025,487397.65,279.7984167
100171,10,11-01-2025,Apartment,22,1116.68,"$349,536.03",Sold,C0096,01-11-2025,349536.03,313.0136028
100197,10,11-01-2025,Apartment,26,1294.85,"$358,050.18",Sold,C0416,01-11-2025,358050.18,276.5186547
100199,10,11-01-2025,Apartment,26,1294.85,"$411,006.55",Available,,01-11-2025,411006.55,317.4163417
100227,10,11-01-2025,Apartment,28,1606.58,"$370,439.82",Sold,C1629,01-11-2025,370439.82,230.5766411
100237,10,11-01-2025,Apartment,28,1606.58,"$492,594.19",Sold,C1735,01-11-2025,492594.19,306.6104333
100248,10,11-01-2025,Apartment,30,1559.4,"$472,764.91",Sold,C1492,01-11-2025,472764.91,303.1710337
100265,10,11-01-2025,Apartment,31,1499,"$517,225.72",Sold,C0490,01-11-2025,517225.72,345.0471781
100343,10,11-01-2025,Office,41,1750.64,"$618,969.17",Available,,01-11-2025,618969.17,353.5673639
100368,10,11-01-2025,Apartment,43,1093.67,"$319,736.59",Sold,C0673,01-11-2025,319736.59,292.35198
100400,10,11-01-2025,Apartment,46,1525.34,"$427,855.21",Available,,01-11-2025,427855.21,280.4982561
100409,10,11-01-2025,Apartment,48,1421.82,"$433,353.30",Sold,C0689,01-11-2025,433353.3,304.7877368
110066,11,11-01-2025,Apartment,8,1001.41,"$302,352.69",Available,,01-11-2025,302352.69,301.926973
110096,11,11-01-2025,Apartment,10,1519.64,"$498,329.20",Sold,C1915,01-11-2025,498329.2,327.9258245
110143,11,11-01-2025,Office,14,524.68,"$185,648.15",Available,,01-11-2025,185648.15,353.8311923
110158,11,11-01-2025,Apartment,16,1829.02,"$555,271.92",Sold,C0052,01-11-2025,555271.92,303.5898569
110187,11,11-01-2025,Apartment,20,570.62,"$139,343.87",Sold,C0540,01-11-2025,139343.87,244.1973117
110207,11,11-01-2025,Apartment,24,1481.82,"$483,310.62",Sold,C1599,01-11-2025,483310.62,326.1601409
110405,11,11-01-2025,Apartment,48,661.7,"$187,373.72",Sold,C1141,01-11-2025,187373.72,283.170198
110409,11,11-01-2025,Apartment,49,1095.85,"$320,280.83",Sold,C0802,01-11-2025,320280.83,292.2670347
110421,11,11-01-2025,Apartment,50,948.72,"$324,597.29",Available,,01-11-2025,324597.29,342.1423497
110474,11,11-01-2025,Apartment,56,724.8,"$254,744.91",Available,,01-11-2025,254744.91,351.4692467
110476,11,11-01-2025,Apartment,56,724.8,"$198,493.91",Sold,C1360,01-11-2025,198493.91,273.8602511
110480,11,11-01-2025,Apartment,57,1008.58,"$293,155.68",Sold,C1424,01-11-2025,293155.68,290.6618017
110536,11,11-01-2025,Apartment,62,1938.82,"$584,274.59",Available,,01-11-2025,584274.59,301.3557679
120010,12,11-01-2025,Apartment,1,839.95,"$270,210.04",Sold,C1269,01-11-2025,270210.04,321.6977677
120033,12,11-01-2025,Apartment,3,1469.27,"$461,277.40",Sold,C0873,01-11-2025,461277.4,313.9500568
120069,12,11-01-2025,Apartment,8,1803.36,"$532,123.09",Sold,C1027,01-11-2025,532123.09,295.0731357
120076,12,11-01-2025,Office,9,857.88,"$279,331.20",Sold,C0716,01-11-2025,279331.2,325.6063785
120101,12,11-01-2025,Apartment,13,1394.03,"$367,948.15",Sold,C0643,01-11-2025,367948.15,263.9456468
120105,12,11-01-2025,Office,13,1394.03,"$428,024.76",Sold,C1563,01-11-2025,428024.76,307.0412832
120114,12,11-01-2025,Apartment,14,1369.96,"$408,970.70",Sold,C1288,01-11-2025,408970.7,298.5274753
120135,12,11-01-2025,Office,16,1523.02,"$531,861.15",Sold,C1970,01-11-2025,531861.15,349.2148166
120168,12,11-01-2025,Apartment,19,1381.22,"$404,116.85",Sold,C0657,01-11-2025,404116.85,292.5796397
120176,12,11-01-2025,Apartment,19,1381.22,"$438,017.28",Sold,C1513,01-11-2025,438017.28,317.1234706
120178,12,11-01-2025,Apartment,20,1802.21,"$589,821.06",Sold,C1155,01-11-2025,589821.06,327.2765438
120216,12,11-01-2025,Apartment,24,1306.75,"$342,014.82",Available,,01-11-2025,342014.82,261.7293438
120305,12,11-01-2025,Apartment,34,1817.64,"$581,530.71",Sold,C1188,01-11-2025,581530.71,319.9372318
120330,12,11-01-2025,Apartment,35,1690.62,"$522,782.23",Available,,01-11-2025,522782.23,309.2251541
120380,12,11-01-2025,Apartment,41,938.23,"$301,777.57",Sold,C0625,01-11-2025,301777.57,321.6456199
130009,13,11-01-2025,Apartment,1,1899.92,"$585,383.34",Sold,C1039,01-11-2025,585383.34,308.1094678
130019,13,11-01-2025,Apartment,1,1899.92,"$528,447.33",Sold,C0525,01-11-2025,528447.33,278.1418849
130053,13,11-01-2025,Apartment,5,441.3,"$140,473.80",Available,,01-11-2025,140473.8,318.3181509
130101,13,11-01-2025,Apartment,11,1678.3,"$492,219.36",Available,,01-11-2025,492219.36,293.2844903
130119,13,11-01-2025,Apartment,14,777.75,"$263,800.27",Sold,C1192,01-11-2025,263800.27,339.1838894
130120,13,11-01-2025,Apartment,14,777.75,"$232,415.12",Sold,C1122,01-11-2025,232415.12,298.8301125
130127,13,11-01-2025,Apartment,15,458.29,"$133,001.94",Sold,C0069,01-11-2025,133001.94,290.2134893
130206,13,11-01-2025,Apartment,24,1044.69,"$318,399.49",Sold,C0115,01-11-2025,318399.49,304.7789201
130233,13,11-01-2025,Apartment,27,885.68,"$275,412.14",Sold,C1428,01-11-2025,275412.14,310.9612275
130259,13,11-01-2025,Apartment,30,1777.51,"$517,851.19",Available,,01-11-2025,517851.19,291.3351767
130283,13,11-01-2025,Apartment,32,1114.07,"$307,088.64",Sold,C1571,01-11-2025,307088.64,275.6457314
130292,13,11-01-2025,Apartment,33,1445.84,"$349,555.66",Sold,C0596,01-11-2025,349555.66,241.7664887
130306,13,11-01-2025,Apartment,33,1445.84,"$502,977.76",Available,,01-11-2025,502977.76,347.8792674
130311,13,11-01-2025,Apartment,34,1557,"$442,471.98",Sold,C0739,01-11-2025,442471.98,284.1823892
130335,13,11-01-2025,Apartment,37,1555.67,"$498,455.15",Sold,C1632,01-11-2025,498455.15,320.4118804
130408,13,11-01-2025,Apartment,46,1098.38,"$301,584.36",Available,,01-11-2025,301584.36,274.5719696
130486,13,11-01-2025,Apartment,56,606.9,"$209,460.48",Sold,C1751,01-11-2025,209460.48,345.1317845
130524,13,11-01-2025,Apartment,60,1401.81,"$400,639.20",Sold,C1328,01-11-2025,400639.2,285.8013568
130570,13,11-01-2025,Apartment,67,524.97,"$182,365.75",Sold,C1654,01-11-2025,182365.75,347.3831838
130586,13,11-01-2025,Apartment,68,1590.69,"$456,114.67",Sold,C0163,01-11-2025,456114.67,286.7401379
140017,14,11-01-2025,Apartment,4,1797.81,"$674,634.08",Sold,C0072,01-11-2025,674634.08,375.2532693
140037,14,11-01-2025,Apartment,6,1733.36,"$512,907.41",Available,,01-11-2025,512907.41,295.9035688
140075,14,11-01-2025,Apartment,9,803.5,"$206,747.63",Sold,C0827,01-11-2025,206747.63,257.3088114
140076,14,11-01-2025,Office,10,686.98,"$229,277.01",Sold,C0826,01-11-2025,229277.01,333.7462663
140082,14,11-01-2025,Apartment,11,1431.42,"$424,295.01",Sold,C0537,01-11-2025,424295.01,296.4154546
140111,14,11-01-2025,Apartment,12,459.44,"$150,372.92",Available,,01-11-2025,150372.92,327.2960996
140220,14,11-01-2025,Apartment,23,1610.37,"$475,258.58",Sold,C0168,01-11-2025,475258.58,295.1238411
140228,14,11-01-2025,Apartment,24,1205.25,"$313,395.21",Sold,C0764,01-11-2025,313395.21,260.0250653
140285,14,11-01-2025,Office,33,1894.96,"$567,515.07",Sold,C1641,01-11-2025,567515.07,299.4865696
140309,14,11-01-2025,Office,35,1152.84,"$383,709.90",Sold,C1619,01-11-2025,383709.9,332.8388154
140343,14,11-01-2025,Office,40,532.44,"$173,509.18",Available,,01-11-2025,173509.18,325.8755541
140381,14,11-01-2025,Apartment,46,1258.99,"$435,031.40",Sold,C0006,01-11-2025,435031.4,345.5399963
140383,14,11-01-2025,Apartment,46,1258.99,"$301,009.14",Available,,01-11-2025,301009.14,239.0877926
140391,14,11-01-2025,Apartment,47,917.53,"$260,925.13",Available,,01-11-2025,260925.13,284.3777642
150058,15,11-01-2025,Apartment,9,565.48,"$155,758.36",Sold,C0842,01-11-2025,155758.36,275.4445073
150068,15,11-01-2025,Apartment,10,1072.95,"$344,497.27",Available,,01-11-2025,344497.27,321.074859
150075,15,11-01-2025,Office,11,1437.62,"$431,869.41",Sold,C1937,01-11-2025,431869.41,300.4058166
150090,15,11-01-2025,Apartment,14,1832.17,"$590,525.42",Sold,C0197,01-11-2025,590525.42,322.3092944
150107,15,11-01-2025,Apartment,15,522.71,"$149,168.26",Available,,01-11-2025,149168.26,285.3747967
150110,15,11-01-2025,Apartment,15,522.71,"$164,671.95",Sold,C0796,01-11-2025,164671.95,315.0350099
150116,15,11-01-2025,Apartment,16,1692.61,"$451,472.07",Sold,C0512,01-11-2025,451472.07,266.7313025
150153,15,11-01-2025,Apartment,20,1662.01,"$582,501.36",Available,,01-11-2025,582501.36,350.4800573
150196,15,11-01-2025,Apartment,23,1279.23,"$424,459.34",Sold,C1577,01-11-2025,424459.34,331.8084629
150215,15,11-01-2025,Apartment,24,924.36,"$299,400.10",Sold,C0699,01-11-2025,299400.1,323.8998875
150255,15,11-01-2025,Apartment,30,1523.22,"$367,291.58",Sold,C1060,01-11-2025,367291.58,241.1283859
150270,15,11-01-2025,Apartment,31,1901.65,"$487,419.68",Sold,C1049,01-11-2025,487419.68,256.3140851
150285,15,11-01-2025,Apartment,34,1304.22,"$448,177.53",Available,,01-11-2025,448177.53,343.6364494
150338,15,11-01-2025,Apartment,39,1713.42,"$528,186.67",Sold,C0787,01-11-2025,528186.67,308.2645644
150369,15,11-01-2025,Apartment,46,1672.19,"$485,123.68",Sold,C0434,01-11-2025,485123.68,290.1127743
150410,15,11-01-2025,Apartment,52,829.2,"$246,505.73",Sold,C1072,01-11-2025,246505.73,297.2813917
150436,15,11-01-2025,Office,54,1495.13,"$441,341.34",Sold,C1689,01-11-2025,441341.34,295.1859303
160001,16,11-01-2025,Apartment,1,637.07,"$182,821.64",Sold,C1156,01-11-2025,182821.64,286.972609
160004,16,11-01-2025,Office,1,637.07,"$203,005.54",Sold,C1877,01-11-2025,203005.54,318.6549987
160017,16,11-01-2025,Apartment,3,466.91,"$155,288.54",Available,,01-11-2025,155288.54,332.5877364
160075,16,11-01-2025,Apartment,9,1524.04,"$470,652.98",Sold,C1789,01-11-2025,470652.98,308.8193092
160087,16,11-01-2025,Apartment,10,1608.56,"$457,443.89",Sold,C1059,01-11-2025,457443.89,284.3809929
160149,16,11-01-2025,Apartment,19,1163.06,"$316,833.18",Sold,C1307,01-11-2025,316833.18,272.4134438
160175,16,11-01-2025,Apartment,21,837.95,"$248,809.12",Sold,C1749,01-11-2025,248809.12,296.9259741
160221,16,11-01-2025,Apartment,27,1164.55,"$315,946.58",Available,,01-11-2025,315946.58,271.3035765
160299,16,11-01-2025,Office,35,629.97,"$185,818.63",Sold,C0967,01-11-2025,185818.63,294.9642523
160330,16,11-01-2025,Apartment,39,1562.93,"$576,814.21",Sold,C1425,01-11-2025,576814.21,369.0595292
160380,16,11-01-2025,Apartment,44,1695.03,"$485,666.87",Sold,C0184,01-11-2025,485666.87,286.5240556
170028,17,11-01-2025,Office,2,1738.5,"$609,069.59",Sold,C1608,01-11-2025,609069.59,350.3420132
170035,17,11-01-2025,Apartment,2,1738.5,"$500,319.59",Sold,C0472,01-11-2025,500319.59,287.7880874
170083,17,11-01-2025,Apartment,10,1059.07,"$362,011.56",Sold,C1374,01-11-2025,362011.56,341.8202385
170118,17,11-01-2025,Apartment,14,1646.02,"$461,159.55",Sold,C0506,01-11-2025,461159.55,280.1664318
170193,17,11-01-2025,Apartment,22,1221.66,"$389,362.89",Sold,C1274,01-11-2025,389362.89,318.7162467
170203,17,11-01-2025,Apartment,23,1025.52,"$308,623.72",Available,,01-11-2025,308623.72,300.9436383
170273,17,11-01-2025,Apartment,33,1532.89,"$492,997.29",Sold,C0558,01-11-2025,492997.29,321.6129598
170283,17,11-01-2025,Office,34,1672.99,"$512,206.73",Sold,C1331,01-11-2025,512206.73,306.1624576
170319,17,11-01-2025,Apartment,39,1341.67,"$350,729.78",Sold,C0205,01-11-2025,350729.78,261.4128511
170322,17,11-01-2025,Apartment,39,1341.67,"$382,287.72",Sold,C1024,01-11-2025,382287.72,284.9342387
170363,17,11-01-2025,Office,46,1582.61,"$563,644.13",Sold,C1285,01-11-2025,563644.13,356.1484699
170365,17,11-01-2025,Office,46,1582.61,"$446,323.73",Available,,01-11-2025,446323.73,282.0175091
170386,17,11-01-2025,Office,48,1833.96,"$427,154.66",Sold,C1355,01-11-2025,427154.66,232.9138367
170397,17,11-01-2025,Apartment,48,1833.96,"$579,893.68",Sold,C0079,01-11-2025,579893.68,316.1975616
170422,17,11-01-2025,Apartment,49,1283.67,"$420,964.33",Sold,C0569,01-11-2025,420964.33,327.9381227
170425,17,11-01-2025,Office,49,1283.67,"$354,856.93",Available,,01-11-2025,354856.93,276.439373
180011,18,11-01-2025,Apartment,2,650.96,"$228,045.99",Available,,01-11-2025,228045.99,350.3225851
180016,18,11-01-2025,Apartment,2,650.96,"$173,736.31",Available,,01-11-2025,173736.31,266.8924511
180025,18,11-01-2025,Apartment,3,524.48,"$145,804.45",Available,,01-11-2025,145804.45,277.9981124
180043,18,11-01-2025,Apartment,5,883.32,"$254,226.38",Sold,C0779,01-11-2025,254226.38,287.8077933
180119,18,11-01-2025,Apartment,16,1360.96,"$424,747.54",Sold,C1494,01-11-2025,424747.54,312.094066
180176,18,11-01-2025,Apartment,23,1659.02,"$388,638.89",Available,,01-11-2025,388638.89,234.2581102
180234,18,11-01-2025,Apartment,29,578.36,"$187,806.73",Sold,C0994,01-11-2025,187806.73,324.7228889
180242,18,11-01-2025,Apartment,30,1795.66,"$554,041.06",Available,,01-11-2025,554041.06,308.544524
180270,18,11-01-2025,Apartment,32,1512.9,"$446,062.57",Available,,01-11-2025,446062.57,294.8394276
180283,18,11-01-2025,Apartment,35,799.05,"$215,198.92",Sold,C1917,01-11-2025,215198.92,269.3184657
180293,18,11-01-2025,Apartment,36,1089.77,"$319,872.98",Sold,C0104,01-11-2025,319872.98,293.5233857
180338,18,11-01-2025,Apartment,38,1219.8,"$372,238.56",Sold,C0344,01-11-2025,372238.56,305.1636006
180350,18,11-01-2025,Apartment,40,990.46,"$332,586.48",Sold,C1133,01-11-2025,332586.48,335.7899158
180409,18,11-01-2025,Apartment,46,1410.38,"$429,061.94",Available,,01-11-2025,429061.94,304.2172606
180443,18,11-01-2025,Apartment,50,854.74,"$261,586.38",Available,,01-11-2025,261586.38,306.0420479
180454,18,11-01-2025,Office,51,1527.31,"$462,493.65",Sold,C1192,01-11-2025,462493.65,302.8158331
180478,18,11-01-2025,Office,53,1806.7,"$553,251.13",Sold,C1805,01-11-2025,553251.13,306.2219129
180510,18,11-01-2025,Apartment,56,1311.59,"$344,932.72",Sold,C1671,01-11-2025,344932.72,262.9882204
180566,18,11-01-2025,Office,66,1631.24,"$474,549.83",Sold,C1428,01-11-2025,474549.83,290.9135566
190012,19,11-01-2025,Apartment,3,1468.68,"$441,268.43",Sold,C1110,01-11-2025,441268.43,300.4523994
190048,19,11-01-2025,Apartment,8,974.77,"$337,242.78",Available,,01-11-2025,337242.78,345.9716446
190064,19,11-01-2025,Apartment,10,747.71,"$184,861.04",Available,,01-11-2025,184861.04,247.2362814
190074,19,11-01-2025,Apartment,11,1869.93,"$587,752.90",Sold,C1632,01-11-2025,587752.9,314.3181296
190115,19,11-01-2025,Apartment,16,1711.98,"$494,772.35",Sold,C1624,01-11-2025,494772.35,289.0059171
190121,19,11-01-2025,Apartment,16,1711.98,"$419,974.59",Sold,C0167,01-11-2025,419974.59,245.3151263
190141,19,11-01-2025,Apartment,19,1697.73,"$546,860.26",Sold,C0102,01-11-2025,546860.26,322.112621
190251,19,11-01-2025,Office,29,1657.84,"$629,727.03",Sold,C0265,01-11-2025,629727.03,379.8478924
190270,19,11-01-2025,Apartment,31,1089.64,"$294,188.66",Sold,C1973,01-11-2025,294188.66,269.9870232
190372,19,11-01-2025,Apartment,42,1137.59,"$349,796.52",Sold,C1010,01-11-2025,349796.52,307.4890954
190431,19,11-01-2025,Apartment,50,1227.01,"$328,156.51",Sold,C1839,01-11-2025,328156.51,267.4440388
200049,20,11-01-2025,Apartment,5,802.5,"$269,776.61",Sold,C1844,01-11-2025,269776.61,336.1702305
200116,20,11-01-2025,Apartment,16,645.44,"$214,742.16",Sold,C0806,01-11-2025,214742.16,332.7066187
200145,20,11-01-2025,Office,18,1868.01,"$566,409.84",Sold,C0117,01-11-2025,566409.84,303.2156359
200164,20,11-01-2025,Apartment,18,1868.01,"$642,233.35",Sold,C0182,01-11-2025,642233.35,343.8061627
200182,20,11-01-2025,Apartment,19,759.72,"$223,726.64",Sold,C1683,01-11-2025,223726.64,294.4856526
200246,20,11-01-2025,Apartment,30,1703.94,"$569,890.18",Available,,01-11-2025,569890.18,334.4543705
200255,20,11-01-2025,Apartment,30,1703.94,"$503,479.89",Sold,C1426,01-11-2025,503479.89,295.4798232
200262,20,11-01-2025,Apartment,30,1703.94,"$570,549.18",Sold,C0153,01-11-2025,570549.18,334.8411212
200270,20,11-01-2025,Office,31,1414.44,"$432,022.48",Available,,01-11-2025,432022.48,305.43712
200288,20,11-01-2025,Apartment,32,1630.81,"$505,190.92",Available,,01-11-2025,505190.92,309.7791404
200330,20,11-01-2025,Apartment,36,1484.99,"$464,470.15",Sold,C1086,01-11-2025,464470.15,312.776618
200340,20,11-01-2025,Apartment,37,632.35,"$205,480.89",Available,,01-11-2025,205480.89,324.9480351
200408,20,11-01-2025,Apartment,46,1227.49,"$375,996.10",Sold,C1780,01-11-2025,375996.1,306.3129639
200426,20,11-01-2025,Apartment,48,860.8,"$245,686.16",Available,,01-11-2025,245686.16,285.4160781
200501,20,11-01-2025,Office,58,1208.52,"$391,528.70",Sold,C0904,01-11-2025,391528.7,323.9737034
1006,1,12-01-2025,Apartment,6,736.63,"$198,841.70",Sold,C0121,01-12-2025,198841.7,269.9342954
1008,1,12-01-2025,Office,8,775.69,"$246,050.40",Sold,C0058,01-12-2025,246050.4,317.201975
2019,2,12-01-2025,Apartment,19,649.8,"$177,555.06",Sold,C0007,01-12-2025,177555.06,273.2457064
3003,3,12-01-2025,Apartment,3,675.19,"$233,142.80",Sold,C0112,01-12-2025,233142.8,345.2995453
3044,3,12-01-2025,Apartment,44,720.38,"$197,869.36",Sold,C0007,01-12-2025,197869.36,274.6735889
4019,4,12-01-2025,Apartment,19,733.19,"$226,578.51",Sold,C0162,01-12-2025,226578.51,309.031097
5037,5,12-01-2025,Apartment,37,606.33,"$147,343.69",Available,,01-12-2025,147343.69,243.009071
10041,1,12-01-2025,Apartment,5,753.87,"$224,039.90",Sold,C0835,01-12-2025,224039.9,297.1863849
10061,1,12-01-2025,Apartment,8,763.88,"$255,059.25",Available,,01-12-2025,255059.25,333.8996308
10064,1,12-01-2025,Apartment,8,763.88,"$267,545.27",Available,,01-12-2025,267545.27,350.2451563
10200,1,12-01-2025,Office,24,1146.11,"$371,108.69",Sold,C0525,01-12-2025,371108.69,323.7984923
10212,1,12-01-2025,Apartment,24,1146.11,"$332,901.57",Sold,C0666,01-12-2025,332901.57,290.4621459
10239,1,12-01-2025,Apartment,27,725.12,"$212,299.67",Sold,C1284,01-12-2025,212299.67,292.7786711
10252,1,12-01-2025,Office,29,757.2,"$280,255.58",Sold,C0908,01-12-2025,280255.58,370.1209456
10276,1,12-01-2025,Apartment,30,753.29,"$217,191.25",Sold,C1756,01-12-2025,217191.25,288.323554
10325,1,12-01-2025,Apartment,34,1469.14,"$419,517.32",Available,,01-12-2025,419517.32,285.5529902
10345,1,12-01-2025,Apartment,37,758.3,"$212,665.55",Sold,C0701,01-12-2025,212665.55,280.4504154
10380,1,12-01-2025,Apartment,43,1159.2,"$380,589.52",Available,,01-12-2025,380589.52,328.320842
20023,2,12-01-2025,Apartment,3,645.84,"$194,560.69",Sold,C0235,01-12-2025,194560.69,301.2521522
20056,2,12-01-2025,Apartment,6,967.84,"$276,986.59",Sold,C0739,01-12-2025,276986.59,286.1904757
20063,2,12-01-2025,Apartment,8,715.54,"$228,175.89",Sold,C1763,01-12-2025,228175.89,318.8862817
20066,2,12-01-2025,Apartment,8,715.54,"$193,247.56",Available,,01-12-2025,193247.56,270.072337
20080,2,12-01-2025,Apartment,10,788.79,"$247,002.06",Sold,C0421,01-12-2025,247002.06,313.1404556
20105,2,12-01-2025,Apartment,12,1610.5,"$483,688.37",Sold,C1451,01-12-2025,483688.37,300.3342875
20108,2,12-01-2025,Apartment,13,782.33,"$254,517.05",Sold,C1316,01-12-2025,254517.05,325.3320849
20114,2,12-01-2025,Apartment,14,1296.39,"$364,395.62",Available,,01-12-2025,364395.62,281.0848742
20116,2,12-01-2025,Apartment,14,1296.39,"$379,142.42",Sold,C0494,01-12-2025,379142.42,292.4601547
20121,2,12-01-2025,Apartment,15,1603.33,"$545,362.91",Available,,01-12-2025,545362.91,340.1438943
20123,2,12-01-2025,Apartment,15,1603.33,"$484,411.77",Sold,C1944,01-12-2025,484411.77,302.1285512
20147,2,12-01-2025,Apartment,17,1397.4,"$421,336.89",Sold,C0647,01-12-2025,421336.89,301.5148776
20196,2,12-01-2025,Apartment,22,653.41,"$187,153.56",Available,,01-12-2025,187153.56,286.4259194
20218,2,12-01-2025,Apartment,24,785.12,"$191,362.48",Sold,C1697,01-12-2025,191362.48,243.7366008
20237,2,12-01-2025,Apartment,26,1577.79,"$581,627.97",Sold,C1369,01-12-2025,581627.97,368.6345902
20248,2,12-01-2025,Apartment,27,1211.51,"$338,051.96",Sold,C1328,01-12-2025,338051.96,279.0335697
20262,2,12-01-2025,Apartment,31,629.92,"$213,840.74",Available,,01-12-2025,213840.74,339.4728537
20275,2,12-01-2025,Apartment,33,931.4,"$323,223.26",Sold,C0339,01-12-2025,323223.26,347.0294825
20353,2,12-01-2025,Apartment,42,786.45,"$234,308.20",Sold,C1723,01-12-2025,234308.2,297.9314642
20470,2,12-01-2025,Apartment,55,579.26,"$170,336.43",Sold,C0495,01-12-2025,170336.43,294.0586783
20487,2,12-01-2025,Apartment,57,789.52,"$236,588.93",Sold,C0031,01-12-2025,236588.93,299.6617312
20489,2,12-01-2025,Apartment,57,789.52,"$227,269.77",Sold,C0327,01-12-2025,227269.77,287.8581543
30008,3,12-01-2025,Apartment,1,689.75,"$199,928.99",Sold,C1089,01-12-2025,199928.99,289.8571801
30043,3,12-01-2025,Apartment,5,701.19,"$240,775.59",Sold,C1371,01-12-2025,240775.59,343.3813802
30093,3,12-01-2025,Apartment,9,1125.84,"$340,383.54",Sold,C1260,01-12-2025,340383.54,302.3374014
30110,3,12-01-2025,Office,10,784.09,"$229,122.78",Sold,C1683,01-12-2025,229122.78,292.2148988
30179,3,12-01-2025,Office,19,1602.22,"$548,316.40",Sold,C0952,01-12-2025,548316.4,342.2229157
30202,3,12-01-2025,Apartment,21,1122.15,"$326,871.64",Sold,C1693,01-12-2025,326871.64,291.2905048
30228,3,12-01-2025,Apartment,26,923.9,"$290,397.87",Sold,C1985,01-12-2025,290397.87,314.3174261
30231,3,12-01-2025,Apartment,27,1117.14,"$348,620.64",Available,,01-12-2025,348620.64,312.0653096
30269,3,12-01-2025,Apartment,29,666,"$201,414.57",Sold,C0298,01-12-2025,201414.57,302.4242793
30294,3,12-01-2025,Office,36,733.45,"$223,416.12",Sold,C1099,01-12-2025,223416.12,304.6098848
30307,3,12-01-2025,Office,37,659.12,"$177,964.95",Sold,C0818,01-12-2025,177964.95,270.0038688
30335,3,12-01-2025,Apartment,41,965.5,"$246,752.31",Available,,01-12-2025,246752.31,255.5694562
30354,3,12-01-2025,Apartment,44,673.86,"$229,430.73",Available,,01-12-2025,229430.73,340.4723978
30365,3,12-01-2025,Apartment,45,1598.85,"$478,845.33",Sold,C1901,01-12-2025,478845.33,299.4935923
30377,3,12-01-2025,Apartment,46,1599.81,"$451,305.59",Sold,C0002,01-12-2025,451305.59,282.0994931
30396,3,12-01-2025,Apartment,48,783.39,"$226,226.94",Available,,01-12-2025,226226.94,288.7794585
30432,3,12-01-2025,Apartment,50,713.67,"$223,479.12",Sold,C0001,01-12-2025,223479.12,313.1406953
40044,4,12-01-2025,Apartment,4,783.03,"$219,176.28",Sold,C0353,01-12-2025,219176.28,279.9078962
40129,4,12-01-2025,Apartment,15,760.39,"$241,793.69",Sold,C1493,01-12-2025,241793.69,317.9864149
40144,4,12-01-2025,Apartment,18,1294.91,"$331,484.76",Available,,01-12-2025,331484.76,255.9905785
40161,4,12-01-2025,Apartment,20,1609.62,"$493,358.40",Available,,01-12-2025,493358.4,306.5061319
40181,4,12-01-2025,Apartment,22,737.92,"$221,931.40",Sold,C0113,01-12-2025,221931.4,300.7526561
40249,4,12-01-2025,Apartment,30,1307.35,"$366,344.49",Sold,C0384,01-12-2025,366344.49,280.219138
40266,4,12-01-2025,Apartment,31,793.1,"$215,499.41",Available,,01-12-2025,215499.41,271.7178288
40298,4,12-01-2025,Apartment,34,795.1,"$226,963.84",Sold,C0895,01-12-2025,226963.84,285.4532009
40300,4,12-01-2025,Office,35,777.82,"$187,305.08",Sold,C1748,01-12-2025,187305.08,240.8077447
50025,5,12-01-2025,Apartment,5,821.43,"$272,621.22",Sold,C1165,01-12-2025,272621.22,331.8861254
50109,5,12-01-2025,Apartment,13,791.13,"$228,756.40",Sold,C0943,01-12-2025,228756.4,289.1514669
50140,5,12-01-2025,Apartment,18,1267.03,"$383,350.47",Sold,C1358,01-12-2025,383350.47,302.5583214
50232,5,12-01-2025,Apartment,31,1008.52,"$316,398.13",Sold,C0786,01-12-2025,316398.13,313.7251914
50241,5,12-01-2025,Apartment,32,1051.39,"$356,271.34",Sold,C1510,01-12-2025,356271.34,338.8574554
50263,5,12-01-2025,Apartment,35,605.55,"$223,340.65",Sold,C1097,01-12-2025,223340.65,368.8228057
50277,5,12-01-2025,Apartment,36,627.56,"$174,036.19",Sold,C1528,01-12-2025,174036.19,277.3219931
50343,5,12-01-2025,Apartment,44,806.03,"$240,727.61",Available,,01-12-2025,240727.61,298.658375
50366,5,12-01-2025,Apartment,44,806.03,"$226,621.01",Sold,C1521,01-12-2025,226621.01,281.1570413
50381,5,12-01-2025,Apartment,46,1272.95,"$315,056.10",Sold,C0381,01-12-2025,315056.1,247.5007659
50401,5,12-01-2025,Apartment,47,1241.14,"$387,349.97",Sold,C0582,01-12-2025,387349.97,312.0920847
50417,5,12-01-2025,Apartment,48,788.04,"$240,777.19",Available,,01-12-2025,240777.19,305.5393
50423,5,12-01-2025,Apartment,48,788.04,"$245,774.19",Sold,C0130,01-12-2025,245774.19,311.8803487
50434,5,12-01-2025,Apartment,50,1261.07,"$354,560.73",Available,,01-12-2025,354560.73,281.1586431
50447,5,12-01-2025,Apartment,52,1755.18,"$600,255.95",Sold,C0192,01-12-2025,600255.95,341.9911063
60070,6,12-01-2025,Apartment,7,1075.42,"$272,177.18",Sold,C1432,01-12-2025,272177.18,253.0891931
60071,6,12-01-2025,Apartment,7,1075.42,"$355,403.13",Available,,01-12-2025,355403.13,330.4784456
60139,6,12-01-2025,Apartment,12,1678.17,"$525,586.98",Sold,C0889,01-12-2025,525586.98,313.1905468
60158,6,12-01-2025,Office,13,581.47,"$208,297.48",Sold,C0205,01-12-2025,208297.48,358.2256694
60185,6,12-01-2025,Apartment,17,1502.18,"$360,572.24",Available,,01-12-2025,360572.24,240.0326459
60215,6,12-01-2025,Apartment,20,1897.17,"$574,185.82",Sold,C0256,01-12-2025,574185.82,302.6538581
60219,6,12-01-2025,Apartment,20,1897.17,"$526,760.59",Sold,C0291,01-12-2025,526760.59,277.6559771
60260,6,12-01-2025,Office,27,830.65,"$249,999.70",Available,,01-12-2025,249999.7,300.9687594
60305,6,12-01-2025,Office,33,1131,"$267,225.51",Sold,C0523,01-12-2025,267225.51,236.2736605
60317,6,12-01-2025,Apartment,35,999.85,"$255,065.59",Sold,C1288,01-12-2025,255065.59,255.1038556
60322,6,12-01-2025,Apartment,35,999.85,"$314,903.31",Sold,C0933,01-12-2025,314903.31,314.9505526
60354,6,12-01-2025,Apartment,40,1640.68,"$483,705.16",Sold,C1388,01-12-2025,483705.16,294.8199283
60368,6,12-01-2025,Apartment,41,940.72,"$291,458.17",Available,,01-12-2025,291458.17,309.8245705
60394,6,12-01-2025,Apartment,47,550.99,"$169,119.00",Sold,C1578,01-12-2025,169119,306.936605
70022,7,12-01-2025,Apartment,5,1144.09,"$338,846.39",Sold,C0182,01-12-2025,338846.39,296.1710967
70053,7,12-01-2025,Apartment,9,926.11,"$289,279.39",Sold,C1058,01-12-2025,289279.39,312.3596441
70069,7,12-01-2025,Apartment,10,1495.37,"$469,951.83",Sold,C1602,01-12-2025,469951.83,314.2712707
70093,7,12-01-2025,Apartment,13,604.6,"$190,112.97",Sold,C1988,01-12-2025,190112.97,314.444211
70159,7,12-01-2025,Apartment,19,751.07,"$237,334.62",Sold,C1479,01-12-2025,237334.62,315.99534
70171,7,12-01-2025,Apartment,19,751.07,"$229,319.93",Sold,C1727,01-12-2025,229319.93,305.3243107
70283,7,12-01-2025,Apartment,34,1487.05,"$479,080.93",Sold,C0069,01-12-2025,479080.93,322.1686762
70313,7,12-01-2025,Apartment,38,1755.26,"$492,244.23",Available,,01-12-2025,492244.23,280.4394961
70332,7,12-01-2025,Apartment,39,1298.32,"$349,589.05",Sold,C0684,01-12-2025,349589.05,269.262624
70363,7,12-01-2025,Apartment,42,702.08,"$208,194.97",Sold,C1684,01-12-2025,208194.97,296.5402376
70371,7,12-01-2025,Apartment,43,498.61,"$173,233.18",Sold,C0219,01-12-2025,173233.18,347.4322216
70401,7,12-01-2025,Apartment,47,1033.08,"$312,842.27",Sold,C1102,01-12-2025,312842.27,302.8248248
70435,7,12-01-2025,Office,51,648.27,"$160,146.36",Sold,C0596,01-12-2025,160146.36,247.0365126
70472,7,12-01-2025,Apartment,55,601.23,"$153,831.90",Sold,C1580,01-12-2025,153831.9,255.8619829
70502,7,12-01-2025,Apartment,58,1629.83,"$535,798.14",Sold,C0128,01-12-2025,535798.14,328.7448016
80001,8,12-01-2025,Apartment,1,1109.29,"$313,855.45",Sold,C1087,01-12-2025,313855.45,282.9336332
80006,8,12-01-2025,Apartment,1,1109.29,"$343,480.35",Sold,C0710,01-12-2025,343480.35,309.6398147
80008,8,12-01-2025,Apartment,1,1109.29,"$359,701.01",Sold,C0902,01-12-2025,359701.01,324.262375
80064,8,12-01-2025,Apartment,6,1370.17,"$392,405.21",Sold,C1392,01-12-2025,392405.21,286.3916229
80066,8,12-01-2025,Apartment,7,1352.74,"$450,542.24",Sold,C0830,01-12-2025,450542.24,333.0590062
80077,8,12-01-2025,Apartment,9,1869.81,"$623,455.64",Sold,C1022,01-12-2025,623455.64,333.4326161
80086,8,12-01-2025,Apartment,9,1869.81,"$630,466.93",Sold,C1519,01-12-2025,630466.93,337.1823501
80121,8,12-01-2025,Apartment,14,685.93,"$211,248.28",Sold,C0539,01-12-2025,211248.28,307.973525
80128,8,12-01-2025,Apartment,15,534.85,"$157,988.27",Available,,01-12-2025,157988.27,295.3879966
80140,8,12-01-2025,Office,17,1109.27,"$330,111.23",Available,,01-12-2025,330111.23,297.593219
80290,8,12-01-2025,Office,34,1684.75,"$599,958.23",Sold,C1308,01-12-2025,599958.23,356.1111322
80301,8,12-01-2025,Apartment,34,1684.75,"$460,742.05",Available,,01-12-2025,460742.05,273.4779938
80341,8,12-01-2025,Apartment,38,1565.91,"$448,751.85",Available,,01-12-2025,448751.85,286.5757611
80344,8,12-01-2025,Apartment,39,1290.89,"$344,279.20",Sold,C0970,01-12-2025,344279.2,266.6990991
80419,8,12-01-2025,Apartment,48,480.99,"$122,725.68",Sold,C1434,01-12-2025,122725.68,255.1522485
80427,8,12-01-2025,Apartment,49,1081,"$300,111.63",Sold,C0971,01-12-2025,300111.63,277.6240796
80475,8,12-01-2025,Apartment,55,1300.05,"$360,107.58",Available,,01-12-2025,360107.58,276.9951771
90100,9,12-01-2025,Apartment,16,924.6,"$301,111.41",Sold,C0153,01-12-2025,301111.41,325.6666775
90103,9,12-01-2025,Apartment,16,924.6,"$279,569.54",Sold,C1930,01-12-2025,279569.54,302.3680943
90105,9,12-01-2025,Apartment,16,924.6,"$290,945.79",Available,,01-12-2025,290945.79,314.6720636
90107,9,12-01-2025,Apartment,17,1481.32,"$448,326.14",Sold,C1794,01-12-2025,448326.14,302.6531337
90138,9,12-01-2025,Apartment,21,1261.65,"$322,402.24",Sold,C0847,01-12-2025,322402.24,255.5401577
90175,9,12-01-2025,Apartment,26,1038.39,"$274,444.30",Sold,C1786,01-12-2025,274444.3,264.2979035
90302,9,12-01-2025,Office,37,731.44,"$232,892.02",Sold,C1505,01-12-2025,232892.02,318.4020836
90319,9,12-01-2025,Apartment,38,1260.31,"$369,333.99",Available,,01-12-2025,369333.99,293.0501147
90336,9,12-01-2025,Apartment,40,1090.32,"$335,497.43",Sold,C0598,01-12-2025,335497.43,307.7054718
90362,9,12-01-2025,Apartment,43,1908.91,"$475,625.61",Available,,01-12-2025,475625.61,249.1608352
90382,9,12-01-2025,Apartment,45,786.13,"$249,761.11",Sold,C1548,01-12-2025,249761.11,317.7096791
90389,9,12-01-2025,Office,46,662.32,"$218,823.87",Available,,01-12-2025,218823.87,330.3899475
90407,9,12-01-2025,Apartment,52,1126.02,"$341,208.08",Sold,C1947,01-12-2025,341208.08,303.0213318
90418,9,12-01-2025,Apartment,53,599.72,"$168,105.15",Sold,C1652,01-12-2025,168105.15,280.3060595
90432,9,12-01-2025,Apartment,55,1182.51,"$329,392.09",Available,,01-12-2025,329392.09,278.553323
90503,9,12-01-2025,Apartment,58,838.34,"$289,916.64",Available,,01-12-2025,289916.64,345.8222678
100002,10,12-01-2025,Apartment,1,1006.89,"$345,031.43",Sold,C0838,01-12-2025,345031.43,342.6704307
100025,10,12-01-2025,Apartment,4,1765.37,"$581,087.19",Sold,C1123,01-12-2025,581087.19,329.1588675
100059,10,12-01-2025,Office,6,842.66,"$258,394.11",Sold,C0281,01-12-2025,258394.11,306.6410059
100061,10,12-01-2025,Apartment,8,1054.86,"$294,829.76",Sold,C0907,01-12-2025,294829.76,279.4965777
100130,10,12-01-2025,Office,17,647.35,"$172,208.75",Available,,01-12-2025,172208.75,266.021086
100220,10,12-01-2025,Apartment,27,777.35,"$192,322.86",Sold,C0700,01-12-2025,192322.86,247.4083231
100262,10,12-01-2025,Office,31,1499,"$494,246.62",Sold,C0058,01-12-2025,494246.62,329.7175584
100284,10,12-01-2025,Apartment,33,1010.7,"$256,264.72",Sold,C0650,01-12-2025,256264.72,253.5517166
100312,10,12-01-2025,Apartment,37,1177.85,"$423,654.20",Sold,C1865,01-12-2025,423654.2,359.6843401
100338,10,12-01-2025,Apartment,40,1322.98,"$519,106.96",Sold,C0426,01-12-2025,519106.96,392.3770276
100342,10,12-01-2025,Apartment,41,1750.64,"$487,726.42",Available,,01-12-2025,487726.42,278.5989238
100391,10,12-01-2025,Apartment,45,1119.1,"$388,898.15",Sold,C1749,01-12-2025,388898.15,347.50974
100410,10,12-01-2025,Apartment,48,1421.82,"$450,915.03",Sold,C1946,01-12-2025,450915.03,317.1393214
100418,10,12-01-2025,Office,50,1138.32,"$401,935.35",Sold,C0735,01-12-2025,401935.35,353.0952193
110001,11,12-01-2025,Apartment,1,1902.88,"$551,096.05",Sold,C1216,01-12-2025,551096.05,289.6115625
110012,11,12-01-2025,Apartment,2,938,"$333,788.69",Sold,C0606,01-12-2025,333788.69,355.8514819
110021,11,12-01-2025,Apartment,3,1479.84,"$416,304.72",Sold,C0055,01-12-2025,416304.72,281.3173857
110137,11,12-01-2025,Apartment,14,524.68,"$156,613.99",Sold,C0886,01-12-2025,156613.99,298.4943013
110195,11,12-01-2025,Apartment,23,1098.83,"$322,447.96",Available,,01-12-2025,322447.96,293.4466296
110230,11,12-01-2025,Apartment,28,868.85,"$240,965.61",Sold,C0199,01-12-2025,240965.61,277.3385625
110281,11,12-01-2025,Apartment,34,680.07,"$183,121.51",Sold,C0465,01-12-2025,183121.51,269.2686194
110286,11,12-01-2025,Apartment,34,680.07,"$223,537.47",Sold,C0557,01-12-2025,223537.47,328.697737
110310,11,12-01-2025,Office,38,788.47,"$213,799.71",Sold,C0066,01-12-2025,213799.71,271.1576978
110358,11,12-01-2025,Apartment,42,808.59,"$224,518.89",Sold,C0277,01-12-2025,224518.89,277.6671614
110395,11,12-01-2025,Apartment,47,1456.74,"$498,632.69",Sold,C1807,01-12-2025,498632.69,342.293539
110404,11,12-01-2025,Apartment,48,661.7,"$220,504.09",Sold,C1769,01-12-2025,220504.09,333.2387638
110418,11,12-01-2025,Apartment,49,1095.85,"$337,603.60",Sold,C1797,01-12-2025,337603.6,308.0746453
110492,11,12-01-2025,Apartment,58,1159.31,"$259,231.73",Sold,C0969,01-12-2025,259231.73,223.6086379
110497,11,12-01-2025,Apartment,59,782.92,"$243,787.47",Available,,01-12-2025,243787.47,311.3823507
110526,11,12-01-2025,Apartment,62,1938.82,"$644,513.43",Available,,01-12-2025,644513.43,332.4256145
110529,11,12-01-2025,Apartment,62,1938.82,"$648,020.11",Sold,C0245,01-12-2025,648020.11,334.2342817
110534,11,12-01-2025,Apartment,62,1938.82,"$518,507.57",Sold,C0119,01-12-2025,518507.57,267.4346097
110559,11,12-01-2025,Apartment,65,1427.09,"$496,840.91",Sold,C1564,01-12-2025,496840.91,348.1496682
120066,12,12-01-2025,Apartment,8,1803.36,"$551,363.70",Sold,C0158,01-12-2025,551363.7,305.7424474
120096,12,12-01-2025,Apartment,12,959.05,"$230,717.53",Available,,01-12-2025,230717.53,240.5688233
120097,12,12-01-2025,Apartment,12,959.05,"$324,581.41",Sold,C1601,01-12-2025,324581.41,338.4405505
120149,12,12-01-2025,Office,17,1428.55,"$414,273.14",Sold,C0240,01-12-2025,414273.14,289.9955479
120201,12,12-01-2025,Apartment,22,892.67,"$278,444.81",Available,,01-12-2025,278444.81,311.9235664
120217,12,12-01-2025,Apartment,24,1306.75,"$372,873.56",Sold,C1041,01-12-2025,372873.56,285.3442204
120263,12,12-01-2025,Office,28,1563.65,"$563,520.95",Sold,C1462,01-12-2025,563520.95,360.3881623
120399,12,12-01-2025,Apartment,47,1528.05,"$441,435.94",Available,,01-12-2025,441435.94,288.8884133
130014,13,12-01-2025,Apartment,1,1899.92,"$510,953.78",Available,,01-12-2025,510953.78,268.9343657
130016,13,12-01-2025,Apartment,1,1899.92,"$621,646.32",Sold,C0661,01-12-2025,621646.32,327.1960504
130022,13,12-01-2025,Apartment,2,1651.02,"$438,704.41",Sold,C0093,01-12-2025,438704.41,265.7171991
130064,13,12-01-2025,Apartment,7,1115.82,"$279,299.14",Sold,C1459,01-12-2025,279299.14,250.3084189
130074,13,12-01-2025,Apartment,9,1448.68,"$467,397.36",Sold,C0908,01-12-2025,467397.36,322.6367176
130078,13,12-01-2025,Apartment,10,1314.38,"$368,940.08",Sold,C0636,01-12-2025,368940.08,280.6951414
130079,13,12-01-2025,Apartment,10,1314.38,"$402,388.87",Available,,01-12-2025,402388.87,306.1434821
130107,13,12-01-2025,Apartment,13,585.77,"$167,021.08",Sold,C0094,01-12-2025,167021.08,285.1308193
130131,13,12-01-2025,Apartment,15,458.29,"$137,979.81",Sold,C0474,01-12-2025,137979.81,301.0753235
130154,13,12-01-2025,Office,18,1820.34,"$631,423.89",Available,,01-12-2025,631423.89,346.8714031
130166,13,12-01-2025,Apartment,19,758.69,"$232,676.83",Sold,C1180,01-12-2025,232676.83,306.6823472
130170,13,12-01-2025,Apartment,20,516.72,"$163,877.93",Available,,01-12-2025,163877.93,317.1503522
130196,13,12-01-2025,Apartment,22,1811.36,"$595,167.57",Sold,C0134,01-12-2025,595167.57,328.5749768
130276,13,12-01-2025,Apartment,32,1114.07,"$375,777.23",Sold,C1744,01-12-2025,375777.23,337.3012737
130295,13,12-01-2025,Apartment,33,1445.84,"$361,953.92",Sold,C1871,01-12-2025,361953.92,250.3416146
130309,13,12-01-2025,Apartment,34,1557,"$498,675.17",Sold,C1290,01-12-2025,498675.17,320.2794926
130382,13,12-01-2025,Apartment,43,1875.83,"$548,576.41",Sold,C0807,01-12-2025,548576.41,292.4446298
130411,13,12-01-2025,Apartment,47,1874.35,"$529,254.85",Sold,C0360,01-12-2025,529254.85,282.3671406
130490,13,12-01-2025,Apartment,57,1717.49,"$477,356.80",Sold,C0690,01-12-2025,477356.8,277.9386197
130496,13,12-01-2025,Apartment,57,1717.49,"$648,243.90",Available,,01-12-2025,648243.9,377.4367827
130555,13,12-01-2025,Apartment,64,792.66,"$253,669.32",Sold,C0339,01-12-2025,253669.32,320.0228597
130572,13,12-01-2025,Office,67,524.97,"$185,709.66",Sold,C0813,01-12-2025,185709.66,353.7529002
140021,14,12-01-2025,Office,4,1797.81,"$598,226.98",Sold,C0188,01-12-2025,598226.98,332.7531719
140033,14,12-01-2025,Apartment,5,424.34,"$104,223.52",Available,,01-12-2025,104223.52,245.6132347
140055,14,12-01-2025,Office,8,618.89,"$215,053.02",Sold,C0338,01-12-2025,215053.02,347.4818142
140070,14,12-01-2025,Apartment,9,803.5,"$247,414.28",Sold,C1234,01-12-2025,247414.28,307.920697
140125,14,12-01-2025,Apartment,13,442.74,"$122,946.25",Available,,01-12-2025,122946.25,277.6940191
140169,14,12-01-2025,Office,17,686.6,"$201,168.09",Sold,C0720,01-12-2025,201168.09,292.9916837
140213,14,12-01-2025,Apartment,23,1610.37,"$584,831.47",Available,,01-12-2025,584831.47,363.1658998
140266,14,12-01-2025,Apartment,29,1618.34,"$394,827.74",Sold,C0275,01-12-2025,394827.74,243.970822
140329,14,12-01-2025,Apartment,39,1811.84,"$456,636.39",Sold,C1426,01-12-2025,456636.39,252.029092
140338,14,12-01-2025,Apartment,40,532.44,"$158,985.82",Sold,C1930,01-12-2025,158985.82,298.5985651
140403,14,12-01-2025,Apartment,48,1941.78,"$581,591.93",Sold,C1786,01-12-2025,581591.93,299.5148421
140410,14,12-01-2025,Apartment,49,1231.75,"$390,024.91",Sold,C0583,01-12-2025,390024.91,316.6429146
140443,14,12-01-2025,Apartment,52,571.74,"$175,048.68",Available,,01-12-2025,175048.68,306.1683283
140461,14,12-01-2025,Apartment,55,1415.9,"$451,347.51",Sold,C1340,01-12-2025,451347.51,318.7707536
150065,15,12-01-2025,Apartment,10,1072.95,"$269,886.57",Sold,C0271,01-12-2025,269886.57,251.5369495
150071,15,12-01-2025,Apartment,10,1072.95,"$248,482.96",Sold,C0542,01-12-2025,248482.96,231.5885736
150080,15,12-01-2025,Apartment,12,992.68,"$292,138.69",Sold,C1523,01-12-2025,292138.69,294.2929141
150088,15,12-01-2025,Apartment,14,1832.17,"$495,462.12",Available,,01-12-2025,495462.12,270.4236616
150124,15,12-01-2025,Apartment,16,1692.61,"$605,784.18",Sold,C0385,01-12-2025,605784.18,357.8994452
150125,15,12-01-2025,Apartment,16,1692.61,"$551,828.54",Sold,C1140,01-12-2025,551828.54,326.0222615
150156,15,12-01-2025,Apartment,20,1662.01,"$544,081.20",Sold,C1525,01-12-2025,544081.2,327.3633733
150168,15,12-01-2025,Apartment,22,1317.29,"$337,265.16",Sold,C0308,01-12-2025,337265.16,256.0295455
150209,15,12-01-2025,Apartment,24,924.36,"$282,320.19",Sold,C1833,01-12-2025,282320.19,305.4223355
150219,15,12-01-2025,Apartment,25,607.01,"$197,503.46",Sold,C0743,01-12-2025,197503.46,325.3710153
150221,15,12-01-2025,Apartment,26,961.01,"$334,454.42",Sold,C0622,01-12-2025,334454.42,348.0238707
150273,15,12-01-2025,Apartment,32,1338.63,"$389,495.74",Sold,C1194,01-12-2025,389495.74,290.9659428
150307,15,12-01-2025,Apartment,35,745.49,"$221,227.26",Sold,C0082,01-12-2025,221227.26,296.7541617
150320,15,12-01-2025,Apartment,36,1424.81,"$422,938.38",Available,,01-12-2025,422938.38,296.8384416
150328,15,12-01-2025,Apartment,38,585.57,"$171,741.96",Sold,C0995,01-12-2025,171741.96,293.29023
150343,15,12-01-2025,Apartment,39,1713.42,"$447,350.47",Sold,C1817,01-12-2025,447350.47,261.0862894
150359,15,12-01-2025,Apartment,43,1655.05,"$486,957.94",Sold,C0195,01-12-2025,486957.94,294.2255158
150405,15,12-01-2025,Apartment,51,1689.08,"$534,107.07",Sold,C1442,01-12-2025,534107.07,316.2118254
150429,15,12-01-2025,Apartment,53,696.04,"$260,013.87",Sold,C1651,01-12-2025,260013.87,373.5616775
150430,15,12-01-2025,Apartment,53,696.04,"$212,562.05",Sold,C1497,01-12-2025,212562.05,305.3876932
150463,15,12-01-2025,Office,56,939.93,"$332,240.58",Available,,01-12-2025,332240.58,353.473748
150478,15,12-01-2025,Office,57,429.34,"$140,270.18",Sold,C1064,01-12-2025,140270.18,326.7111846
150490,15,12-01-2025,Apartment,58,1750.89,"$584,089.31",Available,,01-12-2025,584089.31,333.5956628
150517,15,12-01-2025,Apartment,60,1033.2,"$282,882.02",Available,,01-12-2025,282882.02,273.7921216
160048,16,12-01-2025,Apartment,6,1062.34,"$312,301.20",Available,,01-12-2025,312301.2,293.9748103
160051,16,12-01-2025,Office,6,1062.34,"$345,683.12",Sold,C0522,01-12-2025,345683.12,325.3978199
160098,16,12-01-2025,Apartment,11,1288.42,"$380,581.55",Available,,01-12-2025,380581.55,295.3862483
160130,16,12-01-2025,Office,15,1365.29,"$485,729.33",Sold,C0187,01-12-2025,485729.33,355.7700782
160159,16,12-01-2025,Office,20,1096.33,"$328,838.91",Sold,C0772,01-12-2025,328838.91,299.9451899
160197,16,12-01-2025,Office,24,1077.77,"$411,693.07",Available,,01-12-2025,411693.07,381.9860174
160226,16,12-01-2025,Apartment,27,1164.55,"$394,988.77",Available,,01-12-2025,394988.77,339.1771671
160254,16,12-01-2025,Apartment,29,489.49,"$161,650.21",Available,,01-12-2025,161650.21,330.2421091
160323,16,12-01-2025,Apartment,38,431.83,"$131,261.13",Sold,C1205,01-12-2025,131261.13,303.9648241
160324,16,12-01-2025,Apartment,38,431.83,"$141,634.15",Sold,C0269,01-12-2025,141634.15,327.9858972
160329,16,12-01-2025,Apartment,39,1562.93,"$479,212.80",Sold,C0646,01-12-2025,479212.8,306.6118124
160385,16,12-01-2025,Apartment,44,1695.03,"$571,089.66",Sold,C0927,01-12-2025,571089.66,336.9200899
160390,16,12-01-2025,Apartment,45,1653.49,"$465,826.16",Sold,C0977,01-12-2025,465826.16,281.722998
170033,17,12-01-2025,Office,2,1738.5,"$544,862.08",Sold,C1829,01-12-2025,544862.08,313.4093069
170051,17,12-01-2025,Apartment,6,1739.03,"$484,217.81",Available,,01-12-2025,484217.81,278.4413207
170053,17,12-01-2025,Apartment,7,1300.91,"$396,586.67",Sold,C1606,01-12-2025,396586.67,304.8532719
170059,17,12-01-2025,Apartment,7,1300.91,"$435,938.93",Available,,01-12-2025,435938.93,335.1030663
170123,17,12-01-2025,Apartment,14,1646.02,"$534,790.76",Sold,C1277,01-12-2025,534790.76,324.8993086
170210,17,12-01-2025,Apartment,23,1025.52,"$366,080.74",Sold,C1141,01-12-2025,366080.74,356.9708441
170235,17,12-01-2025,Apartment,27,677.24,"$205,598.72",Sold,C0719,01-12-2025,205598.72,303.5832497
170240,17,12-01-2025,Apartment,27,677.24,"$210,136.82",Sold,C0975,01-12-2025,210136.82,310.2841238
170257,17,12-01-2025,Apartment,31,1806.06,"$587,056.34",Available,,01-12-2025,587056.34,325.0480826
170272,17,12-01-2025,Apartment,33,1532.89,"$452,395.80",Available,,01-12-2025,452395.8,295.1260691
170314,17,12-01-2025,Office,39,1341.67,"$385,358.62",Sold,C1405,01-12-2025,385358.62,287.2231026
170352,17,12-01-2025,Apartment,45,1574.3,"$462,346.45",Sold,C1354,01-12-2025,462346.45,293.6838277
170381,17,12-01-2025,Office,47,1106.83,"$300,057.11",Sold,C1702,01-12-2025,300057.11,271.0959316
170399,17,12-01-2025,Apartment,48,1833.96,"$584,971.87",Sold,C1273,01-12-2025,584971.87,318.9665369
180019,18,12-01-2025,Apartment,3,524.48,"$145,719.42",Sold,C1737,01-12-2025,145719.42,277.8359899
180059,18,12-01-2025,Apartment,6,840.25,"$200,909.52",Available,,01-12-2025,200909.52,239.1068373
180081,18,12-01-2025,Apartment,11,507.04,"$145,443.17",Sold,C0944,01-12-2025,145443.17,286.8475268
180103,18,12-01-2025,Apartment,14,1742.3,"$552,490.44",Sold,C1513,01-12-2025,552490.44,317.1040808
180139,18,12-01-2025,Apartment,18,1127.95,"$360,056.73",Sold,C1916,01-12-2025,360056.73,319.2133783
180179,18,12-01-2025,Apartment,23,1659.02,"$542,607.18",Sold,C0792,01-12-2025,542607.18,327.0648817
180182,18,12-01-2025,Apartment,23,1659.02,"$479,876.57",Sold,C0142,01-12-2025,479876.57,289.2530349
180204,18,12-01-2025,Office,26,1147.71,"$350,791.53",Sold,C1401,01-12-2025,350791.53,305.6447448
180237,18,12-01-2025,Apartment,29,578.36,"$171,091.26",Sold,C1616,01-12-2025,171091.26,295.8213915
180351,18,12-01-2025,Apartment,40,990.46,"$256,435.44",Sold,C1403,01-12-2025,256435.44,258.9053975
180396,18,12-01-2025,Apartment,45,1627.52,"$464,754.23",Sold,C1259,01-12-2025,464754.23,285.5597658
180423,18,12-01-2025,Apartment,48,564.59,"$168,474.31",Sold,C1919,01-12-2025,168474.31,298.4011584
180434,18,12-01-2025,Apartment,49,1457.92,"$425,283.53",Available,,01-12-2025,425283.53,291.7056697
180450,18,12-01-2025,Apartment,50,854.74,"$292,067.45",Sold,C0225,01-12-2025,292067.45,341.7032665
180460,18,12-01-2025,Office,52,1424.54,"$370,252.38",Sold,C1547,01-12-2025,370252.38,259.9101324
180509,18,12-01-2025,Apartment,56,1311.59,"$404,881.60",Available,,01-12-2025,404881.6,308.6952478
180537,18,12-01-2025,Office,61,1019.7,"$278,882.50",Sold,C0179,01-12-2025,278882.5,273.4946553
180551,18,12-01-2025,Apartment,63,1855.14,"$554,198.64",Sold,C0923,01-12-2025,554198.64,298.7368285
180567,18,12-01-2025,Apartment,66,1631.24,"$508,529.45",Available,,01-12-2025,508529.45,311.7441026
180586,18,12-01-2025,Apartment,68,1445.28,"$376,315.89",Available,,01-12-2025,376315.89,260.375768
190015,19,12-01-2025,Apartment,4,1225.38,"$338,955.08",Sold,C0235,01-12-2025,338955.08,276.6122183
190066,19,12-01-2025,Office,10,747.71,"$205,334.04",Sold,C1134,01-12-2025,205334.04,274.6172179
190138,19,12-01-2025,Apartment,18,1599.44,"$488,639.08",Sold,C1013,01-12-2025,488639.08,305.5063522
190145,19,12-01-2025,Apartment,19,1697.73,"$558,396.13",Sold,C0647,01-12-2025,558396.13,328.9075
190150,19,12-01-2025,Office,19,1697.73,"$492,332.08",Sold,C0319,01-12-2025,492332.08,289.9943336
190184,19,12-01-2025,Apartment,22,935.25,"$207,543.49",Sold,C1164,01-12-2025,207543.49,221.9123122
190345,19,12-01-2025,Apartment,40,893.49,"$290,012.16",Sold,C1987,01-12-2025,290012.16,324.5835544
190348,19,12-01-2025,Office,41,1657.19,"$544,140.97",Available,,01-12-2025,544140.97,328.3515891
190402,19,12-01-2025,Apartment,46,1926.19,"$602,056.71",Sold,C0166,01-12-2025,602056.71,312.5635114
200010,20,12-01-2025,Apartment,1,1898.39,"$467,528.98",Sold,C1033,01-12-2025,467528.98,246.2765712
200083,20,12-01-2025,Apartment,11,1722.28,"$481,702.43",Available,,01-12-2025,481702.43,279.6888021
200129,20,12-01-2025,Apartment,16,645.44,"$169,917.79",Sold,C1834,01-12-2025,169917.79,263.2588467
200169,20,12-01-2025,Office,19,759.72,"$255,423.12",Sold,C1471,01-12-2025,255423.12,336.2069183
200178,20,12-01-2025,Apartment,19,759.72,"$224,217.07",Sold,C0630,01-12-2025,224217.07,295.1311931
200212,20,12-01-2025,Apartment,26,1941.62,"$487,446.59",Available,,01-12-2025,487446.59,251.0514879
200247,20,12-01-2025,Apartment,30,1703.94,"$467,957.38",Sold,C1334,01-12-2025,467957.38,274.6325457
200263,20,12-01-2025,Office,30,1703.94,"$538,035.23",Sold,C1066,01-12-2025,538035.23,315.7594927
200307,20,12-01-2025,Apartment,33,630.53,"$217,209.99",Available,,01-12-2025,217209.99,344.4879546
200381,20,12-01-2025,Apartment,42,811.56,"$225,326.30",Available,,01-12-2025,225326.3,277.6458919
200404,20,12-01-2025,Apartment,46,1227.49,"$359,645.92",Available,,01-12-2025,359645.92,292.9929531
200405,20,12-01-2025,Apartment,46,1227.49,"$404,637.37",Sold,C0541,01-12-2025,404637.37,329.6461641
200417,20,12-01-2025,Apartment,48,860.8,"$271,177.34",Available,,01-12-2025,271177.34,315.0294377
200429,20,12-01-2025,Apartment,48,860.8,"$265,186.67",Sold,C1412,01-12-2025,265186.67,308.0700163
200430,20,12-01-2025,Apartment,48,860.8,"$288,189.74",Sold,C0504,01-12-2025,288189.74,334.7929136
200449,20,12-01-2025,Apartment,51,1062.33,"$328,980.19",Available,,01-12-2025,328980.19,309.6779626
990014,4,12-01-2025,Apartment,13,733.19,"$217,357.63",Available,,01-12-2025,217357.63,296.4547116
